date,yield_ust,CPI,Unemployment_Rate,GDP_Growth_Rate,S&P500_Index,VIX_Index,Brent_Oil_Price,Euro_Bond_Yield,Dollar_Index
2019-12-05,1.8,0.31,0.75,0.27,4646.08,23.09,99.37613624,1.52,99.12
2019-12-06,1.84,0.48,0.76,0.31,4983.4,24.67,60.08329449,1.22,94.54
2019-12-07,1.83,0.37,0.69,0.42,4978.93,27.77,111.2163353,1.25,93.92
2019-12-08,1.85,0.32,0.75,0.02,4711.52,30.57,99.6448259,1.09,100.34
2019-12-09,1.79,0.39,0.58,0.27,5035.39,32.84,71.74191563,1.31,94.73
2019-12-10,1.9,0.28,0.71,0.23,4572.34,23.3,60.19432553,0.99,102.64
2019-12-11,1.82,0.25,0.62,0.39,4610.06,23.41,118.3380083,0.96,88.57
2019-12-12,1.89,0.23,0.63,0.5,4736.5,35.12,105.2807842,1.29,91.91
2019-12-13,1.89,0.41,0.67,0.22,4838.34,36.88,81.90307208,1.14,103.58
2019-12-14,1.92,0.38,0.61,0.57,4750.93,23.12,85.96730595,1.38,95.22
2019-12-15,1.92,0.3,0.59,0.29,4697.67,24.31,92.33163071,0.77,95.85
2019-12-16,1.92,0.28,0.62,0.45,4834.72,31.41,103.1176742,1.44,99.55
2019-12-17,1.93,0.37,0.65,0.37,4798.22,28.5,70.37585799,1.35,102.54
2019-12-18,1.9,0.37,0.55,0.38,4774.96,28.93,71.74374301,1.12,99.4
2019-12-20,1.9,0.44,0.63,0.45,4951.36,23.77,62.89618073,1.22,98.76
2019-12-21,1.88,0.27,0.68,0.33,4866.72,31.85,119.1476543,1.3,100.75
2019-12-22,1.9,0.25,0.58,0.24,4828.79,27.18,112.5342593,0.96,98.68
2019-12-23,1.92,0.3,0.6,0.36,4916.58,26.83,93.17748082,1.19,102.25
2019-12-25,1.88,0.48,0.57,0.47,4944.26,21.77,85.81641874,1.29,111.86
2019-12-26,1.8,0.38,0.7,0.59,4742.84,32.91,74.24639716,0.7,98.57
2019-12-27,1.81,0.22,0.88,0.23,4593.22,27.71,95.69896786,1.12,91.18
2019-12-28,1.83,0.31,0.64,0.17,4579.92,28.99,101.4306215,0.81,100.98
2019-12-29,1.87,0.39,0.68,0.41,4774.9,34.44,101.3509664,1.37,95.78
2019-12-30,1.85,0.42,0.57,0.14,4815.47,22.79,60.38616828,1.47,98.66
2019-12-31,1.83,0.32,0.55,0.35,4857.76,27.36,102.1223352,1.52,99.04
2020-01-01,1.85,0.3,0.6,0.25,5052.87,19.34,111.9823711,1.22,94.97
2020-01-02,1.82,0.28,0.6,0.43,4971.49,25.32,66.89500109,1.14,95.21
2020-01-03,1.79,0.19,0.68,0.46,4655.97,35.74,105.3226207,0.67,84.16
2020-01-04,1.81,0.38,0.71,0.16,4824.92,20.99,109.3943156,1.27,95.79
2020-01-05,1.84,0.29,0.89,0.02,4486.03,31.27,76.5701631,0.69,97.72
2020-01-07,1.78,0.29,0.58,0.35,4797.81,36.92,102.7263715,0.82,96.17
2020-01-08,1.77,0.2,0.61,0.33,4739.95,31.91,65.80529238,1.02,93.54
2020-01-09,1.74,0.17,0.78,0.42,4335.12,27.67,98.95272791,0.72,96.3
2020-01-10,1.7,0.33,0.6,0.23,5033.59,21.79,90.61976106,1.07,92.94
2020-01-11,1.61,0.28,0.84,0.15,4543.62,19.95,110.9911288,1.05,90.11
2020-01-12,1.65,0.26,0.98,0.29,4337.92,38.59,87.11805663,1.1,96.86
2020-01-13,1.6,0.16,0.65,0.25,4670.91,27.46,85.68574971,1.15,98.34
2020-01-14,1.57,0.31,0.77,0.26,4828.19,19.19,116.0270906,1.22,99.36
2020-01-15,1.51,0.32,0.64,0.27,4794.26,23.13,116.0560051,1.41,95.27
2020-01-16,1.54,0.25,0.77,0.23,4536.99,24.14,62.14269788,1.07,100.93
2020-01-17,1.61,0.28,0.64,0.21,4632.73,26.76,89.13390316,0.97,90.14
2020-01-18,1.66,0.38,0.55,0.41,5051.35,40.12,69.65745609,1.03,95.34
2020-01-19,1.65,0.34,0.74,0.45,4718.96,33.89,76.42237306,1.18,99.47
2020-01-20,1.59,0.3,0.74,0.37,4549.34,31.46,99.96842055,0.88,100.26
2020-01-21,1.56,0.32,0.85,0.27,4726.38,34.85,67.7572727,1.18,92.28
2020-01-22,1.59,0.21,0.78,0.35,4425.89,39.38,60.67622961,0.89,105.5
2020-01-23,1.62,0.25,0.71,0.21,4930.45,30.74,103.6274186,1.02,96.25
2020-01-24,1.61,0.33,0.89,0.01,4443.83,37.19,98.48065717,0.83,95.45
2020-01-25,1.59,0.28,0.71,0.45,4473.34,26.67,114.1598571,1.21,100.02
2020-01-27,1.55,0.29,0.62,0.26,4578.44,25.15,92.53860727,0.88,103.29
2020-01-28,1.56,0.26,0.72,0.13,4708.92,23.62,116.7198415,1.07,96.53
2020-01-29,1.52,0.34,0.62,0.26,4705.18,30.61,96.55880168,0.99,101.73
2020-01-30,1.46,0.25,0.88,0.13,4498.37,16.78,83.22902192,1.22,92.79
2020-01-31,1.38,0.17,0.74,0.16,4555.07,36.6,96.50782232,1.31,103.37
2020-02-01,1.33,0.28,0.55,0.21,4547.09,27.09,104.9508162,1.23,95.63
2020-02-02,1.33,0.27,0.65,0.37,4467.54,34.51,80.85246916,0.89,96.19
2020-02-03,1.3,0.16,0.84,0.12,4217.54,24.16,82.35149623,0.96,92.14
2020-02-04,1.13,0.16,0.86,0.27,4207.82,37.17,97.79623769,0.66,94.47
2020-02-05,1.1,0.23,0.76,0.33,4361.05,37.48,87.33551737,0.99,90.78
2020-02-06,1.02,0.2,0.94,0.45,4105.34,32.71,91.61839237,0.43,92.49
2020-02-07,1.02,0.08,0.81,0.2,3822.65,35.42,118.9248979,0.77,92.31
2020-02-08,0.92,0.24,0.74,0.12,4022.68,27.06,62.62649594,0.77,87.53
2020-02-09,0.74,0.12,0.95,0.19,4017.3,32.93,98.87402238,0.82,89.44
2020-02-10,0.54,0.04,0.75,0.27,3938.95,37.62,115.3731279,0.72,81.75
2020-02-11,0.76,-0.05,1.14,0.07,3677.1,32.17,74.17268439,0.8,85.11
2020-02-12,0.82,0.11,0.75,0.21,4049.6,39.71,72.72165566,0.64,92.85
2020-02-13,0.88,0.28,0.78,0.46,4273.6,22.31,81.77988366,1.03,98.57
2020-02-14,0.94,0.21,0.8,0.07,3957.92,30.86,64.44471194,0.84,90.71
2020-02-15,0.73,0.12,0.76,-0.04,4033.35,23.02,93.61708759,0.96,92.22
2020-02-16,1.02,0.05,1.04,-0.03,3909.56,34.8,98.7275327,0.91,97.59
2020-02-17,1.18,0.21,0.81,0.16,4475.25,29.23,109.1932086,0.78,98.88
2020-02-18,1.12,0.28,0.72,0.05,4435.49,29.7,63.9705659,1.05,98.51
2020-02-19,0.92,0.23,0.74,0.13,4079.68,35.67,86.17109876,0.57,93.62
2020-02-20,0.76,0.09,0.81,0.03,3856.54,32.17,107.0524102,0.87,88.96
2020-02-21,0.84,0.23,0.85,0.29,4203.22,45.79,106.0981118,0.65,95.23
2020-02-22,0.88,0.17,0.91,0.09,4033.8,36.34,64.41843356,0.69,99.11
2020-02-23,0.83,0.07,0.86,-0.02,3531.65,34.59,60.68373538,0.6,99.6
2020-02-24,0.72,0.03,0.76,0.33,3956.14,28.75,106.9996646,0.93,104.9
2020-02-25,0.7,0.09,0.94,0.17,4167.75,27.36,68.27865812,0.88,100.74
2020-02-26,0.7,0.13,0.93,0.29,4064.66,33.96,94.66737387,0.98,93.44
2020-02-27,0.62,-0.02,0.85,0.07,3636.45,31.45,65.65477019,0.59,84.9
2020-02-28,0.63,0.03,0.92,0.03,3615.9,39.49,77.73066805,0.59,93.47
2020-02-29,0.62,0.02,1.05,0.14,3750.47,33.01,69.48223692,0.3,97.06
2020-03-01,0.67,0.06,0.94,-0.1,4117.91,32.12,104.1836621,0.95,79.71
2020-03-02,0.75,0.09,0.81,0.14,3845.37,33.91,100.3634651,0.61,84.27
2020-03-03,0.77,-0.02,0.85,0.09,3823.3,32.99,68.11832884,0.54,88.96
2020-03-04,0.73,0.15,1.02,0.19,4126.05,33.52,63.55982077,1.17,89.03
2020-03-06,0.76,0.15,0.88,0.1,3805.93,43.18,87.98011506,0.17,84.12
2020-03-07,0.76,0.1,0.98,0.17,4118.51,34.8,71.73287695,0.81,94.81
2020-03-08,0.63,0.15,0.77,-0.13,3887.69,35.17,60.48852221,0.25,98.15
2020-03-09,0.61,0.03,1.04,0.06,3842.13,37.21,75.85636447,0.74,90.78
2020-03-10,0.65,0.11,0.91,0.13,3890.31,32.5,72.91462062,0.56,83.66
2020-03-11,0.63,0.04,0.76,0.22,3883.83,28.53,101.0975549,0.08,92.69
2020-03-12,0.58,0.08,0.9,0.24,3859.66,18.52,111.6517847,0.86,85.84
2020-03-13,0.63,0.05,0.84,0.01,3657.54,23.66,74.25833496,0.35,86.04
2020-03-14,0.61,0.15,1,0.17,3948.75,36.52,73.3828657,0.91,97.02
2020-03-15,0.6,0.11,0.95,0.06,4124.53,34.07,83.26598034,0.58,98.77
2020-03-16,0.67,0.11,0.92,-0.1,3829.61,32.56,70.35345804,0.58,90.25
2020-03-17,0.62,0.19,0.82,0.28,4174.81,43.49,116.8089024,0.38,96.98
2020-03-18,0.63,0.1,0.88,0.32,3954.71,32.61,74.61159237,0.81,86.85
2020-03-19,0.64,0.08,0.71,0.08,4039.09,21.02,65.59974681,0.6,94.81
2020-03-20,0.64,0.13,0.8,0.08,4031.64,36.28,93.41332778,0.67,90.55
2020-03-21,0.64,0.07,0.74,0.11,4146.86,38.09,92.25717278,0.75,86.09
2020-03-22,0.66,0.09,0.84,0.08,3926.54,36.9,97.91485034,0.34,87.16
2020-03-23,0.72,0.16,1.05,0.33,4028.86,38.18,118.0021539,0.91,94.75
2020-03-24,0.63,0.2,0.74,0.29,4061.67,23.46,79.40923107,0.66,85.33
2020-03-25,0.69,0.18,0.89,0.1,3976.51,33.6,81.57428259,1.15,90.46
2020-03-26,0.73,0.05,1.04,-0.21,3906.42,28.53,80.22242672,0.64,97.66
2020-03-27,0.69,0.08,0.94,0.04,3852.46,36.04,97.71777964,0.58,89.11
2020-03-28,0.64,0.08,0.98,0.29,3856.67,41.01,96.24414234,0.39,83.88
2020-03-29,0.63,0.14,0.79,0.06,3818.62,31.5,91.72842376,0.34,90.28
2020-03-30,0.64,0.02,0.88,0.17,3736.02,36.98,81.85955757,0.8,94.66
2020-03-31,0.73,0.18,0.9,0.14,3940.96,28.35,85.65897917,0.94,85.78
2020-04-01,0.7,0.08,0.83,0.04,4025.64,32.46,107.5504321,0.63,98.39
2020-04-02,0.68,0.11,0.72,0.27,4063.72,29.98,96.55480354,0.77,96.27
2020-04-03,0.68,0.04,0.89,0.09,3837.36,42.5,102.9784712,0.9,93.25
2020-04-04,0.66,-0.03,1.07,0.01,3753.19,28.02,76.60378337,0.72,94.47
2020-04-06,0.69,0.09,0.69,0.16,4137.92,32.63,114.6895256,0.88,93.45
2020-04-07,0.68,0.08,0.75,0.22,3890.7,40.19,62.10976332,0.68,93.33
2020-04-08,0.7,0.24,0.77,-0.01,4053.92,22.44,95.74181309,0.65,93.19
2020-04-09,0.65,0.01,1.04,0.08,3756.34,35.71,108.7410031,0.72,95.86
2020-04-10,0.66,0.07,1,0.11,3921.51,33.22,111.9771288,1.11,98.8
2020-04-11,0.68,0.07,0.69,-0.02,4093.55,28.89,79.17310387,0.67,88.6
2020-04-12,0.77,0.08,1.15,0.1,3493.03,40.65,87.58505177,0.72,86.93
2020-04-13,0.82,0.15,0.92,0.13,4219.97,40.25,62.0933496,0.87,91.37
2020-04-14,0.91,0.19,0.79,0.34,4278.31,34.29,107.3859248,0.78,90.96
2020-04-15,0.88,0.11,0.79,0.27,4044.68,30.86,67.47431927,0.94,98.32
2020-04-16,0.84,0.06,0.8,0.11,3929.11,24.76,85.68488554,0.96,85.5
2020-04-17,0.75,0.03,1.06,0.03,3760.73,34.15,119.4485406,0.79,94.46
2020-04-18,0.66,0.06,1.02,0.03,3930.88,31.91,115.0642344,1.08,99.26
2020-04-19,0.71,0.22,0.84,0.04,4279.34,30.41,79.8014139,1.28,91.23
2020-04-20,0.71,-0.1,0.98,0.04,3648.38,31.96,73.43283608,0.57,97.91
2020-04-21,0.75,0.12,0.76,0.01,3916.47,30.07,75.1015486,0.68,97.79
2020-04-22,0.74,0.16,0.98,0.22,4189.37,32.18,101.0871394,0.51,91.22
2020-04-23,0.71,0.04,0.94,0.1,4166.63,25.64,103.5478367,1.13,97.3
2020-04-24,0.7,0.04,0.85,-0.12,3695.2,39.04,72.98958479,0.6,87.01
2020-04-25,0.71,0.16,0.96,0,3910.71,29.44,74.39939759,0.55,86.24
2020-04-26,0.72,0.03,0.84,0.15,3842.93,33.73,79.40334497,0.5,89.51
2020-04-27,0.69,0.07,0.78,-0.02,3805.9,31.72,85.9906787,0.48,98.41
2020-04-28,0.68,0.25,1,0.02,3906.71,36.22,115.048253,1.06,89.74
2020-04-29,0.64,0.06,1.01,-0.02,3755.55,37.1,61.59047065,0.77,91.08
2020-04-30,0.64,0.07,0.89,0.04,3907.26,35.76,98.29184308,0.38,86.75
2020-05-01,0.66,0.05,0.92,0.12,3816.48,27.83,111.701856,0.34,95.66
2020-05-02,0.69,0.12,0.74,0.12,4019.56,31.93,103.401816,0.74,96.26
2020-05-03,0.68,0.13,0.89,0.06,3866.07,41.43,73.00452719,0.45,88.06
2020-05-05,0.69,-0.02,0.92,-0.05,3844.74,31.26,88.60479926,0.65,80.45
2020-05-06,0.65,-0.06,0.84,0.08,3769.35,39.03,114.6168347,0.93,89.4
2020-05-07,0.67,0.08,0.85,0.17,4144.06,32.13,66.94304792,1,95.03
2020-05-08,0.62,0.08,0.96,0.26,3752.55,31.81,119.2506709,0.32,91.58
2020-05-09,0.65,0.12,1.1,0.17,3902.77,33.92,68.61742058,0.5,92.42
2020-05-10,0.64,0,0.9,-0.03,3817.99,28.98,68.54505261,0.73,93.6
2020-05-11,0.63,0.09,0.88,0.12,3893.61,37.56,108.7715591,0.92,89.38
2020-05-12,0.64,0.08,1.12,0.14,3950.85,28.76,109.7007911,0.53,85.69
2020-05-13,0.62,0.09,0.79,-0.01,4069.05,35.26,62.27511936,0.82,96.2
2020-05-14,0.64,0.04,1.02,0.01,3840.66,38.64,70.09832437,0.58,87.32
2020-05-15,0.62,0.03,0.75,0.14,3801.06,35.79,116.9116592,0.98,85.33
2020-05-16,0.61,0.12,1.02,0.08,3801.93,30.27,76.76071592,0.81,94.39
2020-05-17,0.6,0.06,0.92,0.04,3681.63,34.58,60.73437991,0.6,85.82
2020-05-18,0.59,0.04,1.1,0.01,3899.89,29.61,75.24252603,0.37,87.63
2020-05-19,0.59,0.1,0.82,-0.11,3542.7,32.97,104.1259538,0.38,98.87
2020-05-20,0.62,0.07,0.91,0.06,4005.07,29.69,114.9872028,0.26,100.64
2020-05-21,0.59,-0.03,1.08,0.05,3769.51,30.02,69.30939511,0.67,97.13
2020-05-22,0.58,0.13,0.98,-0.04,4042.74,35.49,73.46482919,0.9,96.46
2020-05-23,0.55,0.07,0.71,0.06,3673.53,38.34,86.49187825,0.8,97.36
2020-05-24,0.55,0.14,0.8,0.15,3982.33,37.99,104.8981411,0.61,102.09
2020-05-25,0.56,0,0.9,-0.03,3671.62,35.14,99.52182132,0.86,96.54
2020-05-26,0.52,0.04,0.97,0.04,3506.04,42.35,79.65201486,0.82,91.26
2020-05-27,0.55,0.11,1.04,0.05,3540.6,31.26,63.98110915,0.4,94.72
2020-05-28,0.55,0.21,0.67,0.16,4174.05,37.88,75.17763879,1.09,91.22
2020-05-29,0.57,0.07,1.03,0,3658.35,38.31,73.17380378,0.65,91.97
2020-05-30,0.59,0.05,0.9,0.11,4005.59,32.58,61.26322578,0.66,93.57
2020-05-31,0.64,0.02,0.78,-0.01,3756.48,35.14,118.5023986,0.84,90.28
2020-06-01,0.69,0.06,0.73,0.2,3938.4,37.88,75.32229188,0.49,90.72
2020-06-02,0.71,0.11,0.77,0.04,3982.02,35.8,110.1921028,0.45,98.94
2020-06-03,0.71,0.16,0.74,0.05,4347.31,31.89,89.09169632,0.86,89.65
2020-06-04,0.69,0.07,1,0.14,3819.03,30.83,118.3374454,0.65,92.66
2020-06-05,0.67,0.02,0.93,0.02,3757.76,28.84,68.97318726,0.33,85.09
2020-06-06,0.68,0.07,1.04,0.12,3989.34,33.15,66.64038966,0.84,82.35
2020-06-07,0.65,0.01,0.87,-0.08,3882.52,27.98,60.14777547,0.47,97.27
2020-06-08,0.64,0.16,0.91,0.06,4005.35,36.38,103.1068253,0.47,98.71
2020-06-09,0.65,0.13,1.07,0.27,3924.21,24.16,78.3825762,0.83,89.54
2020-06-10,0.69,0.11,0.75,-0.13,3916.04,34.95,112.2212969,0.57,91.84
2020-06-11,0.69,0.2,1,0.24,4031.33,31.08,98.02829113,0.97,91.09
2020-06-12,0.74,0.06,0.99,0.21,4040.79,30.37,94.64591332,0.84,90.99
2020-06-13,0.74,0.15,0.83,0.07,4097.77,30.68,89.2134922,0.75,90.5
2020-06-14,0.72,0.25,0.8,0.12,4231.19,17.05,75.49041871,1.07,95.84
2020-06-15,0.68,0.05,1,0.22,3777.05,31.05,63.88131188,0.76,89.83
2020-06-16,0.66,-0.02,0.87,-0.12,3830.46,28.93,86.61407871,0.67,93.8
2020-06-17,0.63,0.01,1.1,0.18,3651.56,29.83,65.94717912,0.69,99.24
2020-06-18,0.72,0.17,0.69,0.16,4004.28,47.93,114.3438679,0.88,94.62
2020-06-20,0.69,0.05,0.77,0.17,3799.51,26.39,109.7597471,0.45,92.29
2020-06-21,0.71,0.12,0.73,-0.05,4071.99,34.48,97.18567737,1.22,89.64
2020-06-22,0.68,0.08,0.82,0.08,4084.78,28.01,87.14638158,0.82,92.94
2020-06-23,0.67,0.06,1.11,-0.15,3804.55,28.88,87.25172412,0.67,83.21
2020-06-24,0.68,0.03,0.92,0.17,3964.91,26.51,87.87090462,0.32,99.46
2020-06-25,0.68,0.1,0.85,0.1,4118.82,37.74,104.727788,0.82,88.11
2020-06-26,0.69,0.14,0.83,0.05,4041.01,38.32,67.57230383,0.8,83.11
2020-06-27,0.69,0.12,0.7,0,4077.28,29.28,91.87774697,0.53,92.1
2020-06-28,0.7,0.13,1.01,0.15,3846.27,37.66,108.7599997,0.48,93.67
2020-06-29,0.68,0.05,0.95,0.04,3682.9,28.8,90.60755258,0.42,97.64
2020-06-30,0.68,0.02,1.07,0,3797.15,31.42,60.82447391,0.6,92.8
2020-07-01,0.68,0.04,0.92,0.1,3782.05,37.05,74.68143564,0.68,95.98
2020-07-02,0.67,0.14,0.87,0.03,4029.3,27.46,100.1150785,0.71,97.18
2020-07-03,0.66,0.11,1.04,-0.06,3905.27,29.04,116.0519745,0.79,96.42
2020-07-04,0.67,0.02,0.77,0.02,3845.28,33.5,113.6248851,0.8,85.96
2020-07-05,0.66,0.09,0.87,0.27,3873.67,33.47,109.3622952,0.78,94.27
2020-07-06,0.69,0.1,0.85,0.28,3981.67,27.08,117.0098498,0.83,85.6
2020-07-07,0.68,0.12,0.91,0.12,3867.17,44.29,76.79507133,0.74,101.85
2020-07-08,0.7,0.12,0.98,0.14,3793.77,29.03,60.74386074,0.73,95.24
2020-07-09,0.78,0.17,0.71,0.08,4229.19,35.74,81.26247575,0.87,90.9
2020-07-10,0.76,0.18,1.05,0.15,3844.12,35.97,94.62066012,0.57,93.89
2020-07-11,0.81,0.14,0.91,0.21,4162.73,27.84,78.98796001,0.79,88.08
2020-07-12,0.78,0.02,0.75,0.12,4087.5,34.51,62.65222551,0.91,85.03
2020-07-13,0.79,0.08,0.87,0.1,3871.51,29.42,90.43121949,0.77,95.76
2020-07-15,0.74,-0.04,1.02,-0.06,3868.2,33.52,71.98178166,0.78,86.93
2020-07-16,0.73,0.22,0.84,0.04,4091.01,36.18,103.6542766,0.7,92.04
2020-07-17,0.74,0.13,0.91,-0.05,3967.13,29.96,65.35209459,0.68,93.28
2020-07-18,0.76,0.07,0.8,-0.09,3707.72,35.75,117.4875468,0.59,90.39
2020-07-19,0.78,0.11,0.83,0.25,4106.81,29.31,112.6008287,0.66,87.67
2020-07-20,0.81,0.15,0.82,0,3953.92,33.7,112.431249,0.9,92.48
2020-07-21,0.83,0.15,0.9,0.28,4058.97,32.5,107.3934383,0.44,93.77
2020-07-22,0.87,0.26,0.71,0.36,4501.04,28.25,98.01535755,1.4,99.27
2020-07-23,0.85,0.14,0.98,0.1,4151.4,22.78,63.20574236,1.22,105.29
2020-07-24,0.81,0.01,0.78,0.11,4051.47,35.81,99.74555331,0.82,83.21
2020-07-25,0.79,0.16,0.96,0.22,4022.7,42.6,104.8156369,0.82,88.36
2020-07-26,0.79,0.13,0.87,0.13,3814.54,34.01,67.84919493,0.84,92.8
2020-07-27,0.85,0.19,0.93,0.27,4058.37,28.38,96.94536153,0.7,98.61
2020-07-28,0.88,0.13,1.03,0.03,4033.49,33.62,88.73204845,0.86,94.16
2020-07-29,0.87,0.22,0.76,0.12,4102.13,38.06,88.34649254,1.03,98.29
2020-07-30,0.9,0.23,0.78,0.12,4312.1,37.06,71.96773401,0.57,86.94
2020-07-31,0.78,0.11,0.75,0.17,3865.77,37.31,104.3662911,0.44,90.66
2020-08-01,0.79,0.13,0.87,0.26,4261.62,33.75,115.5074797,1,100.78
2020-08-02,0.83,0.06,0.97,0.17,4068.04,35.38,107.268199,0.75,88.69
2020-08-03,0.96,0.13,0.82,0.31,4121.58,32.82,82.14193337,0.7,78.28
2020-08-04,0.98,0.12,0.77,0.08,4117.3,26.69,119.0506386,0.79,89.45
2020-08-06,0.88,0.02,0.79,0.06,4038.18,30.77,81.85021836,0.51,94.53
2020-08-07,0.89,0.15,0.74,0.07,4277.94,29.76,74.06543179,0.78,93.27
2020-08-08,0.91,0.21,0.79,0.07,4319.16,32.5,118.0850783,0.63,87.54
2020-08-09,0.87,0.14,0.81,0.14,3977.46,23.29,107.3889921,1.05,89.28
2020-08-10,0.88,0.21,0.78,0.14,4265.64,33.64,105.6746485,0.92,87.27
2020-08-11,0.86,0.09,1.03,0.17,4137.41,22,64.6459166,0.81,86.87
2020-08-12,0.83,0.19,0.8,0.16,4095.41,33.66,71.52141637,0.97,89
2020-08-13,0.86,0.25,0.67,0.22,4489.07,35.77,61.11107769,1.57,95.6
2020-08-14,0.88,0.27,0.67,0.28,4477.32,34.69,106.5989507,0.77,82.85
2020-08-15,0.88,0.12,0.99,-0.02,3991.87,27.77,76.69457768,0.41,99.58
2020-08-17,0.84,0.17,0.92,-0.12,4157.19,35.16,67.93342953,0.79,92.44
2020-08-18,0.84,-0.01,0.83,0.23,3940.6,36.59,70.91347222,0.33,86.39
2020-08-19,0.92,0.11,0.91,0.25,4243.12,39.87,98.46791662,0.8,88.79
2020-08-20,0.95,0.13,0.9,0.29,4212.92,33.37,85.98304145,1.02,90.28
2020-08-21,0.92,0.14,0.98,0.13,3962.75,37.68,116.4837834,1.05,92.48
2020-08-22,0.97,0.15,0.99,0.31,4358.4,28.67,81.95349704,0.6,94.9
2020-08-23,0.94,0.15,0.73,0.17,4053.21,27.82,110.0324599,0.6,91.95
2020-08-24,0.92,0.15,0.88,-0.04,4018.76,36.68,92.78790069,0.84,88.87
2020-08-25,0.95,0.13,0.88,0.26,4168.17,35.93,102.3208497,1,93.41
2020-08-26,0.92,0.06,1.03,0.05,4108.94,29.14,70.11964569,0.93,82.32
2020-08-27,0.9,0.22,0.7,0.4,4148.66,26,104.9390716,1.09,86.86
2020-08-28,0.9,0.25,0.75,0.05,4310.86,31.31,65.13932154,1.08,90.92
2020-08-29,0.92,0.19,0.92,0.12,4081.09,32.65,101.4672834,0.73,85.86
2020-08-30,0.92,0.12,0.76,0.3,4172.21,32.61,87.93105592,1.07,92.47
2020-08-31,0.94,0.12,0.85,0.09,4126.98,36.76,73.7115684,0.78,85.98
2020-09-01,0.95,0.14,0.84,0.13,4060.78,37.73,88.82322765,0.8,100.98
2020-09-02,0.95,0.25,1,-0.14,4228.64,31.94,111.3406878,0.71,85.81
2020-09-03,0.93,0.34,0.86,0.21,4542.6,24.88,69.28315069,1.05,102.7
2020-09-04,0.96,0.17,0.83,0.33,4245.06,27.58,70.17758501,0.55,83.77
2020-09-05,0.94,0.16,0.85,0.39,4179.58,28.54,92.03983474,1.05,103.5
2020-09-07,0.94,0.14,0.95,0.05,4062.14,31.68,97.51527302,0.57,95.64
2020-09-08,0.94,0.22,0.69,0.17,4014.15,29.6,85.21198632,0.6,96.78
2020-09-09,0.93,0.12,0.76,0.4,3768.13,31.83,75.98355589,0.23,85.12
2020-09-10,0.93,0.26,0.9,0.18,4371.54,30.91,64.03152471,0.78,92.84
2020-09-12,0.93,0.19,0.87,0.3,4159.47,28.5,62.98758774,0.64,92
2020-09-13,0.96,0.2,0.73,0.09,4194.87,33.27,62.44920618,0.88,92.83
2020-09-14,1.04,0.23,0.97,0.32,4251.67,40.48,114.076982,0.61,100.02
2020-09-15,1.08,0.31,0.83,0.26,4558.89,28.91,67.88142934,0.94,98.72
2020-09-16,1.13,0.26,0.91,0.07,4373.99,27.51,77.70740765,0.77,93.25
2020-09-17,1.15,0.11,0.73,0.41,4211.75,32.76,119.1535371,0.53,98.77
2020-09-18,1.15,0.37,0.71,0.25,4527.29,25.72,115.6484847,1.08,101.22
2020-09-19,1.1,0.27,0.79,0.2,4332.13,30.63,62.5717148,0.82,90.79
2020-09-20,1.15,0.12,0.91,0.3,3866.24,28.98,93.07581528,0.77,89.64
2020-09-21,1.11,0.17,1.1,0,4075.94,27.05,98.00990961,0.93,103.41
2020-09-23,1.1,0.13,0.94,0.18,4245.32,27.02,63.24684759,0.86,92.39
2020-09-24,1.1,0.2,0.93,0.18,4291.23,27.74,103.6875675,0.83,90.74
2020-09-25,1.12,0.29,0.62,0.08,4432.79,25.35,119.2721993,1.13,93.67
2020-09-26,1.1,0.22,0.98,0.14,4141.62,38.37,85.76277454,0.74,98.4
2020-09-27,1.05,0.15,1.01,0.36,4100.69,33.79,86.96505283,0.74,96.96
2020-09-28,1.05,0.2,0.84,0.33,4035.32,36.79,99.56081309,0.93,92.29
2020-09-29,1.04,0.22,0.71,0.26,4347.35,23.85,104.1925233,0.78,97.41
2020-09-30,1.07,0.23,0.86,0.09,4314.21,28.93,107.38634,1.19,95.85
2020-10-01,1.11,0.25,0.6,0.37,4554.19,31.82,64.65479054,1.06,94.56
2020-10-02,1.09,0.12,0.97,0.26,4324.69,39.3,108.0413333,1.21,92.46
2020-10-03,1.12,0.27,0.6,0.24,4606.32,26,111.8444371,1.01,95.98
2020-10-04,1.15,0.23,0.78,0.01,4182.52,25.18,62.71363465,1.03,91.31
2020-10-05,1.15,0.18,0.94,-0.04,4280.56,31.86,62.34809989,0.58,94.44
2020-10-06,1.19,0.25,1.06,0.16,4164.06,28.37,93.05342911,1.08,93.02
2020-10-07,1.19,0.18,0.84,0.16,4399.6,39.01,89.80839663,1.09,87.26
2020-10-08,1.18,0.28,0.88,0.09,4390.85,33.45,118.8058019,0.8,91.61
2020-10-09,1.15,0.1,1.07,0.24,3906.23,31.53,77.6640901,0.88,90.75
2020-10-10,1.16,0.18,0.92,0.25,4507.26,28.77,95.41199878,0.73,104.11
2020-10-11,1.2,0.15,0.84,0.27,4441.4,29.59,90.40039522,0.88,93.97
2020-10-13,1.3,0.25,0.84,0.19,4379.24,21.8,92.14399948,0.74,95.44
2020-10-14,1.29,0.14,0.79,0.32,4444.3,30.53,99.5800989,1.15,105.43
2020-10-15,1.29,0.14,0.84,0.15,4133.26,29.25,92.25569944,1.08,85.42
2020-10-16,1.34,0.19,0.93,0.35,4295.83,34.1,60.41667316,0.82,86.39
2020-10-17,1.37,0.28,0.79,0.4,4746.03,24.46,110.622616,0.85,92.16
2020-10-18,1.37,0.24,0.95,0.18,4213.04,34.53,72.06926446,0.69,92.22
2020-10-19,1.38,0.07,0.64,0.35,4456.3,32.9,73.86927658,1,93.65
2020-10-20,1.54,0.18,0.84,0.22,4423.3,31.45,98.87836576,0.94,91.79
2020-10-21,1.44,0.2,0.71,0.31,4585.02,35.97,88.66509933,0.96,89.13
2020-10-22,1.45,0.23,0.76,0.29,4543.79,20.07,94.46879761,0.88,100.38
2020-10-23,1.42,0.2,0.74,0.36,4618.64,31.7,89.84993625,1.38,93.25
2020-10-24,1.47,0.35,0.85,0.3,4535.03,29.27,85.07175775,0.93,101.43
2020-10-25,1.54,0.26,0.58,0.19,4812.23,28.12,88.99814828,0.98,91.43
2020-10-26,1.56,0.24,0.63,0.54,4583.38,25.02,68.46512461,1.24,104.87
2020-10-27,1.59,0.3,0.89,0.33,4463.72,23.1,118.1583469,0.92,86.47
2020-10-28,1.55,0.21,0.94,0.31,4445.04,34.45,94.48510588,1.1,94.94
2020-10-29,1.53,0.19,0.66,0.25,4360.31,34.59,77.20901919,0.76,89.36
2020-10-30,1.54,0.25,0.67,0.3,4605.84,38.51,102.7704159,1.15,95.66
2020-10-31,1.64,0.33,0.62,0.5,4693.92,39.12,112.806367,1.22,90.8
2020-11-01,1.62,0.18,0.75,-0.04,4772.8,21.17,77.7880592,0.89,85.37
2020-11-02,1.62,0.15,0.78,0.32,4343.01,29.74,79.47069487,0.84,90.58
2020-11-03,1.63,0.29,0.71,0.11,4634.86,30.5,86.31292233,0.89,103.74
2020-11-04,1.71,0.43,0.73,0.33,4920.4,32.81,73.03738631,1.09,92
2020-11-05,1.74,0.36,0.69,0.51,4794.97,35.51,108.5873026,1.48,99.17
2020-11-06,1.69,0.23,0.69,0.18,4433.23,25.31,95.05060049,1.01,94.57
2020-11-07,1.63,0.37,0.82,0.23,4583.87,26.54,63.42267036,1.47,93.48
2020-11-08,1.62,0.32,0.83,0.03,4546.06,36.69,119.8022446,1.31,105.38
2020-11-09,1.63,0.29,0.81,0.1,4706.4,20.86,94.49829037,1.3,94.2
2020-11-10,1.67,0.26,0.87,0.29,4628.05,23.99,113.3961797,1.35,96.47
2020-11-11,1.73,0.3,0.68,0.32,5005.35,29.71,90.09708998,1.48,97.91
2020-11-12,1.73,0.35,0.58,0.55,4785.13,39.06,94.94696993,1.46,104.09
2020-11-13,1.74,0.35,0.52,0.43,4763.82,20.18,87.26851498,1.25,88.94
2020-11-14,1.69,0.38,0.74,0.46,4723.43,29.34,85.36564401,1.23,107.18
2020-11-15,1.72,0.35,0.53,0.44,4793.34,31.3,73.09826654,1.28,104.07
2020-11-16,1.73,0.32,0.65,0.08,4651.09,36.37,117.7274551,1.01,97.97
2020-11-17,1.67,0.28,0.56,0.21,4847.51,30.72,70.90627462,1.32,99.6
2020-11-18,1.68,0.2,0.83,0.27,4701.34,20.14,91.58425673,1.32,94.52
2020-11-19,1.64,0.36,0.6,0.45,4929.8,21.71,65.22581076,1.07,97.61
2020-11-20,1.67,0.33,0.56,0.36,4805.01,35.56,119.6026142,0.96,98.4
2020-11-21,1.69,0.35,0.79,0.32,4701.21,31.32,93.34058359,0.98,91.34
2020-11-22,1.64,0.23,0.63,0.3,4808.06,22.92,108.8749938,1.42,104.05
2020-11-23,1.64,0.29,0.57,0.27,4731.67,31.29,93.77573123,1.07,97.3
2020-11-24,1.56,0.25,0.79,0.3,4693.15,30.4,108.2991132,0.89,96.84
2020-11-25,1.59,0.28,0.58,0.23,4532.24,16.85,92.06459558,0.86,91.34
2020-11-26,1.61,0.33,0.83,0.46,4522.36,19,86.69846206,0.87,101.35
2020-11-27,1.58,0.25,0.76,0.42,4636.19,30.88,87.35434792,0.93,95.45
2020-11-28,1.57,0.28,0.64,0.18,4466.47,40.03,60.14061239,0.74,92.53
2020-11-29,1.57,0.25,0.81,0.27,4777.98,30.03,82.23929705,1.25,90.86
2020-11-30,1.58,0.22,0.69,0.54,4927.45,16.05,117.1166433,1.13,95.89
2020-12-01,1.58,0.23,0.73,0.22,4542.27,20.92,100.5346106,1.21,90.17
2020-12-02,1.63,0.28,0.74,0.54,4821.98,31.28,115.1591402,0.73,98.58
2020-12-03,1.63,0.37,0.56,0.38,4935.22,32.04,72.01575419,1.38,100.5
2020-12-04,1.65,0.29,0.72,0.3,4668.97,28.39,89.46961492,1.05,93.67
2020-12-05,1.65,0.34,0.82,0.27,4791.03,26.1,62.06891583,1.25,97.66
2020-12-06,1.63,0.25,0.79,0.32,4429.67,34.19,100.6231291,1.28,100.88
2020-12-07,1.61,0.21,0.66,0.09,4695.56,34.69,107.0409761,1.16,94.97
2020-12-08,1.59,0.18,0.72,0.21,4489.97,33.76,104.8680835,1.39,94.18
2020-12-09,1.58,0.21,0.69,0.34,4534.42,24.74,65.20619958,0.67,95.52
2020-12-10,1.6,0.19,0.79,0.23,4483.8,34.95,74.8516594,0.89,92.34
2020-12-11,1.63,0.28,0.62,0.54,4840.85,26.63,99.34964201,0.8,94.85
2020-12-12,1.64,0.32,0.65,0.13,4647.07,26.49,105.5394661,1.11,91.66
2020-12-13,1.69,0.25,0.67,0.45,4889.31,25.11,76.4526327,1.18,98.84
2020-12-14,1.66,0.31,0.63,0.37,4680.1,29.28,84.37446266,0.86,95.46
2020-12-15,1.63,0.29,0.77,0.39,4392.44,33.5,81.07596466,1.37,97.34
2020-12-16,1.64,0.28,0.82,0.15,4612.35,19.46,60.27389539,0.97,100.54
2020-12-17,1.64,0.21,0.62,0.35,4561.47,25.95,94.59078639,0.6,90.14
2020-12-18,1.68,0.45,0.77,0.2,4721.57,26.75,100.1467659,1.23,91.76
2020-12-19,1.63,0.28,0.59,0.34,4871.41,33.26,76.58614251,1.33,100.38
2020-12-20,1.63,0.34,0.78,0.19,4909.83,23.62,101.2670715,1.11,95.78
2020-12-21,1.61,0.18,0.83,0.32,4680.45,27.83,74.564928,1.21,95.91
2020-12-22,1.56,0.25,0.84,0.45,4404.25,34.52,102.9318235,0.76,94.95
2020-12-23,1.58,0.37,0.77,0.3,4521.25,30.2,87.43124534,0.92,90.26
2020-12-24,1.61,0.43,0.84,0.36,4702.56,36.61,112.3160938,1.18,98.59
2020-12-25,1.58,0.28,0.88,0.15,4579.82,28.76,92.68406552,1.23,96.74
2020-12-27,1.62,0.18,0.78,0.26,4500.18,39.9,71.0791733,0.91,89.48
2020-12-28,1.59,0.21,0.78,0.46,4471.91,40.09,109.3206766,0.93,94.4
2020-12-29,1.63,0.41,0.53,0.44,4856.86,30.52,106.66071,1.17,96.23
2020-12-30,1.56,0.37,0.61,0.56,4584.12,31.37,65.05369088,0.66,99.46
2020-12-31,1.57,0.25,0.7,0.1,4677.02,32.22,62.88244155,1,101.44
2021-01-01,1.53,0.21,0.83,0.27,4513.65,34,68.17746249,0.61,95.04
2021-01-02,1.5,0.29,0.7,0.26,4459.36,30.7,110.7189037,0.82,86.51
2021-01-03,1.45,0.37,0.63,0.51,4506.7,35.35,79.22295334,0.76,99.12
2021-01-04,1.47,0.24,0.87,0.35,4630.95,32.24,90.28508596,1.13,106.25
2021-01-05,1.51,0.25,0.7,0.15,4612.91,36.03,96.17798396,0.94,99.49
2021-01-06,1.51,0.35,0.73,0.45,4669.22,22.01,104.6088859,1.32,94.36
2021-01-07,1.57,0.24,0.8,0.41,4656.66,30.53,109.7973189,0.69,97.56
2021-01-08,1.52,0.31,0.78,0.35,4736.33,34.44,90.95193078,1.02,99.64
2021-01-09,1.45,0.19,0.61,0.49,4396.55,24.67,84.9455766,0.98,95.19
2021-01-10,1.5,0.37,0.77,0.05,4503.19,31.92,71.75650715,1.12,101.8
2021-01-11,1.48,0.33,0.65,0.32,4722.35,31.82,96.45122134,1.55,90.56
2021-01-12,1.5,0.26,0.82,0.25,4525.58,38.36,92.99262356,0.63,93.25
2021-01-13,1.49,0.31,0.62,0.3,4418.19,28.24,77.46962126,0.85,97.36
2021-01-14,1.54,0.32,0.63,0.22,4698.1,30.47,86.7722088,1.46,99.07
2021-01-15,1.49,0.24,0.71,0.14,4345.99,27.89,104.3790615,0.75,91.6
2021-01-16,1.49,0.26,0.83,0.28,4571.58,28.9,97.62480186,1.13,93.13
2021-01-17,1.45,0.37,0.78,0.23,4806.55,36.72,88.90444436,0.95,93.04
2021-01-18,1.48,0.21,0.76,0.09,4483.28,30.28,76.33898692,0.68,90.85
2021-01-19,1.44,0.3,0.74,0.09,4490.27,26.21,100.0802591,0.86,97.84
2021-01-21,1.37,0.23,0.69,0.36,4467.92,29.34,97.65947913,1.37,94.56
2021-01-22,1.33,0.18,0.89,0.2,4354.65,27.83,87.49401336,0.72,101.06
2021-01-23,1.3,0.27,0.68,0.08,4406.34,28.34,74.31144286,0.89,88.98
2021-01-24,1.37,0.29,0.8,0.44,4577.83,26.99,70.49259006,0.98,94.53
2021-01-25,1.38,0.14,0.92,0.34,4269.22,28.54,80.36396969,1.08,97.64
2021-01-26,1.42,0.2,0.87,0.28,4609.31,23.58,114.5228918,1.27,97.21
2021-01-27,1.37,0.17,0.85,0.12,4476.84,30.52,105.2331954,1,89.33
2021-01-28,1.31,0.07,0.76,-0.14,4133.15,26.92,113.4641877,0.18,98.95
2021-01-29,1.31,0.18,0.69,0.19,4455.66,35.88,110.5559391,0.81,95.31
2021-01-30,1.19,0.24,0.65,0.41,4264.85,29.27,87.53295391,0.68,103.75
2021-01-31,1.23,0.2,0.72,0.35,4158.01,33.48,91.82654932,1.09,92.9
2021-02-01,1.3,0.11,0.63,0.06,4393.88,32.43,70.1751642,0.78,100.41
2021-02-02,1.27,0.23,0.86,0.07,4124.6,22.44,103.2523291,1.17,91.58
2021-02-03,1.3,0.15,0.83,0.36,4266.26,29.69,85.31692964,0.98,92.79
2021-02-04,1.29,0.22,0.91,0.14,4394.15,39.1,69.67614156,1.18,96.96
2021-02-05,1.25,0.21,0.77,0.25,4107.45,28.11,65.72128801,1.25,84.5
2021-02-06,1.26,0.21,0.89,0.09,4220.74,42.89,101.7680886,0.66,83.37
2021-02-07,1.28,0.15,0.77,0.29,4238.78,34.07,88.93217839,0.54,90.27
2021-02-08,1.24,0.19,0.87,0.1,4372.03,33.25,60.53972354,0.97,87.83
2021-02-09,1.2,0.28,0.88,0.18,4417.78,31.74,109.4709361,1.14,83.18
2021-02-10,1.19,0.16,0.78,0.21,4132.79,36.84,97.16773357,0.71,97.11
2021-02-11,1.19,0.18,0.7,-0.04,4128.36,37.16,62.30258414,0.84,89.39
2021-02-12,1.23,0.13,0.69,0.16,4348.79,30.57,78.28108994,1.18,92.62
2021-02-13,1.31,0.27,0.84,0.12,4389.82,28.22,103.3443408,1.19,95.32
2021-02-14,1.33,0.28,0.77,0.23,4227.9,23.8,63.54178436,0.79,96.6
2021-02-15,1.36,0.32,0.79,0.11,4755.3,32.94,104.1751535,1.17,97.55
2021-02-16,1.35,0.19,0.77,0.14,4416.68,30.5,90.29371387,0.8,95.84
2021-02-17,1.36,0.27,0.8,0.2,4510.45,26.18,106.9714442,0.67,96.95
2021-02-18,1.29,0.25,0.93,0.24,4341.33,27.93,111.3142163,1.19,91.67
2021-02-19,1.26,0.25,0.78,0.53,4448.94,29.54,106.0655071,0.59,91.56
2021-02-20,1.26,0.26,0.72,0.01,4486.23,25.33,64.68449491,1.01,83.18
2021-02-21,1.27,0.16,0.73,0.01,4112.06,32.19,87.62240965,0.73,96.24
2021-02-22,1.24,0.13,0.83,0.31,4261.75,23.16,79.12413592,0.98,90.31
2021-02-23,1.26,0.2,0.81,0.4,4275.86,28.33,90.509545,0.76,103.92
2021-02-24,1.25,0.31,0.9,0.29,4313.21,24.89,117.9481162,1.16,97.99
2021-02-25,1.29,0.22,0.82,0.08,4415.43,31.06,67.46377215,0.95,99.69
2021-02-26,1.35,0.14,0.85,0.21,4210.05,26.24,111.9358985,1.18,97.4
2021-02-27,1.34,0.24,0.79,0.2,4350.05,27.61,119.451188,1,97.25
2021-02-28,1.31,0.34,0.59,0.51,4650.42,40.46,119.4013187,0.87,98.22
2021-03-01,1.29,0.26,0.71,0.34,4394.17,34.84,107.8013572,1.06,97.33
2021-03-02,1.3,0.23,0.68,0.35,4216.1,34.04,87.93482863,0.98,94.84
2021-03-03,1.31,0.15,0.71,0.06,4248.1,37.97,70.68003725,0.83,90.43
2021-03-04,1.29,0.24,0.73,0.18,4324.68,33.47,96.49278454,0.76,88.19
2021-03-05,1.33,0.23,0.88,0.43,4378.85,24.19,96.62236046,1.05,95.9
2021-03-07,1.38,0.15,0.88,0.35,4380.53,23.91,78.98607202,0.76,100.96
2021-03-08,1.35,0.26,0.86,0.23,4633.13,16.34,97.009333,0.84,94.48
2021-03-09,1.3,0.23,0.68,0.26,4442.93,31.48,66.99283077,1.06,95.29
2021-03-10,1.35,0.33,0.64,0.36,4266.71,25.38,98.04050508,0.89,87.74
2021-03-11,1.33,0.16,0.82,0.18,4088.75,28.91,113.803343,0.43,90.97
2021-03-12,1.28,0.29,0.67,0.18,4528.14,28.34,88.32391883,0.81,88.92
2021-03-13,1.31,0.27,0.76,0.12,4266.18,27.69,105.8737786,1.01,88.47
2021-03-14,1.34,0.21,0.78,0.04,4402.39,30.09,98.13843395,0.92,95.23
2021-03-15,1.37,0.24,0.65,0.24,4234.17,29.52,60.18384755,0.89,93.78
2021-03-16,1.31,0.27,0.73,0.04,4451.83,28.86,67.31990546,0.97,98.16
2021-03-17,1.33,0.18,0.84,0.18,4388.94,23.09,106.490123,1.01,98
2021-03-18,1.32,0.21,0.77,0.2,4193.73,32.66,62.42717564,0.88,89.18
2021-03-19,1.41,0.3,0.85,0.16,4420.67,41.65,117.3748594,0.26,84.55
2021-03-20,1.47,0.2,0.62,0.16,4590.99,31.24,113.6445697,1,90.4
2021-03-21,1.48,0.28,0.63,0.46,4649.33,40.93,81.74249653,0.94,91.87
2021-03-22,1.54,0.15,0.72,0.31,4451.15,27.26,78.62303185,1,97.66
2021-03-23,1.55,0.2,0.64,0.23,4391.77,29.2,96.77590721,1.17,97.6
2021-03-24,1.52,0.28,0.58,0.48,4459.19,29.83,96.70755732,0.79,94.84
2021-03-25,1.48,0.24,0.55,0.24,4651.92,28.36,65.3419916,1.09,99.49
2021-03-26,1.49,0.25,0.68,0.35,4360.99,36.32,72.92314075,1.05,107.32
2021-03-27,1.54,0.38,0.79,0.03,4532.3,18.62,98.18799515,0.98,94.84
2021-03-28,1.53,0.19,0.69,0.11,4531.64,27.85,108.0462306,0.73,93.71
2021-03-29,1.58,0.37,0.53,0.32,4821.41,36.88,71.5201498,0.9,92.24
2021-03-30,1.61,0.34,0.73,0.26,4515.89,27.22,102.1159329,1.02,96.89
2021-04-01,1.59,0.21,0.75,0.31,4771.21,33.52,112.2285152,0.99,101.81
2021-04-02,1.56,0.35,0.61,0.35,4770.52,31.75,67.06830857,0.74,93.78
2021-04-03,1.52,0.42,0.65,0.05,4789.39,28.11,86.34620374,0.99,94.57
2021-04-04,1.59,0.19,0.77,0.27,4494.33,32.01,111.0333313,0.7,91.97
2021-04-05,1.59,0.16,0.62,0.29,4423.19,30.03,82.23761382,1.1,88.79
2021-04-06,1.65,0.29,0.69,0.13,4936.02,17.63,76.1674396,0.88,97.41
2021-04-07,1.65,0.17,0.73,0.46,4850.32,30.69,104.7368852,1.45,97.46
2021-04-08,1.68,0.38,0.74,0.31,4629.37,26.44,84.04667508,1.48,95.28
2021-04-09,1.66,0.2,0.79,0.24,4125.73,24.72,102.3787045,0.69,102.59
2021-04-10,1.64,0.23,0.83,0.32,4645.29,31.07,67.58347226,0.96,97.87
2021-04-11,1.63,0.17,0.91,0.28,4493.16,32,93.2106541,1.15,89.02
2021-04-12,1.54,0.26,0.73,0.16,4515.17,35.12,82.76765053,1.2,97.95
2021-04-13,1.57,0.25,0.73,0.26,4616.92,28.02,119.8383038,0.97,93.98
2021-04-14,1.55,0.29,0.72,0.17,4572.48,33.59,95.48348518,0.98,94.06
2021-04-15,1.58,0.31,0.72,0.05,4940.27,28.32,100.929919,1.09,95.92
2021-04-16,1.56,0.16,0.7,0.05,4595.53,31.52,67.86210701,0.85,93.78
2021-04-17,1.6,0.33,0.93,0.3,4423.07,32.24,119.5181531,1.17,96.25
2021-04-18,1.53,0.33,0.6,0.05,4659.85,22.26,63.08426797,1.14,106.66
2021-04-19,1.45,0.34,0.7,0.06,4664.53,31.52,64.25020026,0.89,93.52
2021-04-20,1.51,0.23,0.6,0.24,4479.94,30.49,64.54411646,1.02,95.47
2021-04-21,1.46,0.21,0.65,0.28,4503.06,28.51,112.2360387,0.94,96.31
2021-04-22,1.56,0.34,0.62,0,4507.36,30.36,103.7153585,1.52,92.64
2021-04-24,1.58,0.36,0.71,0.21,4738.64,41.64,118.3831771,1.06,94.1
2021-04-25,1.63,0.38,0.71,0.31,4841.98,18.34,63.99361998,1.35,102.03
2021-04-26,1.63,0.27,0.62,0.35,4553.66,29.13,101.5005386,1.11,92.66
2021-04-27,1.6,0.22,0.77,0.31,4624.28,33.09,91.99615704,1.07,91.53
2021-04-28,1.59,0.08,0.77,0.1,4317.74,24.33,98.34817135,1.03,103.35
2021-04-29,1.54,0.23,0.62,0.17,4351.23,32.26,90.77498241,1,88.57
2021-04-30,1.63,0.36,0.56,0.41,4673,30.31,100.5208173,1.62,100.61
2021-05-01,1.67,0.34,0.59,0.61,4709.06,21.19,114.4235456,1.07,94.86
2021-05-02,1.64,0.27,0.81,0.32,4526.73,27.13,95.24843256,0.47,88.88
2021-05-04,1.48,0.33,0.73,0.11,4531.22,38.72,113.7849526,1.46,93.31
2021-05-05,1.52,0.22,0.77,0.2,4671.94,21.03,106.9297389,1,94.89
2021-05-06,1.43,0.22,0.7,0.18,4346.8,28.92,111.895442,0.91,85.74
2021-05-07,1.43,0.35,0.81,0.26,4802.32,27.84,99.55505204,1.03,98.48
2021-05-08,1.44,0.23,0.72,0.32,4536.3,29.55,91.11634657,0.93,97.11
2021-05-09,1.35,0.25,0.82,0.3,4546.79,27.79,64.17326244,0.79,93.4
2021-05-10,1.43,0.19,0.64,0.18,4514.41,30.41,110.0941478,0.6,97.36
2021-05-11,1.48,0.42,0.7,0.28,4841.94,28.29,74.5206444,1.01,97.55
2021-05-12,1.52,0.38,0.72,0.57,4853.76,32.47,62.19965959,1.21,102.55
2021-05-13,1.49,0.22,0.85,0.31,4448.38,34.28,91.1442708,0.67,89.56
2021-05-14,1.48,0.38,0.74,0.09,4681.92,31.43,97.95093819,1.18,94.31
2021-05-15,1.42,0.18,0.75,0.38,4454.34,31.79,99.70988408,1.4,99.4
2021-05-16,1.44,0.23,0.69,0.23,4550.26,22.36,100.1829474,1.04,97.53
2021-05-17,1.47,0.27,0.76,0.34,4764.35,29.3,99.22334361,0.85,84.77
2021-05-18,1.44,0.3,0.63,0.15,4501.41,35.24,108.4915285,1.11,86.99
2021-05-19,1.41,0.35,0.62,0.41,4496.06,21.52,106.1616965,1.23,95.43
2021-05-20,1.43,0.37,0.59,0.3,4720.41,22.52,108.7700417,1.35,104.09
2021-05-21,1.48,0.29,0.67,0.28,4639.24,36.85,87.61572836,1.1,93.45
2021-05-22,1.46,0.28,0.63,0.28,4404.65,23.02,63.76912475,1.07,97.74
2021-05-23,1.5,0.42,0.73,0.28,4822.32,27.95,98.37457587,1.32,96.95
2021-05-25,1.48,0.38,0.76,0.53,4666.12,26.66,72.61288486,1.18,98.48
2021-05-26,1.49,0.33,0.61,0.23,4663.02,36.48,111.5712934,1.13,101.03
2021-05-27,1.55,0.25,0.88,0.38,4619.61,31.01,103.2999432,0.92,100.22
2021-05-28,1.52,0.28,0.72,-0.01,4709.4,32.76,105.952193,1.31,100.74
2021-05-29,1.52,0.23,0.64,0.47,4914.42,28.47,77.18533263,1.07,93.74
2021-05-30,1.63,0.22,0.73,0.35,4566.62,39.5,97.98324616,1.57,94.72
2021-05-31,1.66,0.33,0.69,0.54,4887.89,24.58,91.68503625,1.04,99.29
2021-06-01,1.71,0.35,0.55,0.31,4700.06,30.62,76.10711188,1.27,98.51
2021-06-02,1.73,0.27,0.84,0.07,4452.73,36.67,108.7335376,0.71,97.59
2021-06-03,1.76,0.32,0.87,0.43,4625.57,37.23,92.99750491,0.92,86.34
2021-06-04,1.78,0.23,0.55,0.27,4866.23,26.99,71.44729536,1.05,102.65
2021-06-05,1.75,0.29,0.72,0.11,4970.91,17.87,78.31482752,0.93,88.48
2021-06-06,1.74,0.33,0.64,0.35,4812.29,26.43,73.62644755,1.05,92.9
2021-06-07,1.7,0.39,0.6,0.38,4829.54,37.09,78.74399523,1.23,97.6
2021-06-08,1.78,0.37,0.74,0.33,5147.62,22.86,71.29015156,1.28,98.18
2021-06-10,1.87,0.35,0.53,0.45,4835.21,29.37,82.26833383,1.45,104.18
2021-06-11,1.83,0.36,0.63,0.31,4819.26,27.14,101.6389902,0.95,90.48
2021-06-12,1.83,0.25,0.76,0.33,4815.48,28.2,117.5579658,1.28,94.61
2021-06-13,1.75,0.42,0.61,0.3,5020.8,34.08,72.63216345,1.13,87.63
2021-06-14,1.75,0.33,0.76,0.26,4612,31.02,77.98977652,1.25,95.91
2021-06-15,1.78,0.35,0.73,0.47,4901.24,37.92,60.12921426,1.39,96.25
2021-06-16,1.85,0.3,0.61,0.61,4755.51,33.26,73.51828008,1.36,90.42
2021-06-17,1.81,0.4,0.61,0.25,4725.63,29.84,85.10711119,1.05,102.36
2021-06-18,1.78,0.31,0.89,-0.02,4542.15,29.3,87.7042443,1.29,100.63
2021-06-19,1.79,0.41,0.55,0.35,5013.64,29.14,75.97988947,0.92,97.87
2021-06-20,1.81,0.37,0.74,0.27,4586.25,23.04,69.01937811,1.17,101.49
2021-06-21,1.78,0.23,0.64,0.43,4851.28,23.32,93.78418311,1.17,95.93
2021-06-22,1.82,0.42,0.81,0.35,4682.83,33.04,84.55135274,1.24,99.32
2021-06-23,1.93,0.37,0.72,0.54,5155.94,31.17,85.5759525,1.33,102.74
2021-06-24,1.92,0.41,0.57,0.45,4994.83,21.43,113.698835,1,91.61
2021-06-25,1.96,0.24,0.71,0.26,4631.47,33.3,93.68657427,0.88,98.16
2021-06-26,1.94,0.29,0.75,0.33,4808.58,27.5,83.30036349,1.16,97.47
2021-06-27,2.03,0.4,0.65,0.39,5222.91,22.48,75.22738827,1.28,93.25
2021-06-28,1.92,0.45,0.65,0.32,4783.31,27.3,85.71586229,1.28,89.74
2021-06-29,1.98,0.27,0.58,0.25,4791.41,32.61,111.712107,1.37,99.32
2021-06-30,2.05,0.44,0.59,0.3,5143.14,29.76,117.906003,1.34,96.88
2021-07-01,2.03,0.33,0.72,0.53,5049.65,28.92,82.63384588,1.26,90.24
2021-07-02,1.97,0.36,0.86,0.25,4800.43,30.76,72.53892844,1.33,99.03
2021-07-03,1.92,0.33,0.68,0.25,4979.2,22.25,114.8711795,1.16,101.72
2021-07-05,1.94,0.38,0.58,0.41,4902.42,30.9,68.66622031,1.14,90.98
2021-07-06,1.99,0.41,0.51,0.36,4941.7,25.53,77.84311548,0.95,97.18
2021-07-07,1.96,0.39,0.74,0.61,5042.4,37.35,72.24875639,1.45,105.35
2021-07-08,1.97,0.4,0.58,0.75,4975.65,25.85,93.94977512,1.21,92.7
2021-07-09,1.83,0.39,0.72,0.45,4863.93,39.67,84.51846741,1.37,105
2021-07-10,1.72,0.29,0.78,0.15,4689.62,28.19,77.22998105,0.86,94.38
2021-07-11,1.86,0.38,0.71,0.56,4980.99,27.05,106.0756872,1.15,97.12
2021-07-12,1.86,0.37,0.65,0.19,4776.23,27.43,99.84700248,1.3,89.12
2021-07-13,1.74,0.28,0.74,0.1,4457.96,24.19,119.7306885,1.02,87.73
2021-07-14,1.78,0.28,0.82,0.47,4708.56,35.46,78.7192925,0.88,92.89
2021-07-15,1.86,0.48,0.63,0.36,4821.56,28.55,110.716864,1.38,101.37
2021-07-16,1.94,0.39,0.59,0.44,4741.29,31.5,78.15044802,0.9,108.34
2021-07-17,1.98,0.42,0.55,0.32,4847.43,36.37,60.5422415,1.34,109.73
2021-07-18,2,0.28,0.55,0.41,4825.74,27.44,69.05386118,0.99,96.29
2021-07-19,2.14,0.44,0.77,0.47,5085.27,26.83,90.5082311,1.51,95.92
2021-07-20,2.15,0.42,0.59,0.52,4766.91,28.96,108.6005604,1.2,91.84
2021-07-21,2.19,0.42,0.66,0.2,5264.71,20.17,63.44475564,1.41,103.99
2021-07-22,2.2,0.38,0.63,0.25,4665.01,19.95,109.920876,1.07,92.28
2021-07-23,2.14,0.47,0.54,0.2,5087.13,19.35,102.9644636,1.33,96.95
2021-07-24,2.32,0.46,0.64,0.19,5203.29,32.55,62.07114499,1.38,101.14
2021-07-25,2.38,0.58,0.63,0.39,5261.31,24.35,66.37774598,1.54,101.28
2021-07-26,2.32,0.36,0.6,0.25,4962.2,31.99,64.5377978,1.18,93.88
2021-07-27,2.34,0.59,0.47,0.51,5276.13,24.99,100.7395798,1.66,98.24
2021-07-28,2.48,0.37,0.62,0.33,5226.63,18.5,93.66177557,1.21,95.69
2021-07-29,2.46,0.65,0.39,0.53,5475.29,29.15,81.53149767,1.69,96.01
2021-07-30,2.41,0.45,0.62,0.29,5304.05,21.52,65.29869451,1.52,93.91
2021-07-31,2.35,0.35,0.62,0.72,4986.26,30.28,83.5788904,1.51,90.27
2021-08-01,2.32,0.28,0.66,0.3,4791.42,32.5,100.930384,1.24,98.92
2021-08-02,2.39,0.35,0.44,-0.01,5106.99,26.57,65.60470398,1.39,97.01
2021-08-03,2.42,0.39,0.43,0.39,5413.74,27.95,111.3950971,1.51,93.74
2021-08-04,2.54,0.52,0.45,0.58,5506.5,17.75,63.77451704,1.27,94
2021-08-05,2.61,0.4,0.46,0.45,5425.29,39.96,96.49162561,1.55,93.44
2021-08-06,2.66,0.4,0.59,0.34,5507.39,27.42,71.3488622,2.13,96.72
2021-08-07,2.72,0.5,0.59,0.36,5481.24,29.22,65.49838046,1.79,105.32
2021-08-08,2.79,0.7,0.38,0.45,5637.54,29.47,81.29829223,1.36,96.79
2021-08-09,2.72,0.58,0.5,0.61,5565.89,23.43,100.0156825,1.23,103.67
2021-08-10,2.7,0.39,0.58,0.37,5378.45,25.79,67.26317671,1.47,107.41
2021-08-11,2.83,0.56,0.44,0.46,5719.91,29.55,88.54183944,1.8,101.71
2021-08-13,2.85,0.54,0.58,0.66,5529.3,23.12,84.36642694,1.5,96.21
2021-08-14,2.93,0.53,0.36,0.79,5810.55,25.43,85.64725449,2.03,101.08
2021-08-15,2.85,0.43,0.42,0.7,5647.32,26.45,116.605005,1.43,100.67
2021-08-16,2.9,0.54,0.31,0.6,5787.58,19.95,80.94179409,1.68,110.02
2021-08-17,2.9,0.68,0.48,0.84,5924.29,25.14,119.4977345,1.69,93.42
2021-08-18,2.81,0.39,0.53,0.58,5069.44,18.22,92.30347005,1.48,103.89
2021-08-19,2.77,0.5,0.45,0.38,5653.74,28.87,110.5488531,1.73,92
2021-08-20,2.82,0.45,0.47,0.52,5611.89,32.16,80.93186011,1.81,104.75
2021-08-21,2.85,0.59,0.56,0.81,5699.49,28.74,65.08642927,1.55,98.74
2021-08-22,2.89,0.62,0.54,0.58,5673.61,31.7,65.06421884,1.83,109.91
2021-08-23,2.99,0.44,0.47,0.58,5830.76,20.02,94.44895729,1.69,104.53
2021-08-24,2.97,0.69,0.42,0.55,5732.42,22.71,115.794948,1.89,104.03
2021-08-25,2.93,0.47,0.36,0.73,5734.56,24.18,64.27324912,1.94,96.74
2021-08-26,3.05,0.6,0.37,0.85,5744.5,23.8,101.3470379,1.69,110.87
2021-08-27,3.12,0.61,0.4,0.46,5745.13,21.35,93.79506543,1.51,115.54
2021-08-28,3.05,0.53,0.48,0.29,5732.29,19.37,99.13503681,1.65,111.12
2021-08-29,2.99,0.67,0.41,0.78,5730.9,32.64,72.93245736,1.8,95.98
2021-08-30,2.91,0.63,0.51,0.54,5541.21,20.48,64.23051074,1.23,99.41
2021-08-31,2.84,0.57,0.32,0.69,5832.69,31.51,64.48369376,1.58,95.83
2021-09-01,2.93,0.35,0.45,0.67,5458.71,27.7,74.80348666,1.61,96.73
2021-09-02,2.88,0.6,0.41,0.68,5745.82,24.88,72.81835593,1.1,102.55
2021-09-03,2.98,0.49,0.36,0.79,5853.6,26.2,67.58145654,1.44,105.16
2021-09-04,2.89,0.58,0.38,0.59,5508.73,32.43,75.88097768,1.4,102.86
2021-09-05,2.84,0.59,0.4,0.57,5589.4,11.25,92.03842151,1.55,92.03
2021-09-06,2.78,0.44,0.55,0.77,5830.07,25.65,116.9708286,1.55,100.96
2021-09-07,2.86,0.54,0.55,0.66,5634.99,25.52,115.3361256,1.46,102.82
2021-09-08,2.76,0.63,0.39,0.41,5694.53,24.82,76.30281853,1.34,105.85
2021-09-09,2.75,0.45,0.45,0.51,5740.75,28.78,63.97258765,1.95,103.06
2021-09-10,2.75,0.47,0.55,0.45,5513.43,22.43,119.7380153,1.33,101.96
2021-09-11,2.74,0.52,0.55,0.45,5400.29,20.07,88.58450117,1.04,97.98
2021-09-13,2.85,0.54,0.44,0.35,5576.02,17.51,118.6980626,1.78,101.93
2021-09-14,2.94,0.57,0.56,0.39,5472.8,20.63,92.25852107,1.33,112.76
2021-09-15,2.92,0.49,0.68,0.15,5109.31,29.95,113.1816492,1.11,104.52
2021-09-16,2.96,0.5,0.37,0.81,5549.83,27.03,86.83323911,1.68,102.31
2021-09-17,3.04,0.65,0.42,0.44,6067.27,26.58,97.32138066,1.68,106.48
2021-09-18,2.98,0.63,0.39,0.57,5630.89,22.1,92.14441907,1.59,100.98
2021-09-19,3.03,0.49,0.44,0.59,5750.41,21.5,73.19263915,1.52,101.78
2021-09-20,3.04,0.61,0.52,0.28,5704.31,31.56,105.8278971,1.58,106.46
2021-09-21,3.15,0.7,0.43,0.47,5822.25,28.54,63.28833442,1.46,98.57
2021-09-22,3.43,0.76,0.37,0.76,6018.87,26.35,81.74470475,1.5,101.77
2021-09-23,3.49,0.81,0.42,0.9,6306.45,12.04,112.1941628,2.58,96.99
2021-09-24,3.33,0.75,0.43,0.66,5952.77,32.47,90.16102576,1.57,106.2
2021-09-25,3.28,0.57,0.39,0.49,5897.82,22.52,64.65872864,1.41,107.37
2021-09-26,3.25,0.64,0.4,0.51,6030.24,23.27,72.45181521,1.99,105.6
2021-09-28,3.31,0.45,0.46,0.76,5804.11,25.82,66.5783718,1.7,100.25
2021-09-29,3.16,0.62,0.4,0.43,5628.12,25.16,76.65799842,1.57,100.44
2021-09-30,3.09,0.51,0.4,0.65,5407.46,24.02,69.91870988,1.41,100.85
2021-10-01,3.13,0.43,0.52,0.79,5960.53,23.77,102.717047,1.61,107.43
2021-10-02,3.2,0.6,0.38,0.48,5808.91,26.52,99.56557865,1.61,106.84
2021-10-03,3.2,0.5,0.43,0.45,5922.8,26.82,68.10473202,1.97,95.25
2021-10-04,3.1,0.63,0.43,0.55,5768.71,29.66,86.69944996,1.59,97.05
2021-10-05,2.98,0.43,0.55,0.37,5483.78,19.62,77.75049474,1.72,102.06
2021-10-06,2.88,0.47,0.6,0.49,5526.79,21.98,80.23295816,1.52,93.59
2021-10-08,2.82,0.53,0.5,0.5,5676.34,28.25,94.55878606,1.56,105.61
2021-10-09,2.93,0.47,0.41,0.48,5593.7,16.6,113.9213427,1.35,99.17
2021-10-10,3.01,0.76,0.37,0.98,5911.65,23.84,113.839501,2.13,105.5
2021-10-11,3.09,0.66,0.49,0.31,5663.34,20.05,84.78128979,1.6,101.19
2021-10-12,2.99,0.63,0.55,0.86,5823.39,26.22,83.59170904,1.65,101.04
2021-10-13,2.96,0.45,0.49,0.15,5330.7,21.28,91.07855225,1.82,94.06
2021-10-14,2.91,0.44,0.4,0.56,5700.36,22.7,88.44690042,1.63,97.76
2021-10-15,2.96,0.48,0.41,0.41,5667.4,22.98,63.70710143,1.66,99.99
2021-10-16,2.93,0.44,0.52,0.3,5421.98,26.55,94.72496709,1.48,98.94
2021-10-17,2.96,0.61,0.43,0.68,5860.46,28.07,95.08394758,1.52,105.34
2021-10-18,3.01,0.45,0.56,0.58,5554.91,29.59,87.02024452,1.8,97.35
2021-10-19,3.04,0.54,0.41,0.5,5648.59,25.42,84.8378846,1.28,100.45
2021-10-20,2.91,0.73,0.45,0.55,5876.69,17.78,116.3367447,1.47,109.19
2021-10-21,2.77,0.44,0.52,0.69,5565.51,37.64,96.04944011,1.37,104.37
2021-10-22,2.81,0.55,0.53,0.6,5722.84,23.69,108.9767664,1.64,101.41
2021-10-23,2.81,0.5,0.57,0.73,5296.57,27.38,117.2304638,1.4,91.69
2021-10-24,2.78,0.6,0.62,0.73,5407.54,26.65,108.6061014,1.08,92.69
2021-10-25,2.68,0.73,0.37,0.15,5745.45,25.38,116.5787743,2.1,104.58
2021-10-26,2.67,0.56,0.58,0.53,5609.53,20.36,105.5576146,1.69,104.11
2021-10-27,2.6,0.45,0.47,0.24,5190.57,28.53,70.20723131,1.27,88.94
2021-10-28,2.75,0.6,0.55,0.48,5567.33,33.87,73.61582536,1.61,103.73
2021-10-29,2.73,0.49,0.61,0.47,5359.18,15.73,71.63371506,1.51,96.41
2021-10-30,2.68,0.39,0.46,0.71,5739.41,24.3,79.32756536,1.52,98.83
2021-10-31,2.83,0.32,0.44,0.59,5254.45,20.77,81.29956774,1.44,103.07
2021-11-01,2.77,0.55,0.58,0.71,5481.82,29.6,108.6709187,1.62,104.01
2021-11-02,2.8,0.49,0.42,0.78,5557.19,30.25,81.65111794,1.76,99.96
2021-11-03,2.78,0.46,0.58,0.87,5329.95,25.04,103.6331206,1.45,102.76
2021-11-04,2.87,0.45,0.5,0.34,5525.63,24.99,114.2290064,1.6,98.49
2021-11-05,2.84,0.51,0.38,0.79,5687.06,19.9,66.87320494,1.53,96.74
2021-11-06,2.79,0.32,0.66,0.27,5159.84,14.36,60.01567518,1.3,105.15
2021-11-07,2.82,0.43,0.55,0.39,5440.72,24.3,113.3195157,1.28,105.98
2021-11-08,2.89,0.51,0.53,0.59,5645.6,23.45,74.2953709,1.39,97.26
2021-11-09,2.88,0.49,0.56,0.23,5493.3,25.3,69.20626501,1.4,97.25
2021-11-10,2.98,0.57,0.47,0.2,5634.91,8.02,77.71252662,1.51,105.04
2021-11-11,3.03,0.63,0.43,0.35,5727.52,15.25,71.16156647,1.81,97.65
2021-11-12,3.05,0.62,0.49,0.66,5610.45,17.07,107.6191202,1.48,104.52
2021-11-13,3.11,0.57,0.46,0.83,5840.44,23.99,98.07048102,1.58,96.3
2021-11-14,3.03,0.48,0.32,0.42,5761.37,26.56,70.03825727,1.58,99.93
2021-11-15,3.04,0.67,0.37,1.04,5884.01,17.42,95.01382649,1.67,106.66
2021-11-16,3.12,0.61,0.42,0.74,5561.2,23.1,72.48546345,1.89,95.68
2021-11-17,3.11,0.59,0.36,0.49,5718.44,21.15,71.85335835,1.52,98.02
2021-11-18,3.15,0.64,0.45,0.64,5895.53,33.11,95.72682023,1.82,103.93
2021-11-19,3.26,0.47,0.38,0.7,5697.3,22.2,99.88122221,1.66,91.89
2021-11-20,3.2,0.62,0.39,0.89,5830.29,21,80.77212313,1.7,102.23
2021-11-22,3.33,0.67,0.38,0.43,5983.71,18.61,105.8044549,1.54,108.11
2021-11-23,3.27,0.43,0.63,0.2,5511.77,15.42,110.2328694,1.61,104.39
2021-11-24,3.29,0.78,0.45,0.83,5928.67,26.48,114.9806523,1.29,101.5
2021-11-25,3.33,0.54,0.43,0.58,6020.63,21.13,97.56359557,1.55,102.64
2021-11-26,3.37,0.67,0.38,0.37,5979.78,20.78,73.20149339,1.62,109.73
2021-11-27,3.42,0.58,0.33,0.58,5931.14,23.65,104.9078881,1.68,109.12
2021-11-28,3.41,0.69,0.27,0.65,6057.86,14.4,66.47075047,1.79,102.24
2021-11-29,3.45,0.72,0.27,0.28,6224.37,30.35,70.87289169,2.13,100.36
2021-11-30,3.45,0.61,0.25,0.91,6113.73,12.74,109.9672876,1.94,107.44
2021-12-01,3.49,0.65,0.4,0.74,5942.1,31.56,114.6497665,1.77,107.97
2021-12-02,3.57,0.68,0.39,0.59,5876.88,22.84,64.00302396,1.64,108.98
2021-12-03,3.51,0.65,0.4,0.66,6170.88,19.7,78.72729185,1.77,106.29
2021-12-04,3.7,0.56,0.24,0.98,6027.41,25.56,97.75065191,1.55,101.02
2021-12-05,3.69,0.73,0.35,0.84,6166.67,20.01,116.3188644,1.4,94.91
2021-12-06,3.88,0.58,0.25,0.95,6370.09,25.11,94.24352643,1.7,114.24
2021-12-07,3.97,0.83,0.27,0.91,6617.56,20.92,109.2595531,2.3,113.63
2021-12-08,3.72,0.79,0.25,0.61,6406.02,23.8,115.3653071,1.83,100.93
2021-12-09,3.76,0.8,0.33,0.7,6353.27,26.22,91.14257318,1.79,104.93
2021-12-10,3.83,0.73,0.36,0.93,6263.52,20.32,104.4269742,2.09,102.71
2021-12-11,3.67,0.54,0.38,0.26,6034.34,27.16,99.74477476,1.24,103
2021-12-12,3.62,0.85,0.22,0.43,6509.59,22.69,100.2817337,1.87,102.9
2021-12-13,3.76,0.61,0.43,0.72,6331.04,27.96,91.02400002,1.65,107.17
2021-12-14,3.83,0.53,0.27,0.63,6448.47,18.44,97.39149943,2.03,99.05
2021-12-15,3.89,0.71,0.3,1.1,6342.09,27.25,93.26247037,2.07,102.61
2021-12-17,3.93,0.8,0.25,0.46,6400.21,16.93,98.26458072,2.04,108.57
2021-12-18,3.91,0.6,0.26,0.55,6251.41,10.87,90.31186739,2.21,94.23
2021-12-19,3.97,0.68,0.38,0.97,6210.82,14.5,73.34982089,1.98,105.22
2021-12-20,4,0.79,0.11,0.83,6702.63,17.63,101.617107,2.12,102.98
2021-12-21,4.02,0.69,0.3,0.88,6450.91,21.47,83.04190102,2.47,112.92
2021-12-22,4.01,0.9,0.19,1.01,6669.17,19.09,67.66449085,1.67,107.63
2021-12-23,4.14,0.74,0.22,0.42,6523.43,23.89,111.0794517,2.44,101.11
2021-12-24,4.24,0.8,0.21,1.04,6609.67,13.45,70.88082022,2.4,112.81
2021-12-25,4.21,0.58,0.34,0.49,6423.38,28.83,92.44253841,1.95,104.9
2021-12-26,4.25,0.85,0.26,0.47,6658.67,26.15,103.2670434,1.92,106.23
2021-12-27,4.1,0.62,0.29,0.7,6418.69,25.39,98.86214511,1.8,108.72
2021-12-28,4.04,0.86,0.24,0.89,6632.66,26.01,69.65157002,1.97,102.29
2021-12-29,3.96,0.84,0.31,0.64,6484.27,12.45,71.6482876,2.22,112.02
2021-12-30,4.02,0.72,0.24,0.37,6677.35,22.43,68.93087903,1.61,108.95
2021-12-31,4.1,0.5,0.3,0.43,6261.14,24.58,64.35283129,2.31,100.91
2022-01-01,4.07,0.77,0.18,0.56,6595.2,23.78,76.99640898,2.11,103.89
2022-01-02,4.1,0.77,0.28,0.61,6449.09,24.75,91.4483004,2.18,98.21
2022-01-03,4.14,0.8,0.3,0.82,6640.73,21.57,70.37705325,1.82,107.19
2022-01-04,4.17,0.79,0.29,0.52,6404.56,22.39,118.2515563,2.11,103.74
2022-01-05,4.22,0.76,0.18,0.62,6574,25.11,101.9298289,2.16,107.42
2022-01-06,4.14,0.83,0.27,0.48,6133.93,18.42,95.006075,1.96,94.96
2022-01-07,4.12,0.72,0.25,0.96,6371.72,22.03,100.8851168,1.84,102.18
2022-01-08,3.82,0.78,0.37,0.54,6421.14,17.99,86.15700063,1.85,99.33
2022-01-10,3.88,0.77,0.22,0.85,6679.85,18.5,88.19449067,1.83,108.21
2022-01-11,3.8,0.64,0.43,0.67,5925.7,9.18,113.3198974,1.9,99.45
2022-01-12,3.67,0.63,0.32,1.02,6299.12,17.06,103.3163672,2.13,105.94
2022-01-13,3.77,0.6,0.34,0.76,6178.73,19.24,95.29121028,1.91,100.91
2022-01-14,3.82,0.51,0.35,0.5,6056.31,20.19,117.0127533,1.23,110.82
2022-01-15,3.83,0.61,0.34,0.77,6185.47,19.99,99.75847747,2.11,103.6
2022-01-16,3.76,0.65,0.34,0.6,6209.78,15.5,83.92140606,1.88,108.15
2022-01-17,3.71,0.77,0.22,0.39,6304.89,19.24,62.8474753,1.38,103.53
2022-01-19,3.68,0.55,0.28,0.6,6240.57,26.73,83.44056637,1.53,108.31
2022-01-20,3.69,0.64,0.29,0.91,6017.73,20.85,115.4883483,1.56,98.79
2022-01-21,3.75,0.78,0.31,0.84,6010.19,29,62.67899148,1.75,102.28
2022-01-22,3.68,0.64,0.31,0.51,6303.89,27.22,71.07375876,1.69,101.62
2022-01-23,3.53,0.49,0.31,0.85,6054.17,19.16,108.524853,1.61,112.25
2022-01-24,3.51,0.69,0.29,0.71,6397.25,23.64,81.89728957,2.1,98.27
2022-01-25,3.6,0.77,0.4,0.68,6068.09,15.39,71.15392066,2.04,113.4
2022-01-26,3.51,0.68,0.29,0.86,6289.88,15.88,108.9399088,2.08,96.98
2022-01-27,3.42,0.6,0.38,0.83,6092.42,22.51,93.50637854,1.48,106.73
2022-01-28,3.48,0.83,0.34,0.55,6154.57,24.05,92.9078077,2.04,100.38
2022-01-29,3.57,0.63,0.33,0.67,6193.48,29.53,77.62709684,1.76,104.81
2022-01-30,3.61,0.62,0.26,0.5,6208.35,20.48,100.5080822,2.26,102.85
2022-01-31,3.51,0.38,0.44,0.83,5776.37,24.66,111.7095653,1.67,97.06
2022-02-01,3.49,0.54,0.3,0.39,6038.59,22.77,105.0123185,2.01,103.12
2022-02-02,3.44,0.55,0.4,0.73,6007.97,31.77,96.74556472,1.83,100.11
2022-02-03,3.48,0.67,0.32,0.42,6219.33,27.88,81.03117175,1.97,106.69
2022-02-04,3.57,0.8,0.45,0.56,5877.52,24.49,111.2882159,1.67,97.41
2022-02-05,3.69,0.65,0.38,0.57,6209.8,25.52,93.9664554,2.09,105.81
2022-02-06,3.68,0.63,0.4,1.08,6434.37,22.51,113.3750869,2.11,108.56
2022-02-07,3.67,0.52,0.32,0.72,6288.32,26.55,75.2507162,1.82,103.28
2022-02-08,3.75,0.66,0.2,0.88,6257.62,25.29,99.25773018,1.81,97.41
2022-02-10,3.84,0.77,0.29,0.78,6467.11,18.4,116.111334,1.87,113.75
2022-02-11,3.88,0.94,0.23,1.22,6519.97,20.9,82.44514081,2.12,106.93
2022-02-12,3.83,0.55,0.34,0.29,6237.87,22.03,117.0759818,1.93,100.18
2022-02-13,3.88,0.79,0.36,0.79,6129.19,22.36,83.54772166,1.9,105.87
2022-02-15,3.79,0.76,0.2,1.04,6443.93,18.04,86.26128181,1.87,96.04
2022-02-16,3.69,0.61,0.46,0.55,6107.56,23.61,108.3868424,2.1,108.96
2022-02-17,3.71,0.67,0.36,0.94,6110.04,18.9,75.64629892,1.56,114.18
2022-02-18,3.55,0.76,0.24,0.87,6395.24,18.12,102.352383,2.05,108.08
2022-02-19,3.53,0.54,0.33,0.78,6105.62,21.52,77.90335143,1.98,97.87
2022-02-20,3.61,0.58,0.38,0.47,6027.97,23.33,95.62621241,1.74,93.07
2022-02-21,3.54,0.51,0.4,0.4,6144.91,28.25,106.5576528,1.5,109.7
2022-02-22,3.43,0.6,0.36,0.59,5942.5,26.08,61.5683585,1.82,101.74
2022-02-23,3.49,0.65,0.36,0.95,5872.21,28.41,65.30862443,1.95,100.18
2022-02-25,3.53,0.75,0.24,0.83,6323.05,29.53,116.0624613,2.29,110.16
2022-02-26,3.37,0.58,0.34,0.7,6000.33,20.06,108.9497728,1.83,99.06
2022-02-27,3.39,0.53,0.27,0.46,6225.55,25.44,112.6205712,1.69,106.93
2022-02-28,3.48,0.64,0.47,0.76,5888.36,26.68,86.33650005,1.85,102.2
2022-03-01,3.52,0.66,0.32,0.29,6272.25,22.84,102.9811124,1.94,104.67
2022-03-02,3.46,0.58,0.38,0.68,5968.28,26.55,119.8965142,1.86,111.06
2022-03-03,3.46,0.7,0.26,0.79,6106.19,22.64,85.95187431,1.6,100.36
2022-03-04,3.49,0.69,0.32,0.45,6174.7,25.32,110.8067898,1.92,100.13
2022-03-05,3.52,0.67,0.33,0.78,6241.8,14.59,64.75698078,1.93,102.32
2022-03-06,3.55,0.62,0.38,0.26,6094.72,22.06,92.63176148,2.28,96.94
2022-03-07,3.52,0.59,0.38,1.04,6103.82,25.66,79.99438914,1.81,107.56
2022-03-08,3.39,0.61,0.31,0.59,6055.68,27.18,91.38542395,2.13,106.98
2022-03-09,3.4,0.51,0.35,0.84,5836.71,19.02,66.8444634,1.95,101.63
2022-03-10,3.53,0.62,0.47,0.51,5903.28,22.53,82.06091603,1.72,97.44
2022-03-11,3.63,0.73,0.34,0.54,6203.4,16.11,64.59178422,2.1,89.85
2022-03-12,3.67,0.69,0.34,0.64,5966.16,21.01,87.18558825,1.55,97.88
2022-03-13,3.63,0.55,0.43,0.79,5939.64,24.44,86.50769317,1.68,100.99
2022-03-14,3.67,0.86,0.22,0.85,6579.3,25.2,79.78260845,1.89,95.48
2022-03-15,3.74,0.84,0.16,0.58,6521.48,24.47,116.8987232,1.97,117.52
2022-03-16,3.72,0.63,0.24,1.14,6278.08,22.77,64.97601344,1.43,105.42
2022-03-17,3.77,0.78,0.25,0.75,6509.05,17.01,109.4927188,2.33,107.46
2022-03-18,3.81,0.89,0.23,0.41,6479.34,19.38,81.29562826,1.93,104.17
2022-03-19,3.86,0.68,0.22,0.45,6444.44,33.01,71.95882311,2.13,108.37
2022-03-20,3.82,0.64,0.24,0.44,6278.66,13.9,76.35353409,1.96,102.6
2022-03-22,3.95,0.93,0.29,0.81,6536.58,13.82,114.113629,1.96,104.33
2022-03-23,3.93,0.89,0.27,0.34,6490.42,20.68,109.4939172,1.76,112.22
2022-03-24,3.88,0.7,0.28,0.76,6543.8,23.65,60.94545862,1.81,110.38
2022-03-25,3.95,0.84,0.3,0.88,6177.63,25.84,68.83976678,1.8,103.42
2022-03-26,3.92,0.76,0.16,0.67,6739.11,20.33,100.5016284,2.02,116.22
2022-03-27,3.92,0.78,0.26,0.94,6664.06,11.01,79.04484081,1.94,105.98
2022-03-28,4.01,0.84,0.36,0.41,6172.27,20.47,115.1484665,1.71,100.9
2022-03-29,4.08,0.9,0.23,0.62,6591.98,10.62,107.1901,2.15,106.19
2022-03-30,3.97,0.64,0.24,0.43,6807.67,20.67,112.5023259,2.31,107.81
2022-03-31,3.98,0.71,0.28,0.78,6635.35,21.73,71.57222753,1.82,99.58
2022-04-01,3.97,0.92,0.24,0.9,6654.11,18.85,69.04231301,1.88,107.95
2022-04-02,3.98,0.75,0.29,0.56,6256.95,15.41,115.9157964,1.91,114.25
2022-04-03,3.93,0.7,0.22,0.73,6600.01,15.71,84.25164234,1.99,109.94
2022-04-04,3.7,0.85,0.23,0.84,6298.37,13,84.94300255,1.82,107.21
2022-04-05,3.55,0.59,0.32,0.84,6176.49,21.02,101.0742381,2.06,106.13
2022-04-06,3.64,0.71,0.36,0.66,6031.34,38.16,83.84706693,1.8,97.69
2022-04-07,3.51,0.66,0.35,0.5,5928.69,22.34,112.5114809,1.39,97.17
2022-04-08,3.56,0.68,0.31,0.88,5948.22,19.84,117.544493,1.65,103.87
2022-04-09,3.39,0.51,0.36,0.66,5893.97,23.86,79.95113946,1.39,100.08
2022-04-10,3.47,0.6,0.39,0.91,6142.26,16.55,72.48346034,1.73,95.47
2022-04-11,3.59,0.61,0.4,0.36,6069.07,16.51,64.51833729,1.53,101.16
2022-04-12,3.48,0.7,0.29,0.71,6035.89,19.2,72.86176717,1.42,104.96
2022-04-13,3.38,0.69,0.47,0.34,5784.2,27.46,68.36672544,1.29,104.87
2022-04-14,3.38,0.71,0.43,0.73,5920.52,24.23,61.74722002,2.14,98.28
2022-04-15,3.53,0.72,0.48,0.41,5916.18,22.24,62.79945667,1.42,101.73
2022-04-16,3.55,0.61,0.4,0.38,6181.3,25.22,90.56182416,1.79,105.6
2022-04-17,3.57,0.77,0.36,0.74,6125.54,30.14,102.4676297,1.85,97.06
2022-04-18,3.55,0.6,0.38,0.75,5996.99,26.52,118.9954875,1.74,98.3
2022-04-19,3.48,0.68,0.27,0.74,6240.39,16.03,69.34082728,2.01,103.81
2022-04-20,3.43,0.64,0.39,0.51,5841.76,13.55,101.8937893,1.69,97.49
2022-04-21,3.35,0.5,0.36,0.59,6156.69,13,93.23981529,1.74,101.63
2022-04-22,3.3,0.55,0.33,0.7,5943.72,26.92,88.68752667,1.79,114.9
2022-04-23,3.3,0.84,0.4,0.39,6046.6,18.27,103.3104269,1.84,95.4
2022-04-24,3.39,0.45,0.29,0.77,6026.93,26.44,74.3193181,1.78,109.77
2022-04-25,3.41,0.56,0.24,0.82,6073.07,19.7,78.67750479,1.93,104.73
2022-04-26,3.43,0.81,0.35,0.58,6102.1,23.51,83.07667286,1.72,97.31
2022-04-27,3.41,0.85,0.34,0.46,6338.79,24.45,70.94377201,1.87,107.45
2022-04-28,3.45,0.63,0.37,0.56,6257.12,17.52,88.71728748,1.59,103.78
2022-04-29,3.52,0.54,0.21,0.51,6158.9,25.76,67.91199445,1.79,109.38
2022-04-30,3.6,0.57,0.46,0.39,5988.18,19.42,79.08858963,1.6,105.59
2022-05-01,3.58,0.46,0.42,0.75,5759.66,20.1,66.78973733,1.85,102.37
2022-05-02,3.6,0.76,0.4,0.89,6048.53,25.89,62.15297813,1.53,101.69
2022-05-03,3.54,0.61,0.33,0.73,6053.23,25.62,81.31259779,1.66,108.39
2022-05-04,3.57,0.63,0.36,0.41,6032.1,24.61,97.05302622,1.66,100.73
2022-05-05,3.52,0.55,0.32,0.9,6097.57,16.54,69.11340629,1.93,95.95
2022-05-06,3.4,0.65,0.42,0.7,6106.98,20.02,119.6074323,1.55,93.58
2022-05-07,3.43,0.61,0.41,0.28,5929.32,26.25,76.46090016,1.72,96.01
2022-05-08,3.53,0.69,0.32,0.7,6254.76,32.68,61.36168652,1.89,107.75
2022-05-09,3.44,0.64,0.37,0.54,6054.51,31.32,61.68206052,1.96,100.92
2022-05-10,3.59,0.58,0.32,0.48,6225.3,19.35,99.99411763,1.66,99.45
2022-05-11,3.44,0.5,0.29,0.33,6350.84,17.56,100.1922219,1.65,101.98
2022-05-12,3.38,0.64,0.39,0.78,6081.44,31.04,114.162171,1.86,106.76
2022-05-13,3.37,0.71,0.38,0.35,6054.67,25.61,65.45047751,1.46,105.56
2022-05-14,3.44,0.68,0.27,0.17,6041.11,19.55,82.58211571,1.71,103.92
2022-05-15,3.52,0.61,0.29,0.51,6442.18,21.24,113.3563854,1.89,101.39
2022-05-16,3.53,0.7,0.35,0.89,6135.82,15.74,107.8606379,1.92,101.06
2022-05-17,3.43,0.57,0.32,0.85,6125.52,27.04,74.00698441,1.49,102.34
2022-05-18,3.39,0.64,0.44,0.75,6035.83,29.57,113.3980378,1.68,97.96
2022-05-19,3.46,0.82,0.37,0.69,6027.6,30,100.8489906,1.78,102.15
2022-05-20,3.5,0.61,0.38,0.72,6042.28,28.07,75.8590224,1.58,97.83
2022-05-21,3.54,0.51,0.37,0.48,5979.2,20.74,62.689463,1.69,104.49
2022-05-22,3.57,0.67,0.28,0.5,6330.59,24.96,89.84659241,2.13,106.9
2022-05-23,3.65,0.61,0.35,0.86,6144,29.22,102.7846569,1.71,108.67
2022-05-24,3.7,0.68,0.41,0.46,6000.92,27.2,76.11865076,1.68,103.82
2022-05-25,3.72,0.58,0.3,0.67,6275.16,25.39,70.12416076,2.06,105.02
2022-05-26,3.7,0.51,0.22,1.02,6356.97,21.47,64.51687377,1.9,100.31
2022-05-27,3.73,0.63,0.24,0.43,6473.89,15.7,110.5214789,2.24,104.53
2022-05-28,3.83,0.85,0.27,0.81,6135.89,30.99,63.28388568,1.5,98.17
2022-05-29,3.8,0.71,0.27,0.26,6485.79,19.88,96.56422607,1.94,96.42
2022-05-31,3.69,0.75,0.24,1.17,6524.56,25.83,105.7945932,2.18,103.92
2022-06-01,3.64,0.57,0.41,0.8,6049.66,34.44,106.8289121,1.65,100.43
2022-06-02,3.61,0.68,0.37,0.92,6134.65,26.32,99.22199495,1.78,106.28
2022-06-03,3.69,0.59,0.37,0.8,6103.42,28.15,99.16775735,2.02,97.91
2022-06-04,3.69,0.84,0.25,0.65,6493.76,15.23,88.44551453,1.85,119.15
2022-06-05,3.7,0.46,0.3,1.04,6005.47,18.8,85.00241107,1.85,100.16
2022-06-06,3.79,0.6,0.34,0.67,6235.17,27.58,68.24128712,2.02,103.39
2022-06-07,3.73,0.52,0.27,0.84,6352.25,17.83,92.12122596,1.96,101.59
2022-06-08,3.75,0.72,0.32,0.75,6235.61,14.92,64.26179106,1.85,107.26
2022-06-09,3.73,0.57,0.3,0.48,6043.93,13.64,88.0918296,1.6,101.99
2022-06-10,3.84,0.78,0.26,0.87,6335.82,19.72,103.8540455,2.07,99.3
2022-06-11,3.83,0.84,0.11,0.62,6664.9,17.82,86.57177928,1.85,96.87
2022-06-12,3.72,0.8,0.39,0.93,6245.16,26.41,90.49697884,1.94,106.45
2022-06-13,3.77,0.6,0.29,0.19,6269.35,16.24,110.5323533,1.78,107.06
2022-06-15,3.74,0.56,0.28,0.48,6159.4,28.89,98.79493947,1.72,104.72
2022-06-16,3.72,0.69,0.24,0.79,6351.87,14.86,67.6557925,1.87,103
2022-06-17,3.8,0.66,0.22,0.53,6457.07,14.31,92.57622615,2.08,103.17
2022-06-18,3.74,0.73,0.37,0.45,6215.62,22.3,81.87452235,2.15,107.28
2022-06-19,3.72,0.7,0.26,0.31,6380.03,21.07,72.40995316,1.94,103.69
2022-06-20,3.77,0.69,0.3,0.78,6156.98,24.39,98.87812084,1.71,109.14
2022-06-21,3.71,0.74,0.46,0.43,5996.56,16.83,83.19019936,1.44,101.79
2022-06-22,3.85,0.93,0.35,1.19,6440.8,22.14,106.0384158,2.19,103.95
2022-06-23,3.81,0.55,0.23,1.06,6667.77,10.89,95.19004726,2.11,107.57
2022-06-24,3.86,0.6,0.36,0.49,6159.62,10.62,66.25539715,1.79,110.36
2022-06-26,3.95,0.74,0.25,1.1,6417.27,29.34,81.02095676,1.99,110.68
2022-06-27,4.05,0.7,0.24,0.37,6658.37,24.18,76.19057587,2.26,105.81
2022-06-28,4.06,0.54,0.24,0.66,6330.78,19.98,68.99835404,1.92,103.14
2022-06-29,4.01,0.75,0.39,0.77,6224.15,11.09,108.0131706,1.75,97.76
2022-06-30,3.99,0.83,0.26,0.34,6592.01,17.86,82.71172225,1.72,108.31
2022-07-01,3.86,0.58,0.26,1.13,6633.18,21.78,96.79553085,1.83,96.54
2022-07-02,3.76,0.71,0.28,0.82,6224.97,19.15,112.9207272,1.79,112.07
2022-07-03,3.83,0.69,0.28,0.83,6424.11,28.43,92.58039664,2.15,108.6
2022-07-04,3.81,0.65,0.35,1.05,6150.48,24.83,75.48483316,1.73,99.59
2022-07-05,3.8,0.6,0.31,0.72,6282.57,16.37,107.4410881,1.95,110.17
2022-07-06,3.75,0.62,0.34,0.93,6323.88,12.83,86.14528894,2.14,106.93
2022-07-07,3.85,0.82,0.22,0.71,6338.28,25,93.83019236,2.01,106.71
2022-07-08,3.84,0.87,0.3,1.07,6249.23,25.3,114.1249931,2.29,102.57
2022-07-09,3.86,0.74,0.29,0.42,6430.61,24.12,89.35651119,1.98,107.42
2022-07-10,3.91,0.75,0.24,0.29,6507.72,28.4,80.08165306,1.97,97.94
2022-07-11,3.86,0.73,0.34,0.54,6542.59,22.41,103.6436148,1.91,105.2
2022-07-12,4.01,0.71,0.16,0.56,6484.79,20.8,68.01002547,2.37,101.27
2022-07-13,3.96,0.63,0.31,0.62,6270.6,24.6,114.8234536,2.17,102.78
2022-07-14,3.97,0.89,0.23,0.51,6734.23,24.93,114.932783,1.83,102.8
2022-07-15,4.05,0.61,0.19,0.57,6475,23.29,94.76444065,2.44,101.96
2022-07-16,4.08,0.67,0.23,0.49,6362.27,20.19,69.25775031,2.1,111.41
2022-07-17,4.2,0.8,0.29,0.65,6402,25.35,87.12546478,1.97,97.32
2022-07-18,4.05,0.55,0.24,0.53,6394.99,21.15,85.39830204,2.04,106.37
2022-07-19,4.09,0.62,0.4,0.71,6444.89,17.85,77.89881967,1.78,99.05
2022-07-20,4.02,0.86,0.2,0.6,6575.41,20.34,70.50600737,2.07,111.88
2022-07-21,4,0.71,0.32,0.63,6399.44,18.82,75.82173394,1.9,106.72
2022-07-22,4.09,0.75,0.22,0.34,6490.8,19.36,93.33170991,1.95,98.19
2022-07-23,4.16,0.52,0.33,0.73,6355.33,16.4,101.1424057,2.13,106.04
2022-07-24,4.19,0.96,0.16,0.71,6900.42,23.34,118.7757707,2.11,103.18
2022-07-25,4.21,0.62,0.2,1.09,6537.49,20.98,72.94550319,2.03,106.23
2022-07-26,4.28,0.62,0.22,1.1,6645.61,22.44,72.2409743,2.18,99.47
2022-07-27,4.3,0.7,0.17,1.22,6626.04,21.81,67.02200074,2.25,111.75
2022-07-28,4.26,0.74,0.13,0.84,6685.13,14.88,116.3396093,2.31,95.62
2022-07-29,4.34,0.86,0.26,0.71,6647.86,26.07,82.91094576,2.06,101.51
2022-07-30,4.34,0.73,0.19,1.32,6841.39,17.49,115.438848,2.06,100.98
2022-07-31,4.19,0.63,0.34,0.67,6391.74,18.36,113.3661296,2.36,106.73
2022-08-01,4.23,0.78,0.14,0.51,6701.72,20.1,62.63854238,1.58,103.51
2022-08-02,4.25,0.87,0.27,1.23,6626.93,20.45,76.78626965,2.25,104.8
2022-08-03,4.2,0.66,0.19,0.56,6750.61,31.9,78.15137387,2.08,102.9
2022-08-04,4.12,0.78,0.28,1.01,6632.18,22.11,76.64082342,2.2,99.03
2022-08-05,4.12,0.86,0.28,0.33,6470.82,17.5,85.52014877,2.02,103.93
2022-08-06,4.09,0.91,0.28,0.46,6595.85,29.01,89.95847119,2.3,98.97
2022-08-07,4.18,0.9,0.21,0.78,6494.03,11.65,105.4919655,2.1,96.04
2022-08-09,4.27,0.65,0.12,0.44,6892.76,15.69,76.06217386,1.91,110.03
2022-08-10,4.3,0.84,0.23,1.1,6543.89,16.49,77.92479931,1.78,99.53
2022-08-11,4.27,0.66,0.23,1.02,6705.74,19.24,95.9163382,2.03,113.02
2022-08-12,4.26,0.85,0.16,0.79,6459.06,21.24,70.75613752,2.17,112.58
2022-08-13,4.29,0.67,0.26,0.76,6626.03,21.77,88.39157118,2.3,109.83
2022-08-14,4.27,0.74,0.13,1.1,6960.83,19.64,75.05910599,2.11,101.77
2022-08-15,4.25,0.69,0.11,0.96,6664.71,21.96,71.87940611,1.68,116.79
2022-08-16,4.29,0.99,0.24,0.79,6712.19,18.68,107.7391846,2.19,94.26
2022-08-17,4.33,0.87,0.24,1.19,6695.16,25.69,102.4273678,2.08,101.34
2022-08-18,4.32,0.61,0.14,1.39,6944.93,10.01,74.98875686,2.22,111.1
2022-08-19,4.37,0.7,0.24,0.51,6727.2,6.38,84.91041151,1.87,109.63
2022-08-20,4.35,0.6,0.21,1.16,6714.87,22.41,69.25344372,2.37,102.66
2022-08-21,4.49,0.77,0.06,1.2,7194.82,14.92,63.19010632,2.18,104.49
2022-08-22,4.44,0.89,0.25,1.16,6572.55,27.78,95.11321221,2.14,104.73
2022-08-23,4.55,0.89,0.02,0.55,6979.4,22.84,81.8138295,2.29,106.94
2022-08-24,4.56,0.9,0.15,0.93,6961.5,20.72,72.43507245,2.33,104.88
2022-08-25,4.61,1.12,0.13,0.7,7000.95,14.97,66.87636875,2.11,115.89
2022-08-26,4.59,0.78,0.16,1.04,6787.86,21.48,100.8016682,2.01,103.48
2022-08-27,4.59,0.99,0.15,0.98,6802.8,16.36,76.28760036,2.34,113.99
2022-08-28,4.69,1.02,0.06,0.97,7130.15,17.62,114.4433346,2.38,109.7
2022-08-29,4.81,0.93,0.04,1.03,7041.68,15.76,71.56833899,2.33,112.71
2022-08-30,4.73,0.94,0.26,0.89,6648.82,20.43,74.62650694,2.31,98.39
2022-08-31,4.72,1,0.15,1.22,6888.62,16.76,111.1040794,2.27,112.12
2022-09-01,4.78,1.05,0.16,1.3,7039.73,22.4,94.34584354,2.19,112.57
2022-09-03,4.66,0.72,0.16,1,6734.23,20.7,66.5027202,2.26,103.23
2022-09-04,4.58,0.79,0.13,0.68,6863.97,15.26,92.96761127,2.31,111.43
2022-09-05,4.7,0.97,0.22,1.25,6854.69,15.81,78.48768321,2.29,99.56
2022-09-06,4.63,0.82,0.12,0.9,6921.8,11.41,104.2165017,2.05,104.86
2022-09-07,4.71,1.17,0,0.9,7437.63,6,64.66740746,2.23,115.08
2022-09-08,4.83,1,0.13,0.45,7299.17,20.69,115.073133,2.57,108.07
2022-09-09,4.91,1.04,0.11,1.39,7233.67,14.42,88.69215289,2.35,107.48
2022-09-10,4.98,0.83,-0.01,1.21,7502.83,8.91,104.0571098,2.11,117.02
2022-09-11,4.93,0.92,0.09,0.62,7071.74,18.86,102.2796956,2.06,98.6
2022-09-12,4.86,1.05,0.12,0.86,7075.65,13.29,70.69505095,2.05,107.22
2022-09-13,4.83,0.8,0.14,0.81,6908.07,17.43,112.8055966,2.44,106.9
2022-09-14,4.95,1.06,-0.01,1.37,7344.5,9.06,73.96207765,2.44,105.49
2022-09-15,4.86,1.1,0.03,1.13,7492.35,18.59,71.43403928,2.47,116.52
2022-09-16,4.84,0.85,0.11,0.83,7287.29,16.67,91.2385115,2.31,104.22
2022-09-17,4.88,0.87,0.05,1.02,7303.59,18.18,119.0728009,2.22,104.83
2022-09-18,4.88,0.94,0.17,0.8,6662.53,16.73,78.80367299,2.26,93.77
2022-09-19,4.77,0.76,0,0.65,7357.33,16.63,117.8670722,2.59,115.16
2022-09-20,4.67,0.76,0.11,1.02,6959.36,10.38,86.10547198,2.09,105.7
2022-09-21,4.57,1.12,0.01,1.37,7279.41,27.53,110.0805453,2.67,107.21
2022-09-22,4.67,1.02,0.09,0.55,7271.14,18.32,91.79906098,2.52,107.69
2022-09-23,4.58,1.02,0.11,1.13,6983.44,25.87,72.31567335,2.1,113.64
2022-09-24,4.49,0.72,0.17,0.89,6785.11,17.2,112.7995944,2.09,114.53
2022-09-25,4.62,0.84,0.16,0.77,6967.83,12.4,64.31797472,2.16,98.69
2022-09-26,4.61,0.74,0.2,0.62,6705.54,16.81,100.965268,2.14,103.41
2022-09-27,4.63,0.75,0.06,0.59,7135.52,16.8,109.8455077,2.01,102.31
2022-09-28,4.44,0.85,0.24,0.62,6344.6,19.84,109.921528,1.82,103.46
2022-09-29,4.53,0.77,0.17,0.5,6737.32,27.65,99.31794696,2.32,106.2
2022-09-30,4.45,0.77,0.13,0.58,7047.14,12.96,75.05984373,1.96,99.17
2022-10-01,4.44,0.97,0.11,1.1,6886.99,14.88,91.90000486,2.17,108.94
2022-10-02,4.42,0.9,0.23,0.96,6510.22,23.27,97.77217893,1.78,103.05
2022-10-03,4.41,1.03,0.23,1.03,6541.87,11.67,113.3816612,2.22,109.3
2022-10-04,4.42,0.64,0.15,0.5,6730.29,18.79,69.58008124,2.17,106.16
2022-10-06,4.47,0.66,0.16,0.43,6768.15,18.99,87.89516494,1.88,98.14
2022-10-07,4.39,0.78,0.13,0.77,6996.82,20.14,79.98815624,1.99,110.1
2022-10-08,4.34,0.89,0.16,0.63,6788.39,20.12,85.66274278,2.16,99.92
2022-10-09,4.27,0.56,0.3,0.96,6547.13,29.86,70.98295975,1.55,98.92
2022-10-10,4.37,0.7,0.15,1.02,6816.07,13.83,73.04585313,1.95,105.16
2022-10-11,4.22,0.86,0.2,1.37,6674.91,15.52,106.1909363,1.96,104.83
2022-10-12,4.28,0.95,0.16,0.59,6753.22,21.74,88.70258001,2.39,97.54
2022-10-13,4.18,0.79,0.14,0.71,6926.33,18.69,90.84883258,2.13,106.71
2022-10-14,4.12,0.85,0.24,0.76,6681.63,20.88,113.8486864,2.22,105.43
2022-10-15,4.14,0.81,0.23,0.3,6725.4,11.84,74.39877742,2.02,105.49
2022-10-16,4.23,0.93,0.12,0.91,6900.25,28.73,79.75629327,2.37,98.74
2022-10-17,4.23,0.97,0.24,0.4,6785.21,20.87,78.51698241,1.83,107.11
2022-10-18,4.2,0.72,0.25,1.11,6591.63,11.89,99.55428855,1.88,108.3
2022-10-19,4.04,0.75,0.21,0.45,6686.63,22.1,93.74704311,2.07,99.23
2022-10-20,3.92,0.6,0.28,0.98,6311.46,15.24,88.29267734,1.96,98.86
2022-10-21,3.91,0.86,0.36,0.38,6271.06,25.89,100.0790603,1.94,107.69
2022-10-22,3.95,0.61,0.28,0.64,6316.96,14.45,89.03511861,1.94,111.87
2022-10-23,3.93,0.83,0.21,0.56,6591.77,24.5,108.9574414,2.15,104.7
2022-10-24,3.86,0.71,0.25,0.4,6527.26,14.1,84.61458763,1.98,102.55
2022-10-25,3.89,0.61,0.27,0.99,6534.21,14.88,113.4364566,2.06,106.24
2022-10-26,3.9,0.87,0.27,1.1,6564.41,20.74,67.17780201,1.79,111.73
2022-10-28,3.89,0.86,0.23,0.91,6382.69,17.36,65.6368849,1.63,100.33
2022-10-29,3.79,0.57,0.3,0.61,6401.06,17.94,99.34209094,1.71,101.87
2022-10-30,3.84,0.76,0.21,1.09,6427.78,12.66,83.38235211,1.63,102.14
2022-10-31,3.88,0.66,0.24,0.71,6299.79,19.42,87.34286143,1.94,96.85
2022-11-02,3.95,0.79,0.33,0.52,6133.23,25.75,101.7611186,2.06,107.94
2022-11-03,3.91,0.67,0.3,1,6435.81,30.25,72.87236298,1.72,105.44
2022-11-04,3.99,0.92,0.26,1.21,6562.47,23.9,62.63567861,2.23,95.15
2022-11-05,4.05,0.69,0.26,0.72,6460.63,23.88,86.33335236,2.05,104.49
2022-11-06,4.01,0.77,0.2,0.56,6736.29,10.03,113.6835207,2.04,114.84
2022-11-07,4.02,0.86,0.28,0.59,6562.43,19.59,87.0442727,1.96,106.65
2022-11-08,4.04,0.69,0.23,0.69,6510.86,16.64,94.31786042,2.23,113.12
2022-11-09,3.98,0.89,0.39,0.73,6309.59,13.13,72.50208493,1.47,101.51
2022-11-10,3.96,0.69,0.24,0.49,6644.88,13.24,87.84443624,2.26,110.23
2022-11-12,4.07,0.93,0.34,0.62,6345.92,24.15,88.83927376,2.1,110.77
2022-11-13,4.1,0.86,0.21,0.37,6593.25,16.73,74.10847331,1.93,105.12
2022-11-14,4.14,0.9,0.26,1.09,6542.63,12.57,69.82780005,1.99,103
2022-11-15,4.15,0.68,0.24,0.84,6561.69,16.3,81.01546608,2.38,111.02
2022-11-16,4.11,0.83,0.22,1.15,6637.85,20.8,62.331927,1.8,108.35
2022-11-17,4.14,0.72,0.28,0.82,6406.97,17.12,69.98710708,1.91,109.28
2022-11-18,4.18,0.9,0.34,0.67,6359.27,14.69,103.8812093,2.06,106.33
2022-11-19,4.14,0.68,0.29,0.53,6486.65,15.72,98.94803094,2.01,104.28
2022-11-20,4.15,0.81,0.17,0.83,6699.52,23.32,78.76684897,2.12,105.66
2022-11-21,4.08,0.9,0.29,0.35,6562.92,9.16,93.06971811,2.41,103.67
2022-11-22,4.06,0.65,0.22,0.95,6424.32,18.88,109.7630973,1.76,106.78
2022-11-23,3.99,0.81,0.21,0.55,6732.27,18.1,110.348682,1.92,105.44
2022-11-24,3.87,0.79,0.21,1.08,6623.36,15.88,99.26261448,1.53,106.61
2022-11-25,4.03,0.95,0.23,0.64,6650.36,14.44,67.44320324,1.86,101.81
2022-11-26,4.17,0.66,0.18,0.41,6541.26,24.97,69.77401408,1.86,100.69
2022-11-27,4.09,0.9,0.2,0.78,6711.76,23.91,77.5003921,2.16,108.91
2022-11-28,4.09,0.69,0.16,0.86,6548.41,20.07,100.2428843,2.24,107.4
2022-11-29,4.15,0.86,0.3,0.81,6399.73,17.41,75.48023218,1.79,102.73
2022-11-30,4.17,0.71,0.2,0.37,6512.64,20.14,87.86594903,2.01,112.31
2022-12-01,4.17,0.57,0.21,0.72,6397.37,22.31,109.5315384,2.25,100.6
2022-12-02,4.31,0.96,0.19,0.81,6650.13,18.94,113.506425,2.01,107.68
2022-12-03,4.27,0.73,0.28,0.55,6567.43,22.14,110.3127219,2.1,107.3
2022-12-04,4.24,0.68,0.13,1.12,6806.28,16.72,66.98632106,2.37,106.78
2022-12-05,4.3,0.82,0.15,0.75,6736.38,3.29,114.6452469,1.91,112.28
2022-12-07,4.27,0.79,0.24,0.49,6505.72,18.87,101.0483232,1.79,113.3
2022-12-08,4.32,0.74,0.22,0.48,6764.23,21.95,97.1271959,2.47,100.72
2022-12-09,4.33,0.71,0.25,0.57,6762.7,19.03,74.85270614,2.23,94.75
2022-12-10,4.26,0.82,0.14,0.88,6839.7,20.06,115.6936721,1.9,104.21
2022-12-11,4.28,0.74,0.23,1,6742.71,17.61,61.04166398,1.89,101.12
2022-12-12,4.31,0.81,0.21,1.05,6490.69,19.09,64.93116081,1.95,102.76
2022-12-13,4.27,0.89,0.18,1.13,6582.94,20.35,69.22047462,2.33,114.61
2022-12-14,4.25,0.8,0.21,0.49,6474.27,29.79,101.648666,2.19,118.41
2022-12-15,4.19,0.88,0.2,1.29,6718.27,23.2,97.3714371,2.31,101.27
2022-12-16,4.22,0.89,0.21,0.36,6817.91,22.02,116.6806679,2.07,107.65
2022-12-17,4.13,0.62,0.28,0.91,6287.09,21.86,80.93890305,1.92,105.18
2022-12-18,4.11,0.9,0.16,0.34,6530.01,13.16,80.85700445,1.86,106.91
2022-12-19,4.09,0.87,0.24,0.58,6640.65,25.04,100.1720405,2.03,99.23
2022-12-20,4.09,0.67,0.23,0.89,6283.23,25.53,70.44943279,1.68,110.18
2022-12-21,4.1,0.67,0.2,0.41,6434.75,21.93,87.84255837,1.82,109.41
2022-12-22,4.16,0.84,0.29,0.66,6441.21,19.31,60.92599494,1.9,103.07
2022-12-23,4.19,0.95,0.15,0.64,6890.79,21.33,95.52237044,2.11,112.56
2022-12-24,4.29,0.73,0.22,0.91,6738.19,17.46,107.0394237,2.22,99.17
2022-12-25,4.31,0.86,0.13,0.93,6776.42,22.02,72.22525979,2.5,98.15
2022-12-26,4.34,0.95,0.17,0.5,6905.16,14.19,78.43023972,2.09,107.94
2022-12-27,4.3,0.75,0.25,0.42,6585.08,9.73,67.91035925,2.19,107.87
2022-12-28,4.27,0.94,0.18,1.05,6857.43,11.84,96.94047067,2.18,106.33
2022-12-29,4.27,0.58,0.24,0.74,6564.72,20.33,93.84123177,2.23,110.91
2022-12-30,4.22,0.47,0.37,0.72,6188.61,19.92,109.5837705,1.61,100.28
2022-12-31,4.25,0.78,0.34,1,6354.4,19.83,118.2206224,1.84,110.45
2023-01-01,4.24,0.82,0.14,0.71,6591.1,12.83,119.018615,2.2,109.63
2023-01-02,4.2,0.69,0.28,0.49,6563.93,21.14,66.43006594,2.15,114.68
2023-01-03,4.2,0.93,0.23,0.68,6623.77,14.61,93.18819066,2.14,96.35
2023-01-05,4.33,0.88,0.23,1.15,6666.44,21.25,107.3792838,2.41,103.8
2023-01-06,4.36,0.94,0.09,0.68,6973.11,10.77,99.53898483,1.87,102.62
2023-01-07,4.36,0.97,0.2,0.81,6893.27,14.22,113.8192034,1.91,110.47
2023-01-08,4.31,0.98,0.12,0.93,6776.76,13.59,86.50315127,2.27,114.41
2023-01-09,4.39,0.8,0.17,0.59,6623.13,22.35,85.62582439,2.21,103.66
2023-01-10,4.42,0.9,0.2,0.22,6707.18,16.62,61.56675253,2.24,109.06
2023-01-11,4.36,0.75,0.11,0.7,6768.41,20.35,60.93898879,2.72,113.99
2023-01-12,4.55,0.95,0.13,0.77,6970.18,23.66,101.5587583,2.02,108.68
2023-01-13,4.56,0.98,0.13,0.9,6975.28,26.53,88.28796879,2.31,110.87
2023-01-14,4.5,0.92,0.13,1.07,6922.41,18.91,99.61384735,2.21,97.33
2023-01-15,4.63,0.71,0.12,0.36,6903.43,12.09,74.29333985,2.36,115.23
2023-01-16,4.67,0.97,0.13,0.48,7253.41,22.62,111.7855358,2.44,107.14
2023-01-17,4.59,0.81,0.11,0.37,6849.41,25.85,114.1718706,2.07,120.06
2023-01-18,4.64,0.8,0.2,1.02,6866.34,18.02,99.73780308,2.25,102.43
2023-01-19,4.62,0.9,0.19,0.94,6703.38,25.72,76.66808031,2.1,108.25
2023-01-20,4.62,1.02,0.1,1.1,7020.53,18.86,72.96935816,2.31,111.93
2023-01-21,4.61,0.68,0.12,0.52,6680.24,9.95,97.52999198,2.4,94.25
2023-01-22,4.65,0.69,0.04,1.07,7158.07,13.53,116.4466787,2.83,117.2
2023-01-23,4.7,0.81,0.06,1.03,7036.89,14.75,94.68674707,1.89,111.44
2023-01-24,4.67,0.98,0.21,1.03,6940.92,16.02,110.3582906,2.47,99.69
2023-01-25,4.63,0.96,0.2,0.76,6868.14,13.87,93.92433291,2.27,108.31
2023-01-26,4.69,0.9,0.12,0.74,7127.46,12.03,100.4760776,2.17,109.97
2023-01-27,4.63,0.83,0.17,1.3,6980.39,24.5,94.06659872,2.15,106.56
2023-01-28,4.58,0.87,0.14,0.89,6975.61,9.03,94.52182497,2.4,104.3
2023-01-29,4.5,0.81,0.23,1.22,6877.79,14.14,104.3550056,2.23,106.9
2023-01-30,4.49,0.82,0.18,0.95,6822.9,21.17,83.77466327,2.18,111.24
2023-01-31,4.47,0.82,0.21,0.51,6758.63,16.21,114.2398617,1.96,110.11
2023-02-01,4.48,0.83,0.19,0.49,6874.96,19.91,111.8095709,2.06,107.14
2023-02-02,4.45,0.71,0.18,0.69,6960.24,15.78,103.5188556,2.03,108.35
2023-02-03,4.5,0.94,0.17,0.91,6858.38,20.14,104.6055715,2.1,106.41
2023-02-04,4.48,0.73,0.17,1.23,6973.3,12.63,84.79444851,2.19,102.32
2023-02-05,4.45,0.85,0.16,0.74,6939.63,8.57,109.9515885,2.28,106.85
2023-02-06,4.36,0.69,0.21,0.54,6671.29,17.06,115.956572,1.93,102.26
2023-02-07,4.38,0.89,0.17,0.61,6729.1,10.08,107.7089165,2.25,101
2023-02-08,4.42,0.84,0.06,1.23,7147.52,16.49,67.98137425,2.14,96.08
2023-02-09,4.44,0.81,0.16,0.79,6975.55,11.76,107.1973153,2.41,105.51
2023-02-10,4.41,0.91,0.19,0.81,6778.49,12.99,87.87428963,1.97,110.32
2023-02-11,4.43,0.87,0.07,0.84,6938.83,25.33,96.52197059,2.61,113.14
2023-02-12,4.47,0.81,0.21,0.83,6742.85,20.43,119.4695975,2.22,108.17
2023-02-13,4.46,0.67,0.22,1.17,6725.33,11.16,81.56128857,2.28,99.68
2023-02-15,4.54,0.88,0.18,0.48,6783.05,18.79,80.91170311,2.06,105.2
2023-02-16,4.61,0.82,0.21,0.35,6945.28,16.87,75.78797879,2.36,101.64
2023-02-17,4.55,1.02,0.12,0.86,6860.44,7.47,67.62738722,1.97,116.74
2023-02-18,4.51,1.16,0.11,0.92,6957.69,19.1,70.09042041,2.07,105.7
2023-02-19,4.41,0.73,0.24,0.75,6752.26,23.5,90.85613943,2.06,103.79
2023-02-20,4.33,0.66,0.14,0.71,6888.14,15.95,114.5879896,2.5,111.55
2023-02-21,4.29,0.78,0.14,1.11,6799.68,17.07,108.593956,2.35,106.27
2023-02-22,4.28,0.88,0.08,0.93,7029.42,14.4,70.94952441,1.83,113.17
2023-02-23,4.43,0.88,0.11,1.05,7167.64,19.15,93.70140874,2.08,102.17
2023-02-24,4.47,0.79,0.12,1.29,7135.75,15.95,110.8154785,2.26,108.25
2023-02-25,4.39,0.88,0.16,0.51,6840.92,16.96,92.36958187,2.45,109.53
2023-02-26,4.31,0.91,0.24,0.3,6566.32,15.6,114.6859273,2.08,92.27
2023-02-27,4.24,0.76,0.13,0.9,6702.28,29.21,114.4730976,1.59,102.59
2023-02-28,4.2,0.88,0.07,0.76,7003.27,16.36,80.89464177,2,104.28
2023-03-01,4.28,0.68,0.18,0.88,6687.13,22.19,112.4357744,2.28,106.59
2023-03-02,4.22,0.54,0.25,0.9,6427.79,21.26,95.10694823,2.05,103.52
2023-03-04,4.25,0.65,0.16,1.29,6653.16,6.13,88.79077855,2.13,107.55
2023-03-05,4.25,0.79,0.31,0.93,6585.97,18.09,106.4559165,2.23,103.88
2023-03-06,4.25,0.9,0.25,0.56,6498.5,14.08,107.3770055,1.95,110.89
2023-03-07,4.23,0.95,0.23,0.44,6750.99,23.83,100.5253417,2.25,116.61
2023-03-08,4.32,0.79,0.17,0.7,6859.14,12.02,108.6536262,2.49,99.15
2023-03-09,4.29,0.73,0.18,1.04,6561.87,22.12,117.0854347,2.08,105.48
2023-03-10,4.36,0.71,0.16,0.74,6702.47,24.18,112.3852472,1.9,111.24
2023-03-11,4.48,0.64,0.33,0.35,6558.8,20.8,64.45519625,1.97,102.09
2023-03-12,4.43,0.69,0.2,1.06,6757.22,18.61,111.0017386,1.96,107.8
2023-03-13,4.36,0.59,0.3,0.65,6337.59,18.28,106.8916615,1.53,102.84
2023-03-15,4.28,0.63,0.21,0.54,6644.57,18.68,115.6044836,1.91,100.68
2023-03-16,4.28,0.67,0.27,0.56,6658.17,12.31,104.3741374,2.23,100.91
2023-03-17,4.3,0.53,0.22,0.83,6541.08,21.23,112.671211,1.97,92.3
2023-03-18,4.28,0.85,0.2,0.93,6534,25.1,60.61312571,2.29,105.99
2023-03-19,4.2,0.75,0.19,0.86,6655.97,15.06,118.6683195,2.09,106.73
2023-03-20,4.18,0.89,0.22,0.73,6611.37,19.7,71.45437824,2.22,100.63
2023-03-21,4.23,0.72,0.23,1.22,6620.28,18.86,111.8537733,1.71,104.22
2023-03-22,4.17,0.83,0.24,0.76,6694.99,20.84,115.776638,1.98,98.52
2023-03-23,4.16,0.62,0.24,0.6,6338.76,18.13,60.13340601,1.86,106.85
2023-03-24,4.2,0.65,0.22,0.51,6756.71,11.29,114.8206854,1.95,104.16
2023-03-25,4.25,0.83,0.22,0.68,6731.58,13.83,109.752713,2.36,109.42
2023-03-26,4.26,0.75,0.27,0.59,6588.4,8.01,115.3447587,1.65,103.78
2023-03-27,4.25,0.87,0.29,0.97,6350.12,24.5,70.6129383,1.92,99.44
2023-03-28,4.28,0.78,0.29,0.75,6609.14,21.27,106.646456,2.3,103.04
2023-03-29,4.27,0.96,0.21,1.02,6752.3,18.65,89.24915129,2.28,113.82
2023-03-30,4.2,0.91,0.24,0.95,6651.8,15.78,75.4613421,2,116.21
2023-03-31,4.17,0.86,0.23,0.39,6630.37,18.55,105.3702842,1.88,98.1
2023-04-01,4.15,0.77,0.25,1.17,6454.76,19.69,88.39519358,2.24,109.7
2023-04-02,4.09,0.78,0.26,0.9,6417.39,17.24,113.9930813,1.91,99.61
2023-04-03,3.99,0.64,0.24,0.91,6244.83,18.62,102.6438902,1.73,100.17
2023-04-04,3.8,0.64,0.27,0.42,6319.63,27.46,68.34872298,2.11,105.13
2023-04-05,3.78,0.6,0.33,0.86,6229.91,15.11,75.04580825,1.92,106.08
2023-04-06,3.9,0.68,0.32,0.44,6244.31,26.36,75.87201182,1.79,99.97
2023-04-07,3.96,0.64,0.23,0.5,6574.06,11.64,80.64300542,2.09,108.33
2023-04-08,3.99,0.91,0.33,0.42,6196.58,29.43,99.98702575,1.95,109.53
2023-04-09,3.94,0.74,0.24,0.75,6454.19,8.03,113.6599538,1.99,108.67
2023-04-10,3.9,0.64,0.28,0.88,6510.24,22.41,95.62201543,2.02,100.09
2023-04-11,3.85,0.57,0.32,1.01,6286.2,17.83,105.1081027,1.45,101.65
2023-04-12,3.83,0.86,0.22,0.52,6443.84,19.17,79.0039738,1.98,109.37
2023-04-13,3.92,0.76,0.25,1.12,6356.59,20.2,91.34788835,1.78,111.88
2023-04-14,3.89,0.61,0.3,0.55,6340.56,24.06,90.24758062,1.74,97.61
2023-04-15,3.86,0.79,0.33,0.24,6218.79,11.8,102.0635895,1.7,104.91
2023-04-16,3.82,0.76,0.23,0.55,6379.69,20.69,91.07753666,1.82,107.83
2023-04-17,3.79,0.75,0.37,0.87,6125.17,22.61,80.05521784,1.77,96.33
2023-04-18,3.86,0.72,0.34,0.8,6284.6,17.98,74.63444417,1.9,108.8
2023-04-19,3.81,0.84,0.35,0.36,6307.17,20.37,75.28235693,1.76,114.65
2023-04-20,3.82,0.53,0.31,0.35,6431.4,17.53,118.8530656,2.02,107.46
2023-04-21,3.83,0.58,0.28,0.62,6577.8,22.61,81.44858921,2.16,107.99
2023-04-22,3.84,0.8,0.28,0.84,6512.39,21.87,108.3962458,2.14,101.2
2023-04-23,3.87,0.71,0.36,1.02,6541.45,21.31,64.28198412,2.16,102.33
2023-04-24,3.91,0.69,0.29,0.81,6354,23.92,65.37919375,1.83,101.16
2023-04-26,3.84,0.76,0.31,0.49,6313.66,27.31,101.1690691,1.84,99.51
2023-04-27,3.77,0.76,0.27,0.67,6402.12,16.09,87.43254709,1.94,102.74
2023-04-28,3.73,0.69,0.27,0.92,6219.06,32.72,112.829598,1.75,104.94
2023-04-29,3.72,0.54,0.37,0.96,6156.12,23.72,111.7332165,1.59,98.95
2023-04-30,3.7,0.53,0.27,1,6215.15,18.85,105.3394344,1.76,101.91
2023-05-01,3.65,0.61,0.43,0.62,6019.22,33.66,108.9189733,2.11,104.43
2023-05-02,3.65,0.54,0.31,0.55,6062.58,20.04,112.2302447,1.64,92.3
2023-05-03,3.68,0.63,0.35,0.94,6330.92,14.59,107.014533,1.78,109.11
2023-05-04,3.66,0.69,0.42,0.87,5986.9,19.96,91.613535,1.64,103.56
2023-05-05,3.63,0.73,0.32,0.33,6022.03,19.57,75.88479222,1.88,103.77
2023-05-06,3.65,0.81,0.31,0.87,6447.13,25.94,107.2429405,2.02,110.27
2023-05-07,3.7,0.82,0.29,0.93,6160.14,21.03,79.06249626,1.98,108.09
2023-05-08,3.73,0.65,0.2,1.1,6444.98,20.63,74.68907967,2.49,107.91
2023-05-09,3.73,0.66,0.33,0.79,6129.03,22.39,70.3000571,1.96,104.32
2023-05-10,3.75,0.74,0.24,0.99,6325.23,26.88,97.63131164,2.08,103.9
2023-05-11,3.74,0.8,0.32,0.8,6377.63,18.94,74.54873858,2.52,101.54
2023-05-12,3.79,0.56,0.36,0.77,6200.83,20.62,82.48965822,1.93,98.55
2023-05-13,3.79,0.58,0.2,0.62,6553.49,16.22,102.54378,1.95,107.27
2023-05-14,3.75,0.68,0.27,0.38,6208.54,19.3,107.6297555,1.8,105.57
2023-05-15,3.81,0.77,0.23,0.72,6480.88,23.11,78.88587986,2.16,105.22
2023-05-16,3.74,0.59,0.34,0.49,6160.5,25.31,110.5680054,1.58,96.62
2023-05-17,3.79,0.91,0.17,0.79,6518.27,28.31,63.47740418,1.63,91.92
2023-05-18,3.85,0.65,0.28,0.52,6403.2,19.97,119.1523678,1.79,104.79
2023-05-19,3.98,0.61,0.17,0.82,6678.93,17.3,85.0125879,2.3,97.22
2023-05-20,4.03,0.83,0.26,0.82,6666.3,21.11,79.49311299,2.21,107.46
2023-05-21,4.04,0.8,0.19,1.12,6642.64,17.01,115.4205448,2.03,115.39
2023-05-22,4.06,0.64,0.35,0.77,6469.4,17.44,67.94334153,2.15,106.01
2023-05-23,4.09,0.85,0.23,0.98,6557.33,21.35,81.46792274,2.15,103.08
2023-05-24,4.08,0.83,0.28,0.52,6505.5,18.12,81.53406708,2.06,99.69
2023-05-26,4.03,0.65,0.32,0.48,6515.18,18.56,85.46170191,2,102.11
2023-05-27,4.02,0.89,0.23,0.48,6622.25,22.98,110.9003446,2.18,104.86
2023-05-28,4.09,0.63,0.36,1.13,6451.82,22.04,110.962889,2.1,109.87
2023-05-29,4.08,0.85,0.22,1.02,6435.61,29.96,95.4982378,1.95,105.74
2023-05-30,4.19,0.67,0.21,0.89,6663.22,24.1,119.5055257,2.21,104.05
2023-05-31,4.2,0.64,0.22,0.94,6422.01,16.32,110.6496467,1.85,108.21
2023-06-01,4.24,0.83,0.2,0.51,6745,16.61,100.8641556,2.19,113.77
2023-06-02,4.21,0.73,0.17,0.51,6601.03,12.31,71.96750535,2.16,107.4
2023-06-03,4.25,0.74,0.23,0.59,6878.44,13.7,92.98384433,2.08,107.39
2023-06-04,4.28,0.71,0.17,0.78,6819.63,25.01,72.8344044,2.16,98
2023-06-05,4.28,0.76,0.25,0.67,6484.25,19,78.09937398,2.08,97.8
2023-06-06,4.29,0.64,0.28,1.1,6617.22,12.74,101.1518285,1.82,97.88
2023-06-07,4.28,0.75,0.12,0.95,6973.71,8.07,71.06518283,2.26,106.24
2023-06-08,4.37,0.68,0.13,0.98,6859.05,10.77,65.45045899,2.63,102.71
2023-06-09,4.31,0.67,0.29,0.81,6470.14,16.19,91.89273555,1.81,102.32
2023-06-10,4.26,0.67,0.22,0.83,6716.52,18.81,60.05708755,2.33,101.98
2023-06-11,4.42,0.76,0.23,1.3,6622.78,17.19,96.53492089,2.06,102.04
2023-06-12,4.31,0.88,0.28,1.04,6354.97,24.06,114.0804949,2.18,95.16
2023-06-13,4.3,0.77,0.18,1.05,7072.84,13.05,71.41456133,2.08,108.38
2023-06-15,4.43,0.61,0.17,0.58,6793.07,24.57,82.96614769,2.16,110.06
2023-06-16,4.44,0.72,0.24,1.04,6891.62,17.61,114.9819897,2.61,107.06
2023-06-17,4.43,0.65,0.32,0.3,6711.7,21.75,102.2322708,2.02,107.36
2023-06-18,4.43,0.68,0.19,0.84,6662.77,16.78,68.11882306,2.19,107.94
2023-06-19,4.42,0.84,0.17,0.63,6509.4,24.84,82.91967135,2.14,107.37
2023-06-20,4.39,0.92,0.1,0.65,6950.48,10.93,105.3597109,1.84,111.67
2023-06-21,4.41,0.55,0.26,1.02,6539.15,13.66,99.88666837,2.11,111.12
2023-06-22,4.43,0.88,0.17,1.34,7161.48,12.41,69.33951816,2.03,115.63
2023-06-23,4.41,0.69,0.22,1.04,6705.1,25.21,63.74892501,2.19,96.04
2023-06-24,4.27,0.78,0.25,0.7,6516.39,18.87,100.8998888,2.02,107.28
2023-06-25,4.3,0.69,0.22,0.65,6682.22,14.3,96.54136691,1.87,99.91
2023-06-26,4.25,0.85,0.22,0.99,6576.59,18.73,63.56056225,1.79,112.32
2023-06-28,4.18,0.84,0.18,0.54,6633.27,20.24,118.4887135,2.05,105.95
2023-06-29,4.19,0.83,0.2,0.83,6491.14,14.7,75.14631426,2.49,106.29
2023-06-30,4.23,0.71,0.23,0.88,6555.37,20.3,83.16141292,2.37,106.08
2023-07-01,4.19,0.9,0.28,0.47,6455.5,19.32,70.65584935,2.07,106.05
2023-07-02,4.17,0.6,0.2,1.13,6749.76,16.3,109.7113302,2.22,114.4
