date,pi_flows,interest_rate_diff,stock_market_volatility,global_gdp_growth,trade_balance,export_import_ratio
2023-01-01,263.9131223331373,0.009191725816125219,10.185175536829915,2.9176064513028,-2086.3493604964933,0.8097461047408999
2023-01-02,309.843549872634,0.13715794886318525,10.450507520825777,2.9305953205192417,-1993.0952862372667,0.8224411035699001
2023-01-03,274.6710083019651,0.02250253255671618,10.272415169084061,3.2099937409069135,-1978.148187482272,0.7844193568830885
2023-01-04,289.42476328068983,-0.04268393284961931,11.354053783238205,3.0075870788882293,-1922.6617774457345,0.8099794211942121
2023-01-05,387.68262957758344,0.0052518503021879515,9.147934245827619,3.088238062809787,-2096.5855857015163,0.8015065364949934
2023-01-06,372.03558391783815,-0.07628098835252059,9.448318144749488,2.933441390154047,-1890.617959332059,0.8219501734060191
2023-01-07,241.0359757476051,0.01100760652012436,9.3777164945788,2.9370522993627985,-2210.288787220428,0.803710552942941
2023-01-08,348.5041647536078,-0.024108943200915132,11.005630408353838,3.125742340574117,-1992.8130166398898,0.7993186860914474
2023-01-09,348.5898778498929,0.0658196390912913,11.100899841527895,2.88509250415813,-1968.6268829920216,0.8188382204965331
2023-01-10,251.60939195334655,-0.00492062275233314,10.676789229092945,2.9810350141869164,-1846.4417534831018,0.8265459397348021
2023-01-11,350.9639448443846,0.019224360851841676,11.434120233305968,3.028465397748827,-1897.4862881658971,0.7966581587597056
2023-01-12,387.9241648429334,-0.0042089697644557625,9.097648355681262,3.0387061824897694,-2030.2806161625708,0.8098060554952582
2023-01-13,255.90283487574925,0.11701775556259138,11.967975991250386,3.0121658594683094,-1978.1985607020024,0.7908612625151368
2023-01-14,267.1574404029209,0.016519315328189624,11.84905315805311,3.072163431743678,-1849.8061845089185,0.7630713611037753
2023-01-15,364.91816106147337,0.1267155714722057,11.086499190228203,3.104373294880027,-1867.5558569934733,0.8180442803475728
2023-01-16,328.6123595262448,0.07830157306831934,12.157738758395121,3.111057739508339,-1907.5364711139505,0.8272157011100549
2023-01-17,343.6139140126027,0.06420358699333573,8.74437929858789,2.9415198697597837,-1887.6823764449323,0.8212814364323611
2023-01-18,334.07206733631557,0.061043173656602806,9.901617026644615,3.014191006497847,-1759.957135121164,0.7780513721612033
2023-01-19,337.57990882836214,0.0648026468656998,9.71582435886692,3.164589068142581,-1871.3181294673725,0.8110281241804255
2023-01-20,252.7240126320649,-0.04876458134823289,11.19766979994782,3.137083766376435,-1818.332933926717,0.7746806638465974
2023-01-21,372.41601064435565,0.03618114357567019,9.451112393229934,2.9128393681351015,-1582.5050880591136,0.847444147466367
2023-01-22,379.5321312003361,0.0948894775065845,11.28381093881117,3.087779568982589,-1931.8419478989185,0.7993315399365857
2023-01-23,310.58560064121014,0.05269298543782354,11.921914590112001,2.857315319674048,-1964.6328947113507,0.8471632100338095
2023-01-24,320.8837966195826,-0.012615382064489533,11.27164400284089,3.0623376004817264,-1691.0645924173823,0.8419750369839586
2023-01-25,247.50477524815378,0.05753015341097615,10.885254783059999,3.2499270776144473,-1827.262802370012,0.8060483433252186
2023-01-26,350.7753944424958,0.1478619174167846,9.63869307513935,2.967867369877111,-1781.1971863582219,0.802406957616249
2023-01-27,354.6680349929753,0.12750749304490638,9.80477810655634,2.9817306027190122,-1817.4640087404296,0.8330725672349949
2023-01-28,323.9581183229668,0.06456897246402923,11.926310634619975,3.144072151089617,-1755.303322347428,0.8101811884292709
2023-01-29,384.28784343212163,0.11774790244939556,11.481103389870245,2.915895287075527,-1559.444434404401,0.8301198682817607
2023-01-30,312.3688201552636,0.054356353242249036,10.687797523228973,3.009406201272148,-1629.0603370955816,0.8194161298881223
2023-01-31,358.3054842646048,-0.010005609416523925,10.33397015348223,3.1348320836829875,-1613.0257691120541,0.7944520196806122
2023-02-01,280.0944773009832,0.031470936182494705,8.751134482778346,3.014265650820032,-1830.845763223375,0.7864683338530998
2023-02-02,330.9025929575412,0.15834493967854274,9.73115259384689,3.0566035025320355,-1794.3133686427557,0.836613885471145
2023-02-03,324.3649938717755,0.06900711282582801,12.738486756312657,3.1571253379487967,-1953.0807982793697,0.8218515518403048
2023-02-04,345.35060913462854,0.07304383361270272,9.571674754812069,3.1273676409351094,-1740.085951782461,0.8230234166942988
2023-02-05,316.61137285657765,0.07272738843187,11.066672803677221,3.114401137875154,-1553.4524883789782,0.8490049960801213
2023-02-06,329.5165957803264,0.18543239338842477,11.909699612292943,3.0563133359827703,-1587.4030927860651,0.8595590710965587
2023-02-07,378.39509040164927,0.174029775342038,9.672395627737055,3.1297379411008306,-1651.224007999473,0.8316418374023377
2023-02-08,316.2570262333272,0.20617710691050195,11.137091427162035,3.0828648272281196,-1621.2776474194243,0.8312832639570409
2023-02-09,258.7688893239683,0.08979210038225308,11.915359146533211,3.143524921894834,-1677.9111106485182,0.8491006050231799
2023-02-10,427.57944583683746,0.1150318510037708,11.01500558757141,3.050557424054618,-1578.5216054941575,0.812961539232575
2023-02-11,410.1754608267549,0.026924764759536868,13.895971977972533,3.084499994792622,-1512.3846031296328,0.8455658179871846
2023-02-12,277.4921284026138,0.17910987920065058,9.384032320069172,3.0062673786395355,-1740.5360471621,0.8531429825943377
2023-02-13,377.59315968581865,0.04938044599550048,12.136422765472851,3.1042686625582734,-1538.9575369806762,0.8567123735919115
2023-02-14,318.9615371616559,0.12111446741118909,10.929955154834113,3.0291756028601733,-1465.653756012303,0.8053752216391737
2023-02-15,358.2871427214402,0.057916828505575835,11.899739703708855,3.001377309871019,-1590.3822093474648,0.8298856765587084
2023-02-16,360.8264946712261,0.08584487921444364,11.594189357213029,3.1411543353369176,-1468.7770565824278,0.828550023164082
2023-02-17,335.3974044703994,0.07593136466305382,10.444788665045392,3.139068463801305,-1247.3566106905894,0.8491155335743997
2023-02-18,308.9320174725599,0.08990698884590835,11.432003911256333,3.1985881253745565,-1529.2312717798923,0.8577351923472394
2023-02-19,314.5957544017309,0.09585088238641071,9.370168724040308,3.07969446058635,-1469.4412248240292,0.8790570151664635
2023-02-20,304.3157175091459,0.0978998434617662,11.856380332651595,3.1661185678916954,-1572.552575534059,0.8402260036758467
2023-02-21,309.53670913734993,0.1694862444611958,11.57635395471233,3.1828993060995465,-1470.5966882510731,0.8411763695826879
2023-02-22,348.77141131206855,0.07508267488321484,11.94191831400651,3.1748031953195,-1432.669579356406,0.8751237661921112
2023-02-23,317.3448326246629,0.14385915155119458,12.386439127092164,3.0502667119202873,-1449.1874451709812,0.8590643708508067
2023-02-24,388.23794163149563,0.19623630347993956,11.721003298856328,3.1502746940917805,-1560.6161485122393,0.8794883685696241
2023-02-25,429.5001523783252,0.11218479330315224,11.526535535086497,3.1742586411342884,-1427.9853767521668,0.8609124046717255
2023-02-26,327.1376888086908,0.10445493265560235,10.522440435268534,3.1410687238837767,-1292.3768973563065,0.8329980185029275
2023-02-27,369.11308216962595,0.13133091159813032,10.716350664922377,2.9342093770200344,-1383.7078521199758,0.830480290047301
2023-02-28,383.129618923668,0.20434966893933876,12.640368705390364,3.1614123709186512,-1322.347647007603,0.8271151184273428
2023-03-01,382.7479832201492,0.15757505573313155,12.915032147560616,3.369122778125188,-1432.2225002594082,0.872388906369355
2023-03-02,363.948139335654,0.12381522511924413,11.265648962184187,3.114372012973926,-1323.5062166591329,0.8839223124015898
2023-03-03,398.2870031234999,0.17707603807318645,11.574824802391118,3.0800744957282524,-1360.5443941232095,0.8981401250332414
2023-03-04,386.2678361052108,0.10027386368612368,10.649270336785683,3.1927233271490847,-1473.5371882569436,0.8790174951176427
2023-03-05,301.27477362047716,0.19196271236425266,12.751704213688498,3.1891325578887626,-1336.5689521516915,0.8864146662875418
2023-03-06,407.6182042219699,0.18083136789135404,12.269426848754435,3.2796745190479073,-1457.5656563189686,0.8525600743494326
2023-03-07,409.5274491315075,0.14751684461348186,13.570290118168009,3.037120452579537,-1411.658954806775,0.8420345909332932
2023-03-08,328.0011083249055,0.1234842439122249,10.775812261166125,3.2385515590920857,-1319.4130339324167,0.8831670001821856
2023-03-09,369.06481157187886,0.12358575338457399,11.301190095969252,3.2269620056238932,-1298.596374667,0.8755215348442869
2023-03-10,402.3368757057164,0.19716693198020277,11.935706574154645,3.1562114114688526,-1437.218985856084,0.8703193135519808
2023-03-11,358.70724135185895,0.23438135595152076,12.375812845996446,3.206801062619237,-1202.8720995734418,0.8769203619434869
2023-03-12,423.82434098479183,0.14357320913978833,11.538718327364649,3.278384344651064,-1241.0449862050405,0.8766391482456554
2023-03-13,489.37156959312347,0.20086419733296268,10.906487531100185,3.2651764001582335,-1358.6933949395345,0.8968542820592266
2023-03-14,332.8811494960704,0.07609977688944541,12.685918807119059,3.066149196612176,-1431.953968366722,0.8980801628241586
2023-03-15,304.130727235795,0.15372650695084927,12.550709297382674,3.2649732121592576,-1282.660883973306,0.8840673644402907
2023-03-16,389.3763934393917,0.18391071250432456,10.938362490914972,3.178994798644618,-1302.7397347946376,0.8911015211104064
2023-03-17,411.2660951811192,0.1424857539629384,13.235142049225797,3.1952573346135815,-1236.8062550465775,0.8854692209733075
2023-03-18,364.64715749823773,0.14365087173671065,13.07496061395851,3.1977958895763603,-1274.4069042107947,0.8669670815497839
2023-03-19,449.85601562219205,0.15959347831690657,12.0641210586513,3.177958157260525,-1428.8158615130974,0.8923242759544031
2023-03-20,311.26519873564206,0.21009835822082992,12.034485080421149,3.314659471515218,-1256.8798066120708,0.8503055873446193
2023-03-21,413.8439261390492,0.18862853654835293,12.534007645802625,3.1896231914837507,-1238.5819612321447,0.9002758260333863
2023-03-22,349.90746021518817,0.08858969146658346,11.143309461072063,3.088546640294515,-1134.628884991266,0.8563100424578122
2023-03-23,467.1719028291618,0.09697251116523915,12.060106667134006,3.1636545332000194,-1257.7898922731351,0.8869190732546917
2023-03-24,481.83128144286707,0.1751705255682941,9.90275430000235,3.2233832561422004,-1010.0773948181318,0.8653024346159379
2023-03-25,344.8751906609579,0.23090437942799089,12.956656146756067,3.330941528555018,-1359.0838545639226,0.8942757997116139
2023-03-26,356.73266952036045,0.07315107365321194,10.543769935452877,3.270835784284357,-1026.777987061843,0.8835320217972312
2023-03-27,428.19242693044373,0.18804607264605255,13.63374564296534,3.12797905357893,-1170.3015712732742,0.853317913418187
2023-03-28,366.85900635764204,0.18922645429192342,11.825268377211495,3.464057838785684,-1051.8861242944665,0.8946295314674874
2023-03-29,384.94748421617004,0.2874620016923773,11.968784145888371,3.244522643879753,-1119.839400466307,0.8756596295761276
2023-03-30,389.4899724055666,0.2013002878604721,11.577779878376647,3.3480904522460166,-1003.8389326129919,0.9058434857947135
2023-03-31,293.23939983422747,0.2422070933473221,11.94253756718068,3.2078862007525526,-1146.5056200141785,0.8892495714187983
2023-04-01,389.53367660506257,0.23262676677880925,13.674170442892397,3.278899834244981,-1207.606403420037,0.8981339836175353
2023-04-02,356.74168147222986,0.12154185144823644,9.792893097850886,3.312017025890437,-945.6688695185077,0.8720766910751343
2023-04-03,367.57443532111415,0.26898680193434377,13.582729797115757,3.352395912278183,-1089.0423001771865,0.8804439318125554
2023-04-04,465.41468288020764,0.24385253203973167,12.66885054877088,3.33881953730474,-1045.5133255699097,0.8840603099847453
2023-04-05,331.41024425846825,0.26100240441480715,11.148868076453562,3.3228086724383754,-934.1689188712098,0.9113696385772821
2023-04-06,435.8983545754941,0.43440712341705445,11.305639987903144,3.206586564975827,-1150.8145718284911,0.9287856369942049
2023-04-07,382.292454987169,0.13639585678446906,14.082408064802188,3.183426899563792,-978.0448951984803,0.8801371664689018
2023-04-08,383.25509934463184,0.3293426019116143,11.485570814292856,3.2763685204559785,-1086.5583979520534,0.9187800706625772
2023-04-09,437.7642088376733,0.2312416591177015,11.302789840281232,3.338926842321826,-1030.76079521356,0.8548520656805737
2023-04-10,416.2506850291964,0.26248674597203014,13.618517549883526,3.225848230674219,-1000.2909004540523,0.8753643322789061
2023-04-11,428.7812764273926,0.24835095415097797,12.844818540446315,3.3571437629874783,-1147.5159204805332,0.8810750574426806
2023-04-12,449.66236585872326,0.2319210154102983,11.593402744265605,3.3983945066288186,-1065.3523759612415,0.8742029590432657
2023-04-13,385.6902199385782,0.22714745133242295,12.773015952848228,3.164007005837019,-842.3363197812425,0.8705838713019927
2023-04-14,372.646308638021,0.2746208001871717,11.555700950444935,3.1744532930288933,-878.7994275074352,0.9115181236061645
2023-04-15,350.00312530118276,0.18479294423909773,13.707337689149421,3.246614123182148,-963.6574414419966,0.8999792976745155
2023-04-16,363.9926313957891,0.30068685311293036,13.692949912241556,3.2939191615557615,-923.0560752013423,0.912851265846839
2023-04-17,553.7203854258373,0.2448544401567398,13.188647802831968,3.2132074590242974,-966.7676089596357,0.9200751178828313
2023-04-18,469.50214946290447,0.211666959113145,13.043365321898644,3.403390693951877,-791.6599571565503,0.9125805102895158
2023-04-19,340.71695838132825,0.2481760488295326,14.467955042160607,3.313083377881169,-937.3284908621232,0.9214259402147368
2023-04-20,343.15028512021496,0.33604041823661235,12.731515901323062,3.277127662217558,-884.0839612125803,0.9078825372325481
2023-04-21,434.3689923089822,0.24892246870683293,11.575018105155639,3.1320982706707916,-782.6400933552171,0.8865358214569428
2023-04-22,438.64143535762014,0.2961181696322855,13.231428800050352,3.146613907079054,-964.9551935973726,0.9324344791051378
2023-04-23,439.72489352025417,0.24415394060019124,14.893064593396762,3.3088026794141454,-721.3140640064511,0.9004984590987634
2023-04-24,400.53541834236523,0.3211041125463063,11.8173207073154,3.0699484574346414,-1020.2140607738365,0.8945712820448016
2023-04-25,408.01300128556926,0.3199896726537959,12.495680090448872,3.3869780266786926,-694.1786440315773,0.9107273567696262
2023-04-26,431.6821967593463,0.38065099304326666,13.298651551885914,3.2724051669412137,-884.3853528814132,0.8970320021654481
2023-04-27,420.5853771317091,0.28194861976764574,12.853363321420325,3.6150361140020797,-861.3626066121021,0.907942119177254
2023-04-28,306.32821444533,0.32666582294466223,11.950027246690356,3.524024707768378,-1016.0686862912268,0.924174311513976
2023-04-29,406.80575781961124,0.3006427253478745,14.079251339939745,3.2775944414461757,-862.52207825406,0.9252625741332935
2023-04-30,376.7279239010194,0.36303920312823845,15.302496862368136,3.2876119137819564,-910.9981969623375,0.9013416442855224
2023-05-01,429.0613228251249,0.2648102603188116,13.20365025601639,3.400310031099451,-857.757115740355,0.9105466444207244
2023-05-02,570.5662082755339,0.3405084110072726,12.128513163898084,3.473575406355212,-800.698515125254,0.9427899182407683
2023-05-03,440.67984768474275,0.29602954622173483,11.508683585222213,3.141961505283967,-681.1631944424339,0.9322337667657064
2023-05-04,407.63178636807186,0.30506126783630444,13.340682748138475,3.1296331301562605,-746.1569580930202,0.9648095714636625
2023-05-05,470.4008520412185,0.31536456657830836,14.211646766875155,3.2485734618004516,-726.1245652363297,0.9479133404171864
2023-05-06,449.4476775684807,0.32589522784138397,13.607999826695883,3.3715569663374367,-856.4191068043558,0.9481991445792187
2023-05-07,447.3205139962763,0.3099780215281126,13.155490895923252,3.3654768327349704,-824.917514223431,0.8985584184645682
2023-05-08,457.6608254001319,0.3290313985068972,12.593685741694404,3.425272884846756,-546.9445407713853,0.9425955027720168
2023-05-09,531.1479802464896,0.39970790789064053,12.115856417407223,3.2008322521760006,-790.3120834261995,0.9272586659710743
2023-05-10,372.77888650438086,0.37258075495745263,14.067834033091799,3.091693884379804,-541.1460920875035,0.9183036721999117
2023-05-11,454.0074183769136,0.36927226596569696,14.171916984794105,3.4116159558710666,-721.0479745246782,0.9336861213469915
2023-05-12,385.0092643029281,0.305543825703819,11.737478233359392,3.245501174708489,-686.4879983655995,0.9502325514942347
2023-05-13,460.10645938478154,0.2863650262577567,14.898109654872412,3.128978281230309,-569.6552133003155,0.9423474588877534
2023-05-14,387.3990077590286,0.38109836124522095,13.907404554227334,3.3478397079292717,-539.4774244728011,0.9157638573064921
2023-05-15,413.4674989187433,0.37964193862398343,14.75799063512073,3.4151571678193617,-667.7228600379337,0.9491850178708499
2023-05-16,420.58385015276633,0.4119793984492032,12.041330898131426,3.3261401514495263,-685.4408467055375,0.9225865950231423
2023-05-17,485.13168809756127,0.31065309902735305,12.042697147842706,3.2950672917075656,-642.1835235489632,0.9406745145096115
2023-05-18,483.2660805931107,0.3318809632219576,13.284614650132452,3.327422172775384,-592.7706632168886,0.9312763570464473
2023-05-19,376.0599958393349,0.2638904535278636,13.961431043436548,3.308806385414057,-527.4109846964832,0.9339685396269416
2023-05-20,442.0950764773107,0.32874737201525206,15.28007009610992,3.2135662161242786,-606.0933048274019,0.9546732304281285
2023-05-21,404.87188445552385,0.4007057185114285,14.214850843639693,3.279409125283413,-534.6025982678602,0.9195470027966646
2023-05-22,378.4281379248799,0.33005868968520663,13.291153309654131,3.405511449147998,-422.6301921864398,0.9802572849441853
2023-05-23,431.50503720309223,0.3879137140708181,12.532528035441876,3.3880575784484273,-538.310141530414,0.9059341683384208
2023-05-24,427.934256567184,0.34887083467504676,14.813960472468525,3.375201970571619,-535.2507544997728,0.9314050423248779
2023-05-25,565.6967265729152,0.37710510705017575,12.644317130640262,3.2613874074537597,-708.2820599526158,0.9517651400544739
2023-05-26,467.01139978933804,0.30602395181247477,15.262553767804903,3.3452582050896913,-809.4389284698739,0.9570496918500094
2023-05-27,377.4850397492556,0.37017525944911356,13.374763220067676,3.1482082823231328,-497.503279207309,0.9443564003755333
2023-05-28,419.12972084408443,0.21886425408654275,15.27479259893364,3.386268719020118,-535.7982126017716,0.9462206069926007
2023-05-29,499.44009208976564,0.3615825103876401,14.388204473016671,3.5138130890770958,-567.7689943085169,0.9565819290248481
2023-05-30,553.7955722274562,0.2919099217741427,13.59734035015654,3.2260203707556894,-481.91264374176654,0.9447520440348063
2023-05-31,371.0767742377261,0.4362395754514009,13.240002124414476,3.317347082292285,-502.28097442345035,0.9782395650083222
2023-06-01,357.3822268583359,0.4173164829264461,13.443553275536125,3.4113567931592335,-373.437513783728,0.9681654283999203
2023-06-02,545.9292111495415,0.40428593005068497,14.237840501899047,3.506236644395129,-467.57938936457856,0.969837439401065
2023-06-03,472.86416751516174,0.45950895797451036,13.91174296238313,3.3386361849865263,-540.8577420408515,0.9340603241792083
2023-06-04,410.9713283184623,0.33851908623945987,13.265837714738312,3.316739879354112,-357.1237269812641,0.9527981964241666
2023-06-05,482.11992548406664,0.47583933784064003,13.71908036913099,3.1915788637032536,-467.8283957151718,0.9493791522035308
2023-06-06,324.60359049276514,0.4375870218220418,13.988351465809375,3.401321256539833,-383.43655719667913,0.9362789499298197
2023-06-07,457.56225903913116,0.38165594491223565,11.806102998317018,3.5976913132875574,-473.8062335265484,0.9645967673881884
2023-06-08,474.7870486170916,0.45277098229649054,14.418067864162133,3.423725821133811,-481.02278880037034,0.9476430748193411
2023-06-09,505.612003217493,0.343181564980922,13.005241181298231,3.3962683426831326,-397.59821457541534,0.9725065728376062
2023-06-10,409.7062048916387,0.35977679818928043,12.856692659450896,3.4332107373423626,-394.707110582975,0.9389971712483791
2023-06-11,465.6878668420978,0.3730792857678395,12.347743372187537,3.402399571534964,-337.9822087440185,0.9957843210287662
2023-06-12,416.13478373461464,0.37956615219078416,12.266257878071958,3.324713600367972,-402.8044249550346,0.9444793618657527
2023-06-13,476.17770908697395,0.3556934211201327,12.729765529469164,3.4908492948259155,-549.5507653444583,0.9677945680472669
2023-06-14,419.6437114507711,0.472181722277072,13.401254731592566,3.433603721233481,-399.1671126696158,0.9802482137766836
2023-06-15,445.0084918765754,0.4005911145679746,16.08859748339123,3.415295159779832,-266.4828149397539,0.9540007252305841
2023-06-16,416.62527036073914,0.4336653486684705,13.634521326611061,3.318503497522802,-365.5772069218044,0.9834654129689097
2023-06-17,499.9753584570976,0.3900287975941029,14.3632137654159,3.5488971591082628,-350.4528765923071,0.9428348744099064
2023-06-18,511.3436084644122,0.33002246655152145,14.611007702295801,3.4875229061122583,-217.15182309361694,0.9974634066152301
2023-06-19,457.6925303993724,0.43706176516267886,14.366654158646927,3.3682668135063776,-376.9617337534612,0.9697065441965582
2023-06-20,472.3379649109087,0.3304524141362793,14.183208168346688,3.526247648275462,-450.01967019521743,0.9584978370035298
2023-06-21,398.99900069689426,0.4251397262671551,13.09042052211504,3.3788143447329078,-301.7773976668352,0.9654449359800227
2023-06-22,457.44724529389623,0.36266194229394844,15.761704490635102,3.3528773449844853,-324.106618182518,0.98860946308209
2023-06-23,470.9233531078125,0.5329477598612897,16.14303624263538,3.357613648151721,-362.28879237632805,0.961744478122891
2023-06-24,605.4757447770627,0.48165836167264586,12.67824356151641,3.2589833702551005,-273.17694333423,0.9594489364371084
2023-06-25,419.8402452025199,0.44388418079164416,13.361936321394323,3.4857507292698906,-196.4634703630411,0.9710078645395532
2023-06-26,549.6499646945141,0.504288090774964,14.1312172265453,3.2579882690583957,-236.51782858785933,0.9529018605014928
2023-06-27,527.2865476958468,0.40129322368310416,13.471552430653718,3.3207646394298145,-194.86580250581252,1.0138544871813926
2023-06-28,492.47793551272736,0.473289257154056,14.96711843566138,3.2385564873126977,-34.19807726625231,0.9671182234639261
2023-06-29,567.3796457636413,0.4586120755706474,13.757943336440505,3.4400145846056223,-239.80167061690932,0.9960809572774928
2023-06-30,499.05640144989206,0.46432882361555566,16.676334263295324,3.436095773521685,-167.65385834004448,0.9846405294925044
2023-07-01,500.9115938686095,0.5172517602183709,15.726889446473923,3.4209644638943963,-236.3849954077832,0.9617629530755737
2023-07-02,479.8001076999999,0.4927649560161831,14.773977539404145,3.3518825814101354,-260.0745684799256,0.9823370461666225
2023-07-03,544.6370907374727,0.4730827996826045,15.613452428733265,3.341423241197689,-223.90429917636357,0.9991387022027564
2023-07-04,539.2846145727497,0.37840851039409895,15.717429246412447,3.507589868560171,-203.26432833011376,0.9806959261804794
2023-07-05,454.17979477305903,0.41565683310570095,14.072643990638499,3.408603954698825,-109.41582876659086,1.0093259180648901
2023-07-06,420.50380568359543,0.46002996685404834,13.84543689079638,3.497801245687449,99.569232805414,1.0068964732691712
2023-07-07,477.31963980941515,0.4733402979118275,14.764859854949599,3.3801468105855728,-196.9176268356043,1.0058469687723646
2023-07-08,448.4692497249798,0.41466775862845917,15.573415573119497,3.4892842191392637,-156.95075111292482,0.9792780424994022
2023-07-09,486.2974554797585,0.5942680443052368,14.875902503916576,3.6040120142579224,-111.5754592058617,0.9678768352548965
2023-07-10,552.3480972103974,0.5520101789531549,13.184908279713765,3.5348070562297544,-55.6582103671207,0.9782044383689347
2023-07-11,468.6136139875151,0.5088026578742607,13.984142974595523,3.4374553600329887,-58.85795138597522,0.995403515555189
2023-07-12,490.34003394194,0.4848048505829842,14.738057211593592,3.5069229045543895,53.22160946999969,1.003396937278166
2023-07-13,496.3848460136027,0.47309882468789977,14.761427127503744,3.459642755729936,-307.8021143216914,0.950052281177974
2023-07-14,536.9077596491113,0.438619615846006,16.834697565260985,3.4870035573165903,-293.83083163109615,0.9943239515066121
2023-07-15,383.144255105281,0.49259583043722127,13.501230102713784,3.4561606992964276,-94.70059915590232,0.9986505063109749
2023-07-16,466.15621333191064,0.5041156971825761,15.41786994359026,3.4747945495868993,74.64229945612517,0.9909403429438643
2023-07-17,508.0579189498132,0.43164630706551776,16.42645646672428,3.514943671147017,-181.62745980216363,1.0233192111161573
2023-07-18,558.5001884228468,0.5129494223660043,17.23385576046039,3.3969047315455643,-315.8008279543383,1.0069318420865212
2023-07-19,474.90362449185767,0.49098391472668235,14.583071248495235,3.397158984468922,52.105409293600026,1.0257025850287858
2023-07-20,406.67361783073835,0.4058627549382106,15.503960781041,3.362398877448959,29.37825369859206,0.9961820427258274
2023-07-21,532.4893316968031,0.4607401479572654,15.607354342161052,3.3437322880458695,-93.98324669498066,1.0202533092486346
2023-07-22,470.738146222879,0.4855853874893188,15.2581383731573,3.384537394938353,-73.49130343048898,1.0352075935547107
2023-07-23,444.0254389753065,0.603156312691571,14.988874097006306,3.5247181805049745,-61.88665266522197,1.029742640915278
2023-07-24,473.2940087098275,0.5391058517154097,15.548757344387264,3.4219994439395336,56.16631370228118,0.9826684463269142
2023-07-25,496.28751657836045,0.44701038269788756,12.605598526309137,3.565145907575992,-7.493683006772059,1.000440262910305
2023-07-26,476.2790574999064,0.5405925412879244,15.844976758233056,3.519762101692299,114.5692991657223,0.9996129966178211
2023-07-27,397.2404941375277,0.44143179303428476,15.314147828473997,3.3219465711373974,-210.2746963656271,1.0173038876940077
2023-07-28,553.3746131025019,0.575437810839717,14.990557684675368,3.5868008165675325,-0.4721539313262184,1.0222483743584359
2023-07-29,573.2675615877456,0.5002532912186298,17.284957433814796,3.6048893883686945,-17.367300853010065,0.9927459560432947
2023-07-30,543.1024153564489,0.5216339800367257,14.58822387594629,3.426929521990199,79.62909005748743,1.0118830860678125
2023-07-31,454.644538533897,0.5951118875149541,14.885144562313416,3.5708412094273436,61.483444702364494,0.9711302754120152
2023-08-01,502.4567516234261,0.4669701423727925,17.304836510224785,3.4456784970610848,205.0976611975967,1.0413702284368398
2023-08-02,513.2077688249932,0.4639786772105158,14.506284559811798,3.5436016241409987,-50.595331301344004,1.0032863497729323
2023-08-03,544.4760603302258,0.5071608858130255,14.81329323836672,3.4098910114348295,149.91255615437817,1.0156536196490202
2023-08-04,548.9558715536986,0.5907660603454521,15.241445754514011,3.3595364725410284,211.2221134991152,1.0093458528380332
2023-08-05,479.8326634445338,0.46538607968480444,16.254268316716015,3.50307166449735,351.07827749078183,1.039461904883727
2023-08-06,521.6436374698009,0.4022518692172785,15.646398998581384,3.5314867544953232,127.26199938188054,0.9607937308211753
2023-08-07,541.4103861455491,0.5238079718665174,14.17103380071741,3.506597945425507,217.90951958312144,1.0182141590682687
2023-08-08,592.3399882877894,0.5764592204466739,14.95655324138409,3.430469124628872,15.102442548274496,1.017432497030497
2023-08-09,555.7767054373514,0.6113915336022296,14.90643002794067,3.5113885399021747,-33.681835970149706,1.0114786506942817
2023-08-10,561.0067190805554,0.5307266436751786,15.46162607257144,3.580814187037522,300.0162846959644,1.056078415624492
2023-08-11,526.7477223739116,0.5358196470878088,15.98975343306592,3.551901674431355,225.00788040962902,1.0048098018003282
2023-08-12,594.081854503283,0.6165922798205568,16.007178186965664,3.5771473461676906,353.44024141092007,1.038994820787821
2023-08-13,545.0495433067468,0.46791642378715875,13.838023333670895,3.4943919887265067,108.27374619074408,1.0316864592828936
2023-08-14,482.50951426575756,0.5444837356769396,16.703038731921758,3.6810815659077063,307.62931169723595,1.0507942948251463
2023-08-15,596.7349145463597,0.5759372345965035,15.916729246999129,3.4487987064447725,452.5459444553877,1.01322263434455
2023-08-16,562.4640859327158,0.5913832418286628,17.073755105238018,3.617678335473083,317.6597838933707,1.0129095443232894
2023-08-17,506.4192275150044,0.5459382367690273,16.158484041576386,3.6896176807245675,313.37243627339063,1.0504928267209765
2023-08-18,505.5992864671305,0.5756568876780238,16.840671328663078,3.622025646367621,296.594956453362,1.0380803610036948
2023-08-19,545.405218359795,0.45202473508624275,16.23095633901905,3.5561886800504094,148.67626531497748,0.9996776941692217
2023-08-20,554.7381871318003,0.5460349478043602,17.135699440413273,3.526117663754755,451.34676725524525,1.0207928470791559
2023-08-21,542.4460669156455,0.6041290697129363,16.33678697686991,3.685062399189839,264.72877236034554,1.0403091067110464
2023-08-22,549.1493935718936,0.5348451980366393,15.74168375105083,3.4416624072232063,386.2879246357955,1.0503392443306812
2023-08-23,619.5843348942326,0.5894153764930137,18.13709637458222,3.4894537393755694,189.5612309970097,1.0210018531015546
2023-08-24,589.1661300428219,0.6113160561178291,16.778761433056832,3.5492166545285224,237.9437578599987,0.9773038526347388
2023-08-25,546.1232582599931,0.5743512366989664,16.48853138842296,3.7152440724930544,509.42352688964195,1.0470559424114825
2023-08-26,584.6595140007802,0.6025081509558435,14.663545207521814,3.631961726010105,341.2096207282758,1.0131875711635265
2023-08-27,486.97029605169314,0.5483545998059448,14.676604663238216,3.499686652219151,531.2924598849563,0.9982497152656219
2023-08-28,559.4953499910747,0.5886669297495335,16.282690419485213,3.5679667231958456,388.1669090314913,0.9829524789940515
2023-08-29,631.066821246054,0.6320145678779573,16.160558791753203,3.540071444988867,221.825260298199,1.0568811209633533
2023-08-30,530.7017152554439,0.6118586731110782,15.42597768561825,3.5330311258393032,505.2468602237985,1.0441763590331619
2023-08-31,500.2248198597726,0.5771897272486203,16.20614560688023,3.704405246582495,367.07593113170736,1.0380933886764818
2023-09-01,511.00457812673795,0.6202333766055171,17.67885249195337,3.4718482434646267,505.95910691561414,1.0713895098156463
2023-09-02,490.1298769549357,0.6472593115869687,16.810690695101677,3.772406907628575,448.63637497455926,1.0573580224825168
2023-09-03,506.37593968133405,0.5115380237904242,14.999342367440244,3.69685805673776,301.82852808290573,1.0779400359421576
2023-09-04,528.0911364238821,0.6744950566312535,16.053904706691643,3.7256275204438287,482.5948900708914,1.0187618319100435
2023-09-05,477.3406966601155,0.6022348821135655,15.385509709623628,3.572753667845093,695.812790405756,1.0469280351399683
2023-09-06,549.402470582192,0.642828381373791,15.827838930709234,3.6065598128038685,535.5141846985638,1.0162872863857515
2023-09-07,594.7379188397083,0.6839224965582011,15.826985838129758,3.4807449689234686,490.4888262032128,1.0450364135132666
2023-09-08,505.238757408694,0.5579827311785769,15.788018577796997,3.57410017533342,613.8000043560905,1.0456542493407066
2023-09-09,627.5932688637927,0.5936006315828833,15.035591445069212,3.678438166468576,537.3575733373535,1.0641613454269658
2023-09-10,578.1711833737481,0.6171515125746357,16.18813479216602,3.761185253546561,547.2692124999636,1.0535428565702063
2023-09-11,605.1631144942354,0.5948975369763599,15.780244493478504,3.5233695313523365,427.1783349144156,1.066102227978631
2023-09-12,521.7448637860898,0.7233383074885822,13.436466096965152,3.6000408849982155,569.7507173659269,1.0687053941414746
2023-09-13,598.3653590976917,0.5962591396695627,18.443949468110684,3.62396782233765,659.9353190853033,1.0987376712920236
2023-09-14,502.0449089902594,0.6138266710507193,17.5048097544673,3.502025089805814,482.809824890248,1.0503356709043026
2023-09-15,602.1564853175146,0.6543297272693718,16.064802031967236,3.703245199865063,718.8906848815869,1.0388236562623616
2023-09-16,567.2385835310298,0.586509065049579,16.484984463274433,3.5742175081791223,577.2955629990213,1.0635682888476816
2023-09-17,587.3116838062567,0.6293387714297307,15.319573722857877,3.629583771899841,507.71427691632107,1.0436035222642266
2023-09-18,501.8718987914392,0.667501735744213,18.212013604627906,3.6064341354905163,706.2794984188413,1.0902908444414126
2023-09-19,516.9006432245156,0.637492318126739,18.43864207823176,3.5752014877738967,587.8619298096315,1.055989774559441
2023-09-20,592.5180525166793,0.6519722610650276,16.723109768346774,3.6559371054619696,702.517904788711,1.0513451142465302
2023-09-21,516.2417476584641,0.632681264051767,17.615009340927198,3.637586911817383,607.4156154708882,1.0542328334466518
2023-09-22,587.8219687402944,0.5859306198793075,16.79182813231738,3.6244683471104793,640.6339270003928,1.0790300026047712
2023-09-23,497.3072700779902,0.6802400615694681,15.304878571149132,3.591314238834472,705.997624443454,1.0625092207363727
2023-09-24,609.0753773,0.7544133202490287,16.254843297703008,3.698619133744962,695.7563724256671,1.053833330264059
2023-09-25,506.0430071939054,0.670093013869999,16.823657290080227,3.834534659180056,477.13855127813434,1.1009762112848014
2023-09-26,596.2866760819711,0.6829424038573649,16.26224426120643,3.6856679212789003,574.5924179705107,1.05154828238476
2023-09-27,600.9557321459591,0.7088216014149907,16.52320135915644,3.773797285150261,789.6828531156727,1.0703855069443189
2023-09-28,535.8381008078445,0.6132252044959733,16.675517735723968,3.5376695368079623,693.5532584030781,1.0837228147615279
2023-09-29,600.7805263492238,0.764323727893949,16.711101452009224,3.694974138916846,664.4188496727323,1.039052495786646
2023-09-30,585.7038174273293,0.6918207004727691,16.86930109701377,3.5719674287545224,590.9596410807687,1.08228691428877
2023-10-01,546.7421177166789,0.7658033712702448,15.781500196761293,3.5365180335625994,628.8684731355731,1.0525820570167068
2023-10-02,524.2589825881696,0.6500651422037503,16.150151770671563,3.612779651234046,544.6873039236044,1.0911423724086597
2023-10-03,477.55793847401515,0.7801261537720016,15.607646310741131,3.808412991085467,746.7641587062876,1.0564362028192644
2023-10-04,594.1742316882929,0.7304870980100098,17.895108782768908,3.786730906175235,707.0735351749779,1.0905471099602855
2023-10-05,499.4540970208696,0.7218875932650489,14.836708947883986,3.7185360611778706,680.2835667911927,1.0998108969148668
2023-10-06,583.463951826702,0.7084430773542488,18.121008889682837,3.5434717986475985,780.1550760295706,1.0959254723672929
2023-10-07,566.5268373161883,0.6868216893970295,18.378830600270362,3.679620055161958,833.389544288281,1.0847255810850627
2023-10-08,614.6588931578747,0.7617809688886059,16.7153632726665,3.731924386855086,1016.3373370806434,1.076075735527371
2023-10-09,566.6019856771359,0.711278645121475,14.439469428463426,3.7218142745869325,665.8542645599692,1.0701758691249321
2023-10-10,566.2343775999386,0.6084134321138754,16.70635861096504,3.5223875589451583,943.0057735029844,1.1121274607336353
2023-10-11,620.3028083973721,0.6534138598720434,17.028547668285118,3.6202413981554065,934.4028879310812,1.0697193687796045
2023-10-12,601.4646809028275,0.7024871610119164,16.107196266286625,3.7053716722066823,769.2085205485452,1.0639704579772218
2023-10-13,601.5220835734247,0.729785663443992,16.6276387490489,3.7679148052374334,877.46645260146,1.0990216644149422
2023-10-14,610.1801714703762,0.7139625555048799,18.698114998362097,3.49717919783988,821.4045948657371,1.07079405591622
2023-10-15,510.9406920852587,0.7802467851037183,17.85790961844209,3.703085848066049,895.7618404980142,1.0687180282962916
2023-10-16,626.5612385106273,0.6242494180762642,16.293480998403854,3.7361093882660907,1038.131146453237,1.0598497192678829
2023-10-17,620.3477504776224,0.7314901737676138,15.645508599828128,3.809271975793977,957.8037310325545,1.080066113987732
2023-10-18,539.8926606137817,0.6359180813371585,16.94115310845539,3.7961028010302598,958.1290077494091,1.0890725165646766
2023-10-19,579.5252996245606,0.7673089230448851,17.07977630335633,3.787580440151557,874.2623010872423,1.0965911578614846
2023-10-20,590.7664651925534,0.7271066382127369,17.81449492671169,3.6518355232646433,778.9126292469148,1.1117579544599245
2023-10-21,587.0094966195123,0.7553163382002033,16.808041683422314,3.5435356258866664,916.4965373419492,1.1042722943129148
2023-10-22,611.4298404336898,0.6936479572336696,17.87992062799344,3.6975368295570177,1068.0292365390228,1.0909193977141993
2023-10-23,667.3076874624865,0.8033216175102058,19.328637749333414,3.8395115534481743,804.6766980503081,1.0917754348433328
2023-10-24,650.8301910202329,0.7939408697944212,18.23404738835905,3.881200089343922,861.909609548245,1.1069450040148952
2023-10-25,532.1334012306853,0.7735381174062333,17.39552051522562,3.8154158124854174,990.0703826459632,1.123195764160827
2023-10-26,629.8503666832223,0.7403913055766275,17.2855212081447,3.789801250199973,889.0031931944718,1.101273151157584
2023-10-27,666.1960394103544,0.7783662978487165,17.137061201659726,3.7873373984225567,918.241389624318,1.0903667563493757
2023-10-28,620.0923057337083,0.7165350708487528,18.699437904933347,3.6962678245720424,965.1589388196633,1.0808945596775372
2023-10-29,656.3034072242106,0.7971637478633162,16.916546203171507,3.741379935556919,880.9821192301076,1.0728502806766675
2023-10-30,703.3704145156146,0.8393662752926371,17.614145014764393,3.9237991831590744,930.1567376841275,1.1160822856714467
2023-10-31,654.9448758015897,0.8129290242395608,17.6451828642871,3.6651426956614137,1107.936776641137,1.1153189689690317
2023-11-01,617.2273345439912,0.7254246384143914,17.11726342623609,3.923382640975747,916.8820693959508,1.1163091752640382
2023-11-02,658.0188347318066,0.7824818934325773,16.27164472780512,3.7322082121197164,897.8568968262052,1.1031912221005278
2023-11-03,614.0113089480776,0.7022602160451503,17.992147435948496,3.8994605041425903,1004.6666749789412,1.1349056122110681
2023-11-04,608.964575723145,0.798043074456027,17.633231617117048,3.628742057947489,1150.8897858399569,1.098087053667201
2023-11-05,591.2012180388747,0.7944599952045304,18.219538715050604,3.830520244677868,1068.0271174459251,1.1278773145687053
2023-11-06,687.945104031831,0.6809452732489556,17.210760595816474,3.7007590766308014,1051.2862530906934,1.1089995781904347
2023-11-07,569.8555090587897,0.7188531636941061,18.99024485771029,3.6354156366973056,1112.2053033104576,1.098609927062303
2023-11-08,688.3978348554597,0.7652916767166964,16.917712434327,3.8013020257949792,943.2237429295735,1.1236300547679092
2023-11-09,637.7751610742366,0.7669118998610037,19.531589156198343,3.882902066077642,1177.2901142496835,1.120974677260898
2023-11-10,543.8191524127851,0.7239873061112652,16.096975018993795,3.699967009022856,1176.1881146691865,1.1209239163382207
2023-11-11,633.1694320681173,0.806416355013975,18.30444425002055,3.6370658225005257,1106.9388267758911,1.1164125358596702
2023-11-12,510.78814830162935,0.8020473646575519,18.37016752463189,3.780289207777031,1258.4871880217465,1.1150316120498738
2023-11-13,648.0673807914264,0.7822664932757607,17.124242430805985,3.783236416996969,1055.1701896034429,1.1645594198072835
2023-11-14,662.0560603649884,0.7566966405309289,18.369256093249483,3.849318178294297,1290.7357614807452,1.1414796191194623
2023-11-15,589.1791946986003,0.8494278375238357,19.249443481790234,3.8919519383394565,1203.4192913715551,1.1332535303809133
2023-11-16,625.9768835446463,0.8822691025215827,15.778168629317612,3.7935572287399184,1164.3397284808539,1.1220354819109348
2023-11-17,718.5098767000455,0.7778269383390014,18.522794932804096,3.9875553440107545,1206.0326865884817,1.1409451490244646
2023-11-18,596.5171760650986,0.7739029323377475,15.551841961624806,3.826934752649018,1207.3186362008605,1.1321644068060244
2023-11-19,569.8616381910296,0.8315779271302489,17.104510635073286,3.772374893258959,1350.098465080368,1.1233311125993404
2023-11-20,697.8926939326537,0.7916223405364602,19.72440446013904,3.6483670736135263,1130.4273253481367,1.1177382373042055
2023-11-21,722.9413896017277,0.8050602151548082,17.538518718487644,3.785764123156353,1171.8683768372196,1.1231936833219343
2023-11-22,625.9993199332445,0.8515189984383638,16.971483444112334,3.780897646311016,1361.7756526157689,1.062406021623291
2023-11-23,677.390194376934,0.7215748021409261,17.972488336178227,3.913073086144438,1208.6169325467768,1.131029059392469
2023-11-24,694.8933446487245,0.8854639884230846,20.26339505996806,3.8657972345871365,1368.2487964549637,1.1180500272699734
2023-11-25,591.6978435109254,0.8256891640610785,16.38886913124009,3.70411822568135,1458.164149679317,1.1606754551035021
2023-11-26,605.5592696351154,0.8039867462806628,17.194304123448376,3.8417868421498755,1258.066111340924,1.1302114428197438
2023-11-27,692.3707933269097,0.8226059614618598,19.768108374908948,3.8942207863458376,1376.4069093492596,1.1070477992784737
2023-11-28,716.0802878702625,0.8276954025881187,20.153441691908657,3.9823770707758763,1202.9265112143848,1.130831970852275
2023-11-29,660.9761232092189,0.7455201353290069,18.21737078072225,3.9208305972426594,1403.7941318117932,1.1119096584992512
2023-11-30,589.8438687910626,0.9093333775380752,17.10681195912749,3.9106711315965614,1358.2882632603307,1.1433027347804148
2023-12-01,734.1901483168016,0.8391590134431048,20.466770820104898,3.8431013312910904,1395.6747555343168,1.1406560400186192
2023-12-02,609.2910541068956,0.8617491040161032,19.99043236668654,3.8784301980360794,1293.8387827713975,1.154996391619659
2023-12-03,620.0852162045853,0.8896827516865968,19.09999961934118,3.9670557532285105,1202.3127110748615,1.1210244694292666
2023-12-04,654.9615032533031,0.79355340594404,17.63371293928313,3.7113337890740903,1428.7713217631708,1.138524773453385
2023-12-05,716.5551388302249,0.870791389437977,18.42214860402412,3.8121738617645198,1182.1308626969167,1.1115466818859536
2023-12-06,682.5484228877615,0.8362420056054363,18.335880520458925,3.7723671852747516,1366.7611913772498,1.1538795196986447
2023-12-07,661.5954053439101,0.894468864575361,18.85215456276094,3.8900456376871486,1502.639489900142,1.151229553934617
2023-12-08,665.019063097384,0.7482752204611218,19.997367352918303,3.977658809043775,1437.7361395020903,1.15177073701203
2023-12-09,645.0328762893162,0.8521881421307936,19.450845612565974,3.7974454284707497,1623.4056930504098,1.1428895234842815
2023-12-10,671.7666248487324,0.8295080900178194,17.519115151085416,3.620618686060074,1541.1074064862476,1.152155106938583
2023-12-11,518.384151503756,0.8837685360028856,19.998050334731317,3.8209333139687307,1383.2317150521537,1.1769489375546431
2023-12-12,631.0342887006453,0.8881638635037483,18.959748681366538,3.9560090273370787,1461.377954526497,1.140162776513295
2023-12-13,658.9332646656386,0.8317866250583974,19.358744993853904,3.9209309100944867,1463.9346089435512,1.1496400715940012
2023-12-14,590.3189700044883,0.8340654922548569,20.163282713915194,3.912492810244717,1320.4790655200238,1.1261471482018355
2023-12-15,668.1883463417058,0.866647182699953,17.610224261764643,3.844181120940372,1394.6819128628429,1.131506961219161
2023-12-16,639.6511256674859,0.8298546054262195,18.711041589213337,3.7467836431700015,1442.6707764699333,1.151830952578658
2023-12-17,738.6509778982306,0.9192921672287466,18.24047527320219,3.928722414618587,1305.1498795389675,1.1729558639164943
2023-12-18,730.530685508863,0.8612388880979285,17.22913305583755,3.7962710671168383,1523.5463393063671,1.1467540827630889
2023-12-19,629.5919270578763,0.736856102818379,19.16876511544953,4.100615187122507,1503.9148706725405,1.148163874927542
2023-12-20,646.3428262011138,0.8659706766175311,21.35867434607064,3.941762500284073,1371.5577276633287,1.1457470068893612
2023-12-21,651.1898397646931,0.8352908540705832,17.032102706622066,3.829153214857387,1589.2934669788606,1.144192084628226
2023-12-22,633.3067505027958,0.808160520003895,18.864962496719954,3.8285857860380794,1630.484517576865,1.1617891534249534
2023-12-23,666.6434797778475,0.8303592445299741,19.5628486994858,3.8829361557797437,1591.6257536508997,1.1269470776728683
2023-12-24,619.9806333977257,0.9002072656969116,19.07044662270881,3.8707866499030876,1546.5405509001555,1.1835135283754399
2023-12-25,602.366476360893,0.9636751491818351,18.859303025178495,4.008926485322419,1648.1166462528797,1.1455887971451804
2023-12-26,691.035310568447,0.915408597126833,17.698277370890015,3.9183909904079886,1667.0195297820046,1.1743378190821965
2023-12-27,692.3787348501884,0.8719304696869573,19.255343133917606,3.8290924652068914,1639.762913362946,1.1355022836912203
2023-12-28,621.6889739217623,0.9275571145204398,18.290855070603122,4.093805973277483,1536.5863940041427,1.1752815645156862
2023-12-29,707.675039708556,0.8843136549151155,16.8827599992821,3.9121990035780874,1656.7327582553785,1.176346160326716
2023-12-30,632.3308879778236,0.8750444176320683,20.292336581415984,3.9866584036871155,1758.6458094434502,1.1715938158762083
2023-12-31,677.5705426036534,0.8545625683427367,20.081192837385903,3.85145805100991,1589.4599011563705,1.1450237102657586
2024-01-01,706.9319875980414,0.8271955270809603,19.199530651036543,3.951098530192999,1868.9418035874282,1.17090575075938
2024-01-02,665.236664997897,0.8977970477547345,19.40200701903277,3.9484042321970265,1616.6098389322883,1.143256169538395
2024-01-03,690.6568451058037,0.9277021732428737,20.272313000184234,3.730834569537252,1682.4386963214822,1.1628645343968231
2024-01-04,643.1008235700324,0.917474580910283,19.44739730088836,4.123833275457091,1621.9744980434766,1.1895105677835174
2024-01-05,660.1014828586702,0.90401368367782,20.152137855513192,4.053876476167442,1721.5752038927776,1.18585885057149
2024-01-06,660.6343467517222,0.8800309927045092,18.975700756519633,3.8875987641247494,1535.0510136938656,1.1712309771465481
2024-01-07,634.6009072343916,0.9602368709877572,20.610229352609036,3.819597587357923,1664.6940657323628,1.1524336930429468
2024-01-08,664.0936226712786,0.8664742310703398,19.644093996609374,3.967086988448024,1620.1111882358198,1.1858440850705514
2024-01-09,596.5039221495446,0.9736384884240032,19.54242287092417,3.943506862673269,1752.8822057165473,1.1743224618466923
2024-01-10,650.3796560012908,0.8872325074496537,18.103372495247868,3.972910253252313,1848.8181711348502,1.1285310313937873
2024-01-11,661.6960749555766,0.9022278621924986,19.685452094903212,3.9590073636795595,1823.9991149520563,1.1915924461503904
2024-01-12,664.1333682649553,0.8690166301935269,18.59160397974866,3.9929799886549033,1532.2576228113537,1.1764576992123303
2024-01-13,665.8699898618495,0.9197920480441892,18.81033882735622,4.089592725327652,1983.6555868466726,1.20199388711505
2024-01-14,675.8591584280462,0.9961340439765305,18.658308582210193,4.004178741565496,1819.0016782726132,1.1570419580441966
2024-01-15,703.92195059102,0.9756560911389898,18.432511935268693,3.844909136825798,1721.8488328178676,1.1164157984227967
2024-01-16,724.6782346590071,1.0013020579823542,21.648580926826487,4.088637237652198,1825.2366014229033,1.1865340581192847
2024-01-17,649.4666258756317,0.9809943453418095,20.88021124243953,4.118948674393941,1837.1678544307201,1.1877861607516844
2024-01-18,622.7973507142519,0.9022099922827547,21.49430233923699,4.2725991571604816,1762.8890631419363,1.14914396093158
2024-01-19,631.8576791372182,0.9433602881570557,18.376102474178772,3.847550346049474,1859.390664227942,1.1643899088320413
2024-01-20,660.6022599552912,0.9233960585817208,19.69531390028683,3.9866942163526216,1788.8768313883452,1.2400667608894358
2024-01-21,668.3688463898764,1.0314410259037063,18.355615181813445,3.7567024103828555,1819.2129235380148,1.1798526999976255
2024-01-22,648.4676152364931,0.9075791140445991,18.978490586462087,4.022733462003836,1801.0462718881504,1.2015865980738902
2024-01-23,623.1640915995354,1.0146096964995308,18.781121136884178,3.9151047822133975,1736.4321191463353,1.1749567282646625
2024-01-24,666.1663897039848,1.017078771199674,20.963894783383914,4.1647756571767305,1904.3079577984806,1.147166373100631
2024-01-25,699.0462683490568,1.0664183534442002,19.3531437554822,3.8974758463565373,1958.2793170852178,1.1865697724074402
2024-01-26,720.7289169008008,0.9569592793910815,20.84281542391958,3.8085253052258303,1961.2627956978624,1.1856653524033005
2024-01-27,664.1087972192706,1.0155659826657248,20.403619636455684,3.9328235006164647,2001.7920240103904,1.1839823851013194
2024-01-28,672.3325650331792,1.0965387321778193,22.12820015561356,3.784907363229163,1962.2585824049954,1.1906896394302229
2024-01-29,647.6500469636495,0.9540803221683527,18.370179837010653,4.060072351465768,1886.57707423846,1.1992703278389278
2024-01-30,693.4155101529403,0.91071665930258,21.133919956578776,3.7809603670535656,2033.8410731599108,1.191985129646603
2024-01-31,653.5685432278026,0.8959744356479702,21.04619024383431,3.9928206954616745,1824.1479953892397,1.170709851578396
2024-02-01,725.6488718650676,1.0281168044505853,18.951433192048153,3.7847000210218993,1879.857673778827,1.2067161770342463
2024-02-02,608.701662871966,0.9008299582687499,20.95700802318995,3.9629576882180153,1883.5298675443921,1.1590075523622232
2024-02-03,681.0160101117127,0.9788777816889433,20.311082306384623,4.161831549916293,2097.9805432572894,1.157990344588652
2024-02-04,715.0553669595871,1.021865659351948,19.77252374004659,4.0360647891435795,2094.2788514140075,1.2147836098940312
