date,yield_ust,inflation,unemployment_rate,sp500_index,fed_rate,gdp_growth
2023-01-01,1.0248357076505616,1.8405572341205634,4.1876567611952,3902.5044900529583,0.990855177944758,2.932482172502562
2023-01-02,0.9980993162697614,1.9425687633687831,3.901803585684846,3891.913142310327,1.0712500866215695,2.9880543985926087
2023-01-03,1.0424094895616762,2.005536901300139,4.029249218044838,3903.44845632631,0.9727143223720939,2.9257705392283246
2023-01-04,1.0911890868053638,2.0122168563689553,3.9225825362439535,3912.369719979224,0.9675591966599686,2.9767226440285772
2023-01-05,1.0083424565771164,1.965018515508717,3.9331508798268198,3902.9822139378425,0.98588788654754,2.8206635959612627
2023-01-06,1.0133558087941448,2.074816321555552,3.9632282319478764,3903.3180994882377,0.9648648979078663,3.033860699058096
2023-01-07,1.1090358287452944,1.908275551046703,4.074501942296668,3888.9676850408573,1.0211711097847023,3.015158141521185
2023-01-08,1.0734594557558912,2.0033059111469935,3.93933799496555,3890.2507535788054,1.0987777825726008,2.9358349965423036
2023-01-09,1.0166265313298188,2.032079688484473,4.29125147574127,3875.9579196266627,1.0362040889690847,3.085974692156524
2023-01-10,1.0722407841341854,2.0740002743833186,3.8661913215109864,3939.5028130592273,1.0099387158711293,3.1163134047400995
2023-01-11,1.026954428642585,2.0962241444504928,4.012750984450936,3880.135266620495,1.0104720931958266,2.8643066702047064
2023-01-12,1.031851356933016,1.9151047131219774,3.9671916329566934,3891.6556805052346,0.9494093818709316,2.951296444449143
2023-01-13,1.0722484895181514,1.8766637708963627,4.349545952810597,3891.6468922826007,1.0742306768272827,2.9531609529911953
2023-01-14,0.9694988950352804,2.160349135823936,4.104473862570486,3924.414778265706,1.028689593783445,2.938591143523199
2023-01-15,0.9839295469708396,2.068319120496205,4.276544346490218,3901.1185502938088,1.0260637236187145,3.1180352034914205
2023-01-16,1.0470735934627635,1.9627453313067507,3.778075895317418,3932.473638445956,1.197249363354649,3.0182113710851257
2023-01-17,1.0295589452364116,2.1952154481788186,4.133610554426984,3894.550237640436,1.0550378960448508,3.013648766495505
2023-01-18,1.1009253992112171,2.0541739797200127,4.2631391917061405,3914.1011865026217,1.0050169637859676,2.8422202798500513
2023-01-19,1.044824360133714,2.1630425003612697,4.106682361764859,3892.3156153257823,1.02379490214461,3.1086545849758096
2023-01-20,1.0246229101713307,2.054370895760058,4.3083341702511655,3952.426792079277,1.1050413330788853,2.9236932081337
2023-01-21,1.1735330650124938,2.2562001057714065,3.996792936546341,3886.2730942760513,1.0557888338100962,3.0561185763098404
2023-01-22,1.0939743428704098,2.228165663191689,4.387132645931853,3916.722729994014,0.9807176800315001,3.0803692727431877
2023-01-23,1.113652099457454,2.0302414297636218,4.570055313946908,3923.703106540948,1.101099291340289,3.1912037041953942
2023-01-24,1.0440508112407056,2.154801205371125,4.0427205084634465,3919.8048040041676,1.0242369059987395,2.926762070363778
2023-01-25,1.0930816156534402,2.1246879708983646,4.0312002475995445,3908.324322010416,1.153815264750727,2.758199160357767
2023-01-26,1.1308594126935132,2.1995197973572447,4.41599017863156,3909.9349143261334,1.1166590448897424,3.0810415960793796
2023-01-27,1.0727761356652257,1.9686705612101598,4.4462402436824835,3913.9088108932165,1.0427968124852327,3.245214025419256
2023-01-28,1.1541232467819453,2.1362743189321747,4.030766340434008,3910.5937945538963,1.1317199910190865,3.1915638082262743
2023-01-29,1.1103189426970421,2.1760178872814504,4.056313513773811,3933.3126700551966,1.0735682141228613,3.091141380123954
2023-01-30,1.1307787210316393,1.8968077556183403,4.089006486749202,3958.7468008839573,1.1153203880167626,3.023518085697447
2023-01-31,1.1202906092381542,1.9568621186582347,3.881485837642769,3903.887758284806,1.0994246107895358,3.155900229588543
2023-02-01,1.248002380403392,1.8737710178129623,3.971658081881105,3888.142787526213,1.0353764028394288,2.980339615618526
2023-02-02,1.159726141269369,2.053259817808677,3.959572849155852,3914.274459283601,1.0480230096372598,3.127836278188755
2023-02-03,1.1125279873867913,2.1544609924968894,4.011854020813761,3968.135540136545,1.1342048077963511,3.1332537828339557
2023-02-04,1.2115533107680667,2.2354487377910566,4.163489087685551,3900.969115156896,1.0684742659761264,3.1912340233313414
2023-02-05,1.114396413992677,2.0951287762875914,4.222281542998532,3950.326195758004,1.0675368750835141,3.3636853021367217
2023-02-06,1.1908943075697866,2.2530871184669032,4.4905512263823635,3951.5991290634834,1.0424694349423067,3.1294671606276507
2023-02-07,1.0874801529538807,1.954721683752446,3.9857928510001117,3907.4746010806275,1.1139117828536078,3.0418354670031853
2023-02-08,1.124066888031269,1.92489985130258,4.387340670171508,3930.4272806313247,1.1983643412002527,3.092680664018896
2023-02-09,1.2053317835979676,2.092189591012594,4.15269095295941,3952.116804643022,1.044367715189542,2.9208367704133438
2023-02-10,1.2374245821326026,2.1386571714603466,4.1906085112023455,3912.4675704935335,1.1014615994000538,3.03077931345751
2023-02-11,1.2140821985206514,2.0994874174211673,4.340477682894473,3916.479771244068,1.1733679200013478,3.061828648419266
2023-02-12,1.2047439016700616,1.8985189478907492,3.9859819114770136,3909.4190132999747,1.1012810883324509,3.0528543181012773
2023-02-13,1.2004836623383301,2.098857419607618,4.292020796354604,3901.258750097922,1.130388013371384,3.123004910762269
2023-02-14,1.1466252789277438,1.9798287391725726,4.253841820088727,3909.0695869432916,1.0571560128157136,3.028033695984838
2023-02-15,1.1895716993547005,2.1797492097702222,4.324054162576067,3898.0775856421988,1.1341973097476004,3.224885021619665
2023-02-16,1.2075445025547675,2.1519480451610633,4.288410169884321,3923.73931347546,1.105931007301151,3.1153089270431984
2023-02-17,1.2884450837420236,2.0238065075828033,4.726649000413257,3908.159432621935,1.1670809859995321,3.1168644541016777
2023-02-18,1.2577824182378214,2.06891406014603,4.113053506909135,3928.735868611755,1.1796700544579368,3.0875112802284073
2023-02-19,1.1574620273195824,2.0168856653549643,4.139414644087355,3893.4434905846992,1.2522851996447903,3.1383260859297577
2023-02-20,1.2668307648857797,2.1190453734807027,4.125998461131087,3931.6802612858933,1.1542949418686987,3.2078231096747833
2023-02-21,1.2363849837235452,2.223333780922304,4.14454367391231,3942.2344890066147,1.1441093647012888,3.0411065273010904
2023-02-22,1.2268055290573838,2.0317532099027864,4.133174203611378,3886.190450055839,1.1400450296152076,3.064514165628815
2023-02-23,1.2962479748430458,2.183236731752286,4.503467466622514,3934.0475474370514,1.1151737655599667,3.102459477322835
2023-02-24,1.3222266678541208,2.0823125840274175,4.554777541327295,3951.621049022398,1.1522625380377463,3.00075125351734
2023-02-25,1.322253229013454,2.0585573283025878,4.161539964307749,3903.3761019319404,1.1230745410218705,3.0559188255566725
2023-02-26,1.238740878224833,2.1296478411975266,4.114230639765119,3961.5216231753507,1.148773926006463,3.0927287898385165
2023-02-27,1.2702536669217248,2.0393329106152054,4.379997396991566,3936.9518087587494,1.2087370196375409,3.2302960609284157
2023-02-28,1.3072899886127847,2.089998477986585,4.180282208186412,3914.9724445890924,1.095036280257321,3.171619541421496
2023-03-01,1.3445166047270454,2.0280818849265785,4.422325711922029,3928.4585532839383,1.204863602241916,3.167228665322218
2023-03-02,1.2767931678069837,2.3468484531412632,4.341336483869508,3941.241726220359,1.2162316932166173,3.2354657360664216
2023-03-03,1.2964814621943779,2.1564085607109575,4.002615588028123,3932.096548931005,1.1469787791642305,3.139145026673845
2023-03-04,1.2554601936555883,2.0854159203786864,4.620277982621902,3941.852814084516,1.0492957262275153,3.194434956170834
2023-03-05,1.2559791424801772,2.1792927279155276,4.674965008303315,3913.165475506834,1.1275036374873837,3.1475725615488557
2023-03-06,1.3614282961322413,2.1491681975371826,4.198244266915654,3935.467416981975,1.2252507298343212,3.1869372374462284
2023-03-07,1.393626537769393,2.1408103082171035,4.248274224353655,3904.3071636959858,1.1617638650554818,3.1046314024092676
2023-03-08,1.3272265615901562,2.226830203838929,4.3880001458141535,3930.8581855399434,1.1154484222198409,2.9215318180069434
2023-03-09,1.386016243892095,2.243670570503477,4.4027309569948985,3915.5058070704536,1.142681053437336,3.1544918832801163
2023-03-10,1.3589339315781963,2.117375950401854,4.4725609848603805,3919.3746141807865,1.212457066488135,3.312700878772901
2023-03-11,1.313608673923879,2.1153505067625997,4.747905569407406,3959.3083296696223,1.2002690092371366,3.2655538710512273
2023-03-12,1.3689469732578767,2.147933426776064,4.315487747483647,3956.913921710131,1.1634919915327435,3.2719783449503455
2023-03-13,1.4327915526340755,1.94775274568183,4.196230275403086,3947.7717348492215,1.1596036415646542,3.30155793433601
2023-03-14,1.3591109536836001,2.0289320215996938,4.0850384100361925,3914.2439702704582,1.1608632203673577,3.1893168869156927
2023-03-15,1.4441469697581186,2.3196448202281617,4.219728778979035,3930.263309702846,1.1368368842587842,3.2026889642242686
2023-03-16,1.239940063091252,2.349960430497998,4.36430192372098,3961.3546858291575,1.2662324436213417,3.1236984696044345
2023-03-17,1.4170349748428215,2.1630663208563923,4.734851422327617,3940.428323235204,1.171853901351463,3.156362639209325
2023-03-18,1.3853047343642895,2.2481318867817675,4.277430121145147,3984.481828894872,1.2513341165174654,3.252053305453305
2023-03-19,1.3710145447574082,2.2241074715947047,4.430722502608482,3946.4628480159577,1.2690482587364733,3.3133708998572327
2023-03-20,1.3955654824357977,2.503376802650035,4.387692864394472,3942.938726690703,1.2454042667119094,3.1815440942364113
2023-03-21,1.2966115292072988,2.3099524786121295,4.6336686296269605,3933.4166682096843,1.1764139718327693,3.1529760609835304
2023-03-22,1.3900189118737885,2.1877094939847552,4.906388991440388,3942.771068722212,1.2206877576496626,3.200554049018492
2023-03-23,1.4238706661695721,2.1074534747369498,4.299841283009921,3937.5521070317877,1.2017977384774465,3.2631281936899037
2023-03-24,1.4849222711593815,2.0448691524353957,4.3131396804186615,3955.264930426002,1.1603286914246465,3.0611283028477985
2023-03-25,1.3901265893369443,2.2283664137120356,4.6248722756644405,3960.738056360954,1.2242380142113936,2.978401954811589
2023-03-26,1.3806279514342878,2.1348912412610432,4.557430929504209,3926.3854739477356,1.1515743262314835,3.155472630840315
2023-03-27,1.4009773107280412,2.0708072104938666,4.795406628054475,3915.981857219571,1.2724165508767122,3.0909613388622184
2023-03-28,1.4768478001206926,2.150881558693542,4.547863331300782,3906.3836619614926,1.192307982252875,3.1647248273530635
2023-03-29,1.4525277810468942,2.1098903124205153,4.364231807406498,3953.7688490946416,1.228103095575597,3.2032670809002077
2023-03-30,1.4146147467038785,2.389265541953372,4.559233723030692,3922.0429435657456,1.2347157720234223,3.175226537543814
2023-03-31,1.471778659876219,2.3112216198052207,4.667856004337133,3901.5537169630056,1.2101123954250717,3.3683043975573503
2023-04-01,1.4559816970162742,2.224766645642774,4.615224255788345,3952.884354045507,1.2548985998481996,3.2582383862346678
2023-04-02,1.5045726004038376,2.3760645893275987,4.557595157098652,3995.474025436375,1.2043249926074704,3.2581176113996793
2023-04-03,1.4260502275116462,2.238313271867519,4.674487820123345,3945.993869989754,1.274141305975619,3.292797155507097
2023-04-04,1.449782306203946,2.146954286634091,4.70002453162297,3963.3863568424163,1.1657837227545798,3.1191993949888404
2023-04-05,1.4515725372055475,2.3879013801580435,4.747609743069661,3948.754381657167,1.2419079514083984,3.339500151173105
2023-04-06,1.4030147287838703,2.291986242463704,4.605932453708405,3945.641254555225,1.3350416880481524,3.2305188094416923
2023-04-07,1.4960090213720258,2.136876888326753,4.447779391455426,3966.501830411635,1.1905849375291198,3.3076495654835196
2023-04-08,1.4992683024561122,2.224073901615198,4.515558276133782,3942.816063000939,1.2092205208973164,3.135922046119543
2023-04-09,1.4914837430075616,2.1580522097492434,4.73252986347711,3954.470653298982,1.271309427570665,3.0902381584861125
2023-04-10,1.4845112448350022,2.109840327655446,4.332853467306312,3956.0580162742963,1.2570993898488596,3.3299092665543824
2023-04-11,1.4304845957295595,2.343244321169204,4.57498779460666,3936.763504210347,1.268158071379718,3.2882675190257915
2023-04-12,1.4852333980221328,2.4440744961272136,4.427597901694929,3970.4674134067704,1.2775921885875836,3.1629276766444496
2023-04-13,1.4941424696623833,2.115782340362447,4.517027160075686,3947.628624414964,1.2873751711724495,3.1686727896168914
2023-04-14,1.4761768633559618,2.3144422870775783,4.771981099338502,3936.5141694918475,1.3136303555063324,3.370688841849998
2023-04-15,1.513238972562063,2.195587372160499,4.559523071749344,3962.8605226859445,1.2811425619191072,3.1417104397859488
2023-04-16,1.546518332314411,2.2144453563603723,4.535603099104914,3934.6622193115477,1.251095012005915,3.427425190062438
2023-04-17,1.6256376158625314,2.2064247679771154,4.259357092606021,3953.696455227583,1.299292845461139,3.1756020869362156
2023-04-18,1.5450697427719178,2.1817713490971813,4.68559156533577,3953.4517052801484,1.3631645228099236,3.332009618626001
2023-04-19,1.5542309029947847,2.2755288545238064,4.670450219686862,3975.853249662496,1.2640450044101945,3.237814844154425
2023-04-20,1.542643618998659,2.19008794575238,4.97901685944806,3964.1305561362956,1.2244564921599514,3.333501700501718
2023-04-21,1.455439885350336,2.302734905635628,4.489822799124688,3954.637305436626,1.3310432565219927,3.221277822846225
2023-04-22,1.5550652836711483,2.2731716777768907,4.600221042976397,3971.9944237283667,1.2721764305241245,3.2619161981145752
2023-04-23,1.5644150192689812,2.2568069496993237,4.611280245514081,3983.944501857539,1.172068277085263,3.284793671925537
2023-04-24,1.6895781457245147,2.1924516538459655,4.881906696052946,3967.7978101370627,1.3255791039076463,3.182989274471978
2023-04-25,1.5618105231895152,2.2280371526574525,4.55236946495118,3957.349909539725,1.2589478764165896,3.3597967202562984
2023-04-26,1.591518469873573,2.3637596739610216,4.632245407910959,3931.4073856286864,1.2836938872632382,3.2368991947312873
2023-04-27,1.5797180455999509,2.3408185358050444,4.703032936028521,3936.843090147014,1.3073258335710571,3.2678668255086043
2023-04-28,1.5280322635325572,2.195477558226912,4.623787990044805,3952.54212245426,1.3027580666957201,3.193798145245916
2023-04-29,1.6486198374676055,2.30567257891385,4.502191973831749,3946.9576256309997,1.3312119392278794,3.0395059824913964
2023-04-30,1.6340878797045142,2.3733843263722667,4.635309226649837,3955.9096967473088,1.2764712955065955,3.279142837775071
2023-05-01,1.6410553567506485,2.133811351587111,4.8162301093704505,3961.2833744377917,1.3264071696080522,3.5420134218605397
2023-05-02,1.5610469179870798,2.357594164601402,4.401213230844605,3971.2454841598164,1.2902808114842126,3.381718574153211
2023-05-03,1.6816685376019427,2.239502035132984,4.6381227568845125,3959.742906644332,1.342704935071944,3.303838373054129
2023-05-04,1.5464488002438448,2.365330543551045,4.476517190395624,3971.38416821487,1.339039050892382,3.2819815937709023
2023-05-05,1.6508967394017928,2.234451026701638,4.860563210496748,3963.4448767673803,1.26400500725366,3.3130235316370946
2023-05-06,1.736089197330599,2.1327949979535985,4.321929035083346,3923.147310276933,1.3675823138288017,3.3679951195375715
2023-05-07,1.5820521311118867,2.1530352298958944,4.519794577914103,3944.371186860467,1.2889913014285082,3.197708192153326
2023-05-08,1.6082765922166034,2.3231042340145094,4.712033853709646,3960.7773967552416,1.3586986292624281,3.4297279088152584
2023-05-09,1.6465865782794447,2.3467742551846795,4.954708815871931,3939.966506145684,1.3391663706825983,3.3923401365566557
2023-05-10,1.6214427586475733,2.2328766081662508,4.633466489138786,3976.6602287352625,1.4152174545164478,3.395126843247485
2023-05-11,1.5740959011283975,2.3896737822185896,4.5405891673430645,3995.777923915044,1.3146412372222593,3.369662110221825
2023-05-12,1.6600697527503265,2.162168795778116,5.032873017898143,3990.0393974349486,1.3108549621991028,3.330282467774411
2023-05-13,1.6085389496520406,2.324219087804441,4.372051355255096,3961.8965561152304,1.3298560873747862,3.3981131912658546
2023-05-14,1.6903462881984257,2.2122317133570877,4.226905475342651,3996.4811894036657,1.3181743441916194,3.392514746707471
2023-05-15,1.6257079862832973,2.270655988217278,4.759682088005654,3970.141268943541,1.3758366940945963,3.3004355279033915
2023-05-16,1.7541884495741853,2.3430857317932956,4.576280884452786,3960.92745350997,1.2575303342398247,3.280985687371964
2023-05-17,1.642541596034817,2.2548107937974193,4.4774576972254865,3955.902372794344,1.2881680093684968,3.351037759852013
2023-05-18,1.670613716169666,2.3049028415669923,4.828388081439821,3962.622285468233,1.2899682499110152,3.4982604111394937
2023-05-19,1.732405184176754,2.446493942575579,4.7404894660625105,3961.4093959600027,1.393380041252814,3.221953954088745
2023-05-20,1.6351986388148938,2.2906817403659807,4.583926128489246,3973.082509911169,1.433901595947392,3.2016184007430515
2023-05-21,1.7131273826951188,2.4344464041889706,4.445693506230734,3973.3869182174885,1.3456547320555825,3.367353277106108
2023-05-22,1.7721240550073543,2.240412773180855,4.881258382949262,3970.737612132392,1.344942372487116,3.3584722288322184
2023-05-23,1.6314052868934925,2.4088701421023053,4.841819684213286,3979.9167082570825,1.359392332466436,3.373223890747818
2023-05-24,1.72602367287649,2.5025528520407274,4.696956807193998,3995.492123490714,1.416489905105347,3.3827913097657873
2023-05-25,1.7347986509906166,2.1137378056263687,5.091131910487729,3991.171533836646,1.314534598929569,3.3385820301756173
2023-05-26,1.7659081861953816,2.2837189957562103,4.512800089341286,3942.9837448916537,1.3753269704399973,3.512394865163466
2023-05-27,1.669982038390933,2.4236219996854724,4.426724539749889,3922.1045346954447,1.4146746684565399,3.205824389119767
2023-05-28,1.670819274608944,2.3481165140272795,4.598460491286908,3992.3706087511014,1.3934757611285713,3.285571350153554
2023-05-29,1.7679517148723236,2.40804190563287,4.732737433320379,3946.8478896908396,1.3804063991256765,3.3606018422808344
2023-05-30,1.7617164015814586,2.313035065288318,4.795535057784338,3970.1914087541263,1.4234858885882566,3.209114702844483
2023-05-31,1.764404341765414,2.38459882837135,4.703632487676854,3951.785709403625,1.2407782349740983,3.358354409180853
2023-06-01,1.77421464105129,2.3628783917490126,4.827303309879301,3939.6496143060435,1.412339881264766,3.5445931318610224
2023-06-02,1.7279035258258373,2.4977305871183617,4.5115968770666734,3987.019730754572,1.3482485967960098,3.3830410297819773
2023-06-03,1.7785299780911328,2.408900730946663,5.055670214047734,3991.8748325293614,1.2919270017737183,3.4065287371884097
2023-06-04,1.7865834482263376,2.4197251784882217,4.7554995888828895,3965.662774441606,1.4115250422569507,3.2599484357634436
2023-06-05,1.741224784988406,2.347283481332615,5.0004015222073495,3925.8733897460743,1.4571541052030101,3.3268350371409143
2023-06-06,1.875243612775283,2.3422168212017733,4.850499956493587,3967.2705997567546,1.384105017877638,3.353457805576629
2023-06-07,1.8106590645919551,2.350227890491221,4.878318062377123,3986.532821962687,1.4411274366333298,3.3617121995975596
2023-06-08,1.7324147750145542,2.4354351891751733,4.905933405921128,3949.619763611986,1.4766038878367758,3.5241543544377203
2023-06-09,1.8298201616346992,2.3563977925194775,4.8865341932064705,3983.3664465158836,1.4642419632807062,3.454265346674016
2023-06-10,1.7532709290199622,2.4299799919553053,4.930549564504837,3979.894304269673,1.4830007327342338,3.2898567105719607
2023-06-11,1.8463717740467716,2.611048851794368,5.072848049886135,3992.2875843779866,1.4406151464834192,3.428159249773025
2023-06-12,1.86995985413834,2.493127507937154,4.851334309128264,3983.59461488708,1.4097867195390645,3.4558372124436634
2023-06-13,1.7760084905987052,2.375918950041361,4.958843358033993,3962.242881833998,1.328423012663287,3.5225362071102717
2023-06-14,1.8702239443068276,2.5311489611387,4.804107998987166,4006.136943817751,1.3987244445158082,3.569081637579143
2023-06-15,1.847706715519757,2.372726297284311,5.115091112262827,3979.536175456754,1.3713715048206565,3.3120244154036795
2023-06-16,1.8731832085009776,2.2122276467328414,4.696801740089399,3982.6619292599266,1.5245872361255173,3.334954349129593
2023-06-17,1.9319323809622713,2.3177377348230466,5.197280818411738,3965.0439140014937,1.4097520752931703,3.292788580023325
2023-06-18,1.8298358573577511,2.2339734394763617,4.834073673029026,3975.3448812919596,1.4272128719181716,3.397650645668249
2023-06-19,1.8094309862683409,2.388407548838977,4.560962774062606,3967.0157251680835,1.451133166045131,3.470194734687741
2023-06-20,1.8076546043332602,2.4279070008262233,4.877751208796694,3981.7541113829852,1.4282452852258907,3.524798614566178
2023-06-21,1.8163523428945854,2.5962151597989567,4.72093252564788,4019.948455317133,1.5133239805929664,3.420976326207176
2023-06-22,1.8583003030004728,2.4637704316120055,5.030284098268923,3958.777515988491,1.3999452261488663,3.3990929419101046
2023-06-23,1.8842255185403307,2.411673907018863,4.736643123939021,3954.445564022415,1.4433143326616114,3.4487597591246235
2023-06-24,1.8860149910943205,2.519030783682259,4.782943764484863,4016.641451662654,1.3989666962790075,3.3525759354009077
2023-06-25,1.9185521449079417,2.2174829603272816,4.499284836267035,3983.532824702577,1.3725953656670349,3.6475503633975475
2023-06-26,1.8828556083783565,2.464664212703087,4.791744249934646,3974.839096605248,1.4105143023469662,3.2803366541804246
2023-06-27,1.9598947489706475,2.5206955419450874,4.40244217978699,4009.5198982591996,1.4417571827039704,3.4620830804459635
2023-06-28,1.8789977347792048,2.298256663642567,4.575450011743958,3977.110746849373,1.4246501769946882,3.648475910143515
2023-06-29,2.0332515660989046,2.5629969582054044,5.049326038998283,4026.244505047881,1.414000504891019,3.4493015383407113
2023-06-30,1.9335390064859945,2.4849774602983135,5.05941567082791,4003.7840813365597,1.3808119463652804,3.4321239160487225
2023-07-01,1.8644102926052508,2.4121052938229526,4.992359682783058,3980.9685888796926,1.4494788065815978,3.41788954293199
2023-07-02,1.8587360768513304,2.5194185374878217,4.718885473128544,4034.3742344407488,1.380904332175643,3.438101182700952
2023-07-03,1.9414168538448662,2.685715902321793,4.907750961854311,3979.6150248482036,1.4966494147258336,3.5959314640090065
2023-07-04,1.911132625144735,2.479339507711363,4.9215852565929135,4007.072483881289,1.4652748698522389,3.239966691072563
2023-07-05,1.9630183204439529,2.4884812064997077,4.6956453579008395,3998.7176811820646,1.3907815728964277,3.617002517999307
2023-07-06,1.9559927082963464,2.42022932357981,5.233010487421099,4019.2679084947426,1.4507049596813413,3.32376969828882
2023-07-07,1.9337019127631463,2.3836872422515154,5.112815816511124,4024.9645597741364,1.4310638589184659,3.4420064462745534
2023-07-08,1.9000162038208905,2.55421152651658,4.898163054958379,3994.8756719537464,1.4871366703831144,3.4282535028322894
2023-07-09,1.8716260598183383,2.3880758279354293,4.952745588851538,3979.66848469834,1.5407067328274728,3.532539537503388
2023-07-10,1.9300552047776012,2.4833470999124154,4.994057513970463,4004.4375380968777,1.3824318527081891,3.3163780410021015
2023-07-11,2.0002134234254467,2.430930997178125,4.549046510024415,3982.1850409758854,1.4844480458120075,3.5249140084628308
2023-07-12,1.9731107022441041,2.5291009900934363,4.912970538533474,4036.508346454292,1.473196367740465,3.6836339698474823
2023-07-13,1.9051316074303153,2.5170754837116522,4.831021696766355,3999.4725612582465,1.5172762770054806,3.3473918727236764
2023-07-14,1.9810901239867946,2.5899695332729076,4.772107075715252,3989.9366767431816,1.496875370259002,3.505186155608157
2023-07-15,1.9967094780089982,2.4377201646258033,4.921223550445365,4001.437967019554,1.4511233379243373,3.422523586731617
2023-07-16,1.9382632685408205,2.4642405766461013,5.341993445720782,3971.3030882444937,1.4752753733921076,3.533816790794742
2023-07-17,1.9951549269764741,2.3958579642613684,5.1156372439326,3979.314586397707,1.4539330429994244,3.4956491135811745
2023-07-18,1.9953916389298187,2.4518112754961483,4.87824540505096,4023.2563984596404,1.5500409584336894,3.4320919105993286
2023-07-19,1.9403452194443085,2.536476916472405,5.1120102906070715,3986.611487854156,1.4998124496015168,3.547534095655027
2023-07-20,2.0203956336815745,2.5769519944966155,5.282377352981361,3979.312406912777,1.5963126671197305,3.6816879438107546
2023-07-21,2.0355580233108928,2.411542866078478,5.192445533575035,4011.484934749794,1.5007263578055094,3.4846690193235106
2023-07-22,2.0666838904795655,2.5932262561709667,5.0244574023048365,4024.96721592534,1.4708453258148777,3.578241458375219
2023-07-23,2.070233962250868,2.644335715705057,4.888156504108008,4016.1334521782137,1.4330862101939201,3.379444634037445
2023-07-24,1.953672922579589,2.552621685811092,5.162201053700162,4022.1765928138607,1.4211212116759244,3.415634557806921
2023-07-25,1.9806776703100082,2.701464042408689,5.106265999390114,3987.620990459187,1.4345776640026076,3.5610250889409203
2023-07-26,2.0583332169945185,2.4389118069066855,5.211620097639631,3974.8219320285716,1.5296470593676168,3.6647023296706394
2023-07-27,2.0632832825080163,2.394331522150061,5.1646283452988,4033.7860715353504,1.5442332436426998,3.554358327359769
2023-07-28,2.0683589006060292,2.3434312332549356,5.252517059354593,3997.8070548522296,1.4422437230437568,3.489997455093048
2023-07-29,2.2402556221517838,2.673413954958442,4.940572005306934,3999.7452444328037,1.5685614395133296,3.523738664351859
2023-07-30,2.0811761044820263,2.5917523551090897,5.316110392074234,4031.8270407317177,1.502162736889512,3.4012750160767125
2023-07-31,2.114422392284719,2.523263588046799,5.097164031214168,4016.889011215582,1.5361617057371222,3.589273587773381
2023-08-01,2.1103567297786703,2.559325183433987,5.477708816129063,4015.383419602033,1.6119393522147762,3.619561627034346
2023-08-02,2.1002387354976206,2.4212856817363275,4.929831609314417,4050.066964191255,1.578676552259442,3.488625553182857
2023-08-03,2.0569182420286345,2.7809160500920087,5.419874464893701,3994.3978058184625,1.5229143197350343,3.4893366373543757
2023-08-04,2.115642696613636,2.5517692359920088,5.117276392281502,4026.3262261205223,1.4942875065237218,3.5654349407596913
2023-08-05,2.0440655061904147,2.5522928629191357,4.952423166194404,4009.4109391896714,1.4337626133921813,3.497681409854587
2023-08-06,2.0758783679086132,2.6164363115126763,4.99094213143475,4014.1437754018266,1.507901983160686,3.5372463876602245
2023-08-07,2.0684636521824795,2.594466837960639,5.028662367935071,4039.8425514856444,1.5358094028455826,3.7563380937036186
2023-08-08,2.101838067871572,2.571260582879041,5.182577550182639,4019.931151216018,1.4995132040935686,3.5241696103765285
2023-08-09,2.218489820564252,2.4723310005707573,5.207323989837676,4021.0416108040504,1.544815597760673,3.5155444309131663
2023-08-10,2.01440616392931,2.6010315474930485,4.993029422771182,4032.2270891020858,1.5577273059273868,3.489130531215933
2023-08-11,2.147094964405944,2.7445934270911123,5.107911036435022,4003.979140897864,1.5451481783532053,3.630810174593603
2023-08-12,2.0371586926560563,2.6934392477232674,5.546248557937911,3994.9952552747736,1.5263971140665964,3.540774825785959
2023-08-13,2.099210424254388,2.7207221714358694,5.4683156515640015,3991.3845178739653,1.569836242370266,3.496466204939787
2023-08-14,2.1822670787205487,2.5127882067929717,5.215084282806987,3973.454823099698,1.5860068069145605,3.6960401776633915
2023-08-15,2.136046081155274,2.467455558074392,5.140432775834141,4054.4073506188565,1.5118960862281081,3.7083763405516144
2023-08-16,2.083957372632357,2.556343613754446,5.161850876872474,3991.7202938384485,1.6394689247517245,3.5088799491905402
2023-08-17,2.1070919573941445,2.5770010626574407,5.265560737403225,4009.860641813999,1.5664991648143582,3.3847745762925094
2023-08-18,2.1818495616321973,2.6833539889398264,4.943311161145782,4009.2507014207677,1.5748773182399742,3.674686206076424
2023-08-19,2.1163638739279276,2.4071946397854105,5.101406898029116,4021.4363545075603,1.6118518239197202,3.507978120180892
2023-08-20,2.168717666321204,2.731902400367114,4.824177922066587,4032.1042179349965,1.5906081749842278,3.6580099283373295
2023-08-21,2.1651858601656166,2.565652844227314,5.242751892691482,4033.5001965842375,1.6291104657808753,3.3844432523140293
2023-08-22,2.135339782118456,2.5412717927546313,5.297358987439295,4005.1304311784957,1.5983161080094646,3.673219633579304
2023-08-23,2.2801295352933337,2.485255727887517,5.076295038367193,4013.9507988069786,1.5558442966815118,3.4653489724854554
2023-08-24,2.2096408132712893,2.4234867638911175,5.492742214813395,4023.4460852253046,1.6070476073379993,3.6620488429843467
2023-08-25,2.081700264150829,2.6737957551380465,4.937804260883241,4013.3219168246997,1.5342923863758215,3.5929060035254983
2023-08-26,2.197292640550501,2.6013167591248556,4.895094948770066,4050.943904001603,1.599412947694841,3.4985910204663506
2023-08-27,2.1598931329019315,2.46749513809607,5.237872819852345,4029.1177446468005,1.5948297285379525,3.5557875967774977
2023-08-28,2.240616654208483,2.4694896165279743,5.407414647991103,4034.4970544678636,1.588591650870709,3.667629339430006
2023-08-29,2.163381481875357,2.5679252894694833,5.539793057088566,4033.5583772530476,1.5950768838265497,3.61209320471002
2023-08-30,2.202283228051968,2.7709121775915957,5.116243197551525,4044.271482162238,1.5099175727877745,3.662451323109905
2023-08-31,2.238281945402657,2.5805571555904563,5.428768748139893,4024.9236893194375,1.5790800453397689,3.8041603491783653
2023-09-01,2.261332872490461,2.458708261079167,5.210343418881813,3995.8678723190787,1.6136648014480333,3.452598395219872
2023-09-02,2.163042823757487,2.586954515646543,5.188532184122111,4030.2995234460805,1.6195216416550078,3.773250079552
2023-09-03,2.2113451136465487,2.586762730744531,5.404802162935931,4009.779879668023,1.5626513306730003,3.624470681471619
2023-09-04,2.2093354412088697,2.3468526890893013,5.363547282449601,4012.7359370416966,1.6798267454266937,3.526662948551146
2023-09-05,2.2054287764665523,2.613618132395838,4.922816806698388,4035.536804184626,1.575738876636894,3.4860162564737203
2023-09-06,2.3313804814376136,2.5984604316909117,5.538415839368738,4049.0764383710284,1.6700267447381163,3.602641845634076
2023-09-07,2.2683693862999275,2.6936807868572816,5.52413857158137,4025.237461609909,1.645419868469524,3.716225161568386
2023-09-08,2.190088634363448,2.8114620255346345,5.128020291778294,4031.4899434599993,1.59425505054791,3.6138115040023466
2023-09-09,2.30403846076126,2.741729184659037,5.3373060700960036,4059.858835233557,1.7178382263347363,3.7801881747289956
2023-09-10,2.3692657045874737,2.604690078312938,5.36196393199339,4031.1308530634556,1.571897105780597,3.4864613783632654
2023-09-11,2.31979368909272,2.5234326221584147,5.320305179229945,4078.8507048901242,1.6800429217130814,3.632876318247976
2023-09-12,2.1972144590957834,2.893927459021728,5.1631219266244,4038.6284886519793,1.6866205945988908,3.51135213425543
2023-09-13,2.253983785078492,2.6450195877623512,5.1438708151341945,3992.604293689064,1.60556673390707,3.675460932623399
2023-09-14,2.3465535775094564,2.6429969392163573,5.278097205851836,4043.387634427103,1.711227275028279,3.730292749034793
2023-09-15,2.252837078097507,2.6416977669782225,5.522766355230319,4036.4452228355,1.6316079499592753,3.6020340963211175
2023-09-16,2.3154240541140783,2.6664250174301687,5.401953113625653,4055.1183633523315,1.6610512228173762,3.38619515569067
2023-09-17,2.3369773167065544,2.6346867658251494,5.224122747617866,4043.2881884289077,1.662138898956105,3.669017621697193
2023-09-18,2.2569116217845044,2.5942628719936804,5.457597887493077,4027.556694856665,1.6449136356081768,3.695302927855055
2023-09-19,2.3052944088886393,2.599449444221825,4.738562152565714,4006.3411029433855,1.6946757520038536,3.694564813842034
2023-09-20,2.1512198410165966,2.653366276988425,5.543036348094471,4027.1478556562843,1.6963160400376358,3.7802198231922404
2023-09-21,2.2670763572816566,2.604805392560809,4.970352983592751,4014.819164850651,1.5717212710122763,3.5520425017092805
2023-09-22,2.3106798631070338,2.5903695570706295,5.250820082396065,4020.720358071575,1.7268711474822536,3.729675745883391
2023-09-23,2.2659316429067697,2.6748034237716958,5.104386823079784,4044.6036482889135,1.5810358016007224,3.7834111522503036
2023-09-24,2.4149538985299146,2.641168944924581,5.074397038189152,4066.731423420362,1.7182939768837493,3.488807908266015
2023-09-25,2.2668387957636225,2.8195722311890963,5.570511222137359,4041.728017062625,1.7255081891722062,3.701138114922725
2023-09-26,2.321356171655126,2.4065822171556865,5.249818155727597,4010.418178358294,1.6171308764842276,3.6212612148942207
2023-09-27,2.3549079561826,2.783336148851394,5.417671703664439,4043.7291460962324,1.6536447492614186,3.6660331963489834
2023-09-28,2.4254471230999224,2.8013002485730714,5.34399934287078,4059.2709755975748,1.6214064958990115,3.711459377677142
2023-09-29,2.2866028824159654,2.471858971746654,5.4538041554195615,4023.6439409111063,1.6684519434730318,3.6304751385761134
2023-09-30,2.4215667089110062,2.647435501243594,5.378772899515309,4033.6605087968674,1.666302546442342,3.614133452735468
2023-10-01,2.368932705682558,2.6470664397162103,5.111822607793865,4037.135869157742,1.7231935529292564,3.6876257680645916
2023-10-02,2.324358151407502,2.5459656225081675,5.572686947849327,4021.645392134345,1.75223222928593,3.5779921980936695
2023-10-03,2.401551289001384,2.6114413888850225,5.2796947986559575,4050.8102202056994,1.759007248183608,3.5806405447555916
2023-10-04,2.3934116313952147,2.5806717387616875,5.07214226688459,4035.9269016894987,1.6636209219793556,3.7596666516039208
2023-10-05,2.358460334086922,2.869462633314793,5.302848145751679,4047.2377666726265,1.6837744952852045,3.579356185456565
2023-10-06,2.396973813522684,2.790309693951338,5.693635667400045,4021.5985273712763,1.612569945025544,3.7633731047275125
2023-10-07,2.379230560758416,2.8264036298001676,5.568540589024202,4031.100458053682,1.6589546169759424,3.7455072495861472
2023-10-08,2.409184639192387,2.773921592369236,5.333778345048253,4054.798504349538,1.749996967619785,3.5291737130858527
2023-10-09,2.4416278369841975,2.5913554745073495,5.338669762394459,4033.395467283979,1.7850397928064843,3.636504186395507
2023-10-10,2.4928346753937336,2.6543148906652556,5.349206824342989,4075.8926604833146,1.645049473699237,3.8261778575979704
2023-10-11,2.3566555909734443,2.7582106390801857,5.833895962626956,4033.8619128791865,1.6796499699997487,3.6111566298434257
2023-10-12,2.530210565975921,2.5895666677323597,5.499945987689419,4046.849584239348,1.7104591607736075,3.6653390223906155
2023-10-13,2.330967038595303,2.7855855573029533,5.514579758009643,4061.5089594946044,1.7282937722266944,3.760491803610904
2023-10-14,2.4259947051479704,2.6927594401340613,5.639640650706118,4014.991081331314,1.6763118039537925,3.7951310308781343
2023-10-15,2.468012351552299,2.6818161648590753,5.486354323033373,4008.643472883192,1.7405012978372396,3.6941443570095855
2023-10-16,2.4576586159431426,2.7929005080985445,5.39180059339225,4013.8477759642374,1.6981125439246496,3.6620534918090315
2023-10-17,2.417486577893682,2.76873710809096,5.409351584067716,4070.113837457015,1.7235881633984418,3.8665477631122065
2023-10-18,2.4432279726951687,2.6907204260246083,5.439313833330219,4034.3262456034545,1.7541312550067012,3.900707008986274
2023-10-19,2.4339965698084116,2.8452562886071013,5.451202169239385,4097.0286473675005,1.7296444217612237,3.827209113348856
2023-10-20,2.4341909100224637,2.6237232411748472,5.609185056597069,4035.08096281382,1.7100102794085086,3.740361388191339
2023-10-21,2.511151784049046,2.7959294002934234,5.479060856359454,4050.5581939837402,1.728855349402706,3.6535092674349046
2023-10-22,2.4915349848245683,2.796152231059996,5.620212225969432,4078.210620103989,1.7324239573028912,3.6537976646075014
2023-10-23,2.444051262091604,2.708393726995919,5.46255342583292,4087.9915319486463,1.720847819433212,3.791599781453894
2023-10-24,2.5286892669546197,2.7744679388156905,5.499436311246176,4089.6009988510236,1.7289148334581235,3.783694458680347
2023-10-25,2.5040867805551086,2.6192495446171087,5.089081667604857,4073.039505062991,1.8242932607808748,3.884520761550282
2023-10-26,2.5343774417815466,2.8392698698404892,5.676999870780095,4069.8546841001894,1.7749131403168612,3.8119121771734132
2023-10-27,2.5302283092641003,2.730883219939661,5.568044562347519,4061.725225700816,1.734599417682502,3.5990654034079785
2023-10-28,2.462309647950137,2.6996073971962167,5.7033614204681715,4065.9431613729566,1.786727419473657,3.8570744610204124
2023-10-29,2.480762877814713,2.8592868874959696,4.9295208541858235,4039.8534786558853,1.73769499042448,3.6545799021808394
2023-10-30,2.5511491414090455,2.686457861522165,5.931459402109028,4035.014468446842,1.8155484624557732,3.718495103381206
2023-10-31,2.5493155057528765,2.6185523666042454,5.490879066850169,4051.812210099901,1.7778806058505061,3.784418516865771
2023-11-01,2.522764444111316,2.6062418445523714,5.745446087157027,4048.977259930454,1.7565396547045504,3.9614715108831584
2023-11-02,2.5346884243032837,2.8250120227034863,5.320840869712738,4043.817644527239,1.7867968738594362,4.075402883169458
2023-11-03,2.5977178312555864,2.6388743579834544,5.656389367478679,4067.3112075957506,1.6883734856296575,3.827589599146701
2023-11-04,2.509268548352695,2.9449029770956794,5.3281640051597545,4072.9908159508586,1.7130851854517528,3.751103897025204
2023-11-05,2.571214518181309,2.563736883773031,5.419105856983646,4056.1541026381174,1.7122335742414507,3.8253803894094585
2023-11-06,2.538762547829433,2.9440817270545674,5.931678451224484,4084.437819666218,1.7815832449637492,3.863201632812947
2023-11-07,2.5430006516180876,2.7980441026099863,5.515748231626779,4032.5546888952745,1.863568105863979,3.744875593334005
2023-11-08,2.613836085707129,2.7697773103668455,5.602383817743714,4052.016535125182,1.8910136288635164,3.958969757145117
2023-11-09,2.6051805918854916,2.72746297853715,5.737923320573841,4042.054531031553,1.8138574422900828,3.804961963137185
2023-11-10,2.609597787564443,2.8243747643174126,5.6680586833589315,4019.5614982349803,1.8095033766294282,3.834235461791345
2023-11-11,2.639208777450448,2.783203948303881,5.604018618121446,4055.7398699924192,1.6969145318387289,3.8535598437518117
2023-11-12,2.5799975605026906,2.899803872412179,5.651939568914298,4055.45978667444,1.7623399942238251,3.8316323452719723
2023-11-13,2.6180575483141215,2.8034027147408906,6.064643016797029,4088.66498483978,1.7525907622792747,3.875873999921648
2023-11-14,2.573459093248021,2.809516391685035,5.577448671670977,4071.513476798865,1.7634438356262911,3.732760896884155
2023-11-15,2.6101932800304373,2.760631259981622,5.634204771749008,4038.9147597540177,1.788585290273768,3.7411623058084045
2023-11-16,2.5924903410159517,2.793804184495061,5.8091283729358585,4096.981600700117,1.7758942179823116,3.6894833235699984
2023-11-17,2.6088598233122924,2.8327851894205343,5.8251152116542535,4084.821676416773,1.7030400220125388,3.845955135593351
2023-11-18,2.6387804076628227,2.633494438929826,5.8464286175030535,4072.54420970847,1.8419067910013653,3.8824049285467
2023-11-19,2.573124053557624,2.6721990016490778,5.741781132125135,4056.8738267949334,1.7533803925726585,3.8527948304748376
2023-11-20,2.723666982831892,2.8838502189260806,5.390446636501522,4042.7159771702923,1.821486152729367,3.976973052858563
2023-11-21,2.573759281300955,2.829116619000764,5.950746456836159,4054.9618795161728,1.9157342086754685,3.811470473305065
2023-11-22,2.568363251064874,2.7961380072168622,5.399803603100523,4084.68224056451,1.768567111272809,3.881410506411381
2023-11-23,2.691990756707585,2.81888599982283,5.694612306080388,4101.10024742195,1.6905282303789744,3.7078725189023594
2023-11-24,2.678680879059049,2.854307042716618,5.488242574357031,4094.774645001534,1.8052486610864455,3.780838901933011
2023-11-25,2.675316266541831,2.7680791698136753,5.6312826063706245,4054.634039133197,1.87710311959454,3.891608913601189
2023-11-26,2.6805400824807575,2.7467309309685404,5.71487528907824,4042.519932035974,1.9224787762198015,3.909471614583086
2023-11-27,2.653522999703519,2.8466521946827004,5.7184067814359185,4068.2312587728106,1.7655901894503114,3.797670974406514
2023-11-28,2.614285151099894,2.7317366570755897,5.743532020521243,4030.5459996561613,1.854408895998919,3.822414009651286
2023-11-29,2.6679506289121924,2.8729054760727006,5.986902654814236,4072.879394383946,1.8088146776622505,3.680292825833172
2023-11-30,2.635314846755221,2.6643281057416295,5.759879792633623,4063.965241507109,1.8292890484502067,3.7988835460847525
2023-12-01,2.7229414503300355,2.9400082955621385,5.625354136601018,4058.09781632855,1.9693098991804256,3.926131048181553
2023-12-02,2.6718451259123617,2.8868587457350388,5.87201542864514,4036.0257381534107,1.7644504810739767,3.897119499104391
2023-12-03,2.6429356664761636,2.8677082365892823,5.922104624100718,4078.693054762973,1.8547922462326234,3.8921718352960157
2023-12-04,2.6731537655614606,2.9428806272166064,5.443701494616712,4058.268288971173,1.8679961874103268,3.849588897540151
2023-12-05,2.7148821616862118,3.013665238932473,5.813715602942402,4046.0252221830374,1.9014071107331827,3.847824110349033
2023-12-06,2.6710618926605534,2.951061066652189,5.8394826687629315,4012.4795677644424,1.8545232178239208,3.783591946203031
2023-12-07,2.663149631850751,2.6680429026813717,5.644747950957074,4069.8757670618947,1.8675328527897415,3.9220131678347894
2023-12-08,2.7214575435319888,2.726678894805126,5.984414545619717,4106.372350229134,1.8350541631076072,3.8967338859176355
2023-12-09,2.7265340428411506,2.7946609993732894,5.684274596879209,4104.653755719529,1.8705992042051125,3.9063447419421373
2023-12-10,2.6939510868454786,2.862258227828101,5.744413536308343,4062.787899429678,1.842489509032147,3.8070456385402593
2023-12-11,2.7007588616614395,2.9139212905180902,5.689696412085582,4060.386836487,1.8932339829639804,3.6468210964840533
2023-12-12,2.7409258051385583,2.7920872728199915,5.73243911778697,4082.307815948568,1.8461811373331565,3.974376925310708
2023-12-13,2.661931622524131,2.8858445962472064,5.515080822219957,4053.465875176134,1.886022939494608,3.8192841741986583
2023-12-14,2.6689751822084906,2.794135892228327,5.45133819440846,4079.9706750891214,1.8682110447794102,3.783396609059347
2023-12-15,2.708438691193017,2.811028670828625,6.063261914900634,4089.757695793258,1.9284829636664278,3.941528342319219
2023-12-16,2.7387010759983674,2.734020607107158,5.579981163920294,4099.476007836082,1.8721170306125556,3.835485452800067
2023-12-17,2.769931343192181,2.78486965784505,5.55610749502102,4073.435514961629,1.7885413590457964,3.9831866208608027
2023-12-18,2.8331663070880793,2.7445307875586673,5.328720473519859,4071.8663746205207,1.9427953231560005,3.9413998430779706
2023-12-19,2.807294008729023,2.7846181884867276,5.636618678031022,4058.8814510217608,1.83691889874133,3.950562446104509
2023-12-20,2.7614266323990715,2.9900759591094053,5.504805600215743,4060.4047488089273,1.8520234625161804,3.748116208328568
2023-12-21,2.773485279830429,2.7922781562295875,6.1028391222528375,4072.914031184526,1.8574349804106072,4.008412443651422
2023-12-22,2.7293221533219945,3.152962517260681,5.981412039422411,4085.2921722917117,1.9584462154354831,3.915849363900328
2023-12-23,2.7835354960825858,2.9415623665291912,5.64683108384666,4096.717807812885,1.785446865742168,3.8553028625164822
2023-12-24,2.7750407522645193,2.91322045447475,6.239960845279388,4062.8837894074454,2.0516242687882627,3.9090756888394877
2023-12-25,2.8106221435557517,2.8114073297513023,5.990839312937166,4109.302392933075,1.9500459482227261,3.7196195844795916
2023-12-26,2.7581371996895516,2.9697803613744833,5.734532470165443,4074.5274026658653,1.910911319140042,3.940614654581651
2023-12-27,2.8304786039075474,2.844691856473967,5.304630135220774,4080.02378193258,1.89951093906693,3.799318488279537
2023-12-28,2.8861607551739383,2.916962886226441,6.267712324041957,4066.0081473694245,1.9190396085047876,3.7694948761775513
2023-12-29,2.809098333429287,3.1632766242529446,5.53662184749941,4032.968828879754,1.933324291845032,3.755032251804276
2023-12-30,2.8396344582853983,2.900168446117761,5.490469122789073,4099.6357951452665,1.9420352153877285,4.0210432735892185
2023-12-31,2.8590686030943275,3.0272080343829537,6.0290754899107,4097.193018292726,1.9400609250545584,3.849354362385107
2024-01-01,2.8095129112428006,2.844469324905958,6.3175244161049475,4077.330842341345,1.9192660014813088,4.068159738410197
2024-01-02,2.8457910902559345,2.9137943840330105,6.1114410298675175,4084.798460961039,1.9074263120673405,3.863713086777477
2024-01-03,2.840228617532824,3.096879562310418,5.952380821504207,4094.2786841034554,1.9122358345641917,3.7490637029875726
2024-01-04,2.8494953337494966,2.859609058632251,5.963562397155112,4053.2102357444746,1.9125603503933934,3.8106533204161614
2024-01-05,2.8109735709576023,3.1060568858748807,6.020307171906437,4074.381352468112,1.981500534918541,4.048393192075881
2024-01-06,2.8558621001916435,2.9980934892848956,6.00642230943605,4101.348952740306,1.9569961318533913,3.9117284779456813
2024-01-07,2.88454903736929,2.873577883814082,5.915887407600892,4060.8791238173167,1.7828051296702947,3.8749958317544486
2024-01-08,2.9372188345250905,2.995571600973221,5.885501874925713,4092.3373240568662,1.9651258658941573,3.9483326496529476
2024-01-09,2.917637726767919,3.0320925376945023,5.857155559883754,4059.835782453898,1.9445739024677682,3.9850153663485837
2024-01-10,2.9823458396675577,2.9995243546177095,5.7238937990186445,4096.797271327869,1.9364079205736953,4.049083239986236
2024-01-11,2.8413318699758983,2.7828271520711048,5.823564232746946,4087.2570951660805,1.9204237014057062,4.084699547049443
2024-01-12,2.9283278112846554,2.8696421721418237,5.546120416609544,4056.168541626752,1.9985615257236113,3.906379025145402
2024-01-13,2.8988914110638597,2.9201102918333204,5.870056385417993,4112.267218166838,1.9922384784946139,3.812257386780267
2024-01-14,3.0042269887661464,2.9399250781426267,5.697018620675079,4074.7818526745655,1.908724537661451,3.906021904940304
2024-01-15,2.8593344591658263,3.01194189647186,5.6790315099904305,4073.7698886030707,1.9702273010730187,3.9759027373750806
2024-01-16,2.862775812652866,2.970151052474278,5.940740734992601,4094.4875744208093,1.9037981156538881,3.8560050597598914
2024-01-17,2.879804803818024,2.821352782174103,6.188174893359146,4113.950190597597,1.885906309805666,3.8591721265556087
2024-01-18,2.808592181203056,2.9954132688098696,6.098450288619009,4071.1622603622864,1.926057622479775,3.991772271864262
2024-01-19,2.893511747662829,3.020958323901816,5.605699378022232,4093.213546871646,2.0030194229925717,3.9550345142163885
2024-01-20,2.886855396997503,3.018385059830698,5.72688640276112,4101.05753301413,2.0100622673063984,3.9656857145787527
2024-01-21,2.937344250727319,3.0729903532572163,6.117978799001151,4106.844568285614,1.990566551706619,3.889062747231747
2024-01-22,2.951924891520687,3.050810761820805,5.738339614024167,4097.012540378727,2.0036733357083145,3.9443784749453377
2024-01-23,3.0336581660209445,3.0158428199529186,5.894922994060745,4086.644405624349,1.995733726385823,3.8775014976032445
2024-01-24,2.9923833472977734,2.965414506548371,6.054872575193381,4077.934411125873,1.940356997933088,4.061450918806714
2024-01-25,2.9210295039336716,2.8088412500067967,5.756205795744064,4096.710346332607,1.996533470592093,4.078462276830771
2024-01-26,2.909966484477695,3.0204054309358153,5.975962319274305,4074.0459415647993,2.0174640852839407,3.792824822798747
2024-01-27,2.984495707948759,3.0007186434030277,5.693094650389793,4037.5629652674515,2.0176644411773954,3.886998788667476
2024-01-28,2.898900620350722,3.0096140240704146,5.8446387519115115,4105.222424153329,2.0419018089246093,3.8328032148418694
2024-01-29,3.0614977503227925,2.8572875484330065,6.033881198858582,4115.071178024731,2.0203775983750907,3.9199600125743475
2024-01-30,3.03390934939446,2.8793630176383718,5.656338596652062,4050.2350856250027,2.005041082056277,3.9791248747001617
2024-01-31,2.9564910920814818,3.095290222676649,6.068044822278797,4077.800373374473,2.0434824492591797,3.8450104153735056
2024-02-01,2.8993056795604937,2.9885256876218533,5.981034846229702,4110.879325821607,1.9911551400450658,3.9002952216949875
2024-02-02,3.057668556051629,3.0631375384089417,6.100472928226788,4140.14740312857,1.9508937361102932,3.8945917314635294
2024-02-03,2.9892604764090485,3.0003255719488857,6.039770295484612,4099.914621020676,1.9893403861386514,4.018220467275734
2024-02-04,3.061890815598673,3.0029756139495745,6.272828085994769,4085.4399411754175,1.9627548677596776,4.006934433703625
