date,exchange_rate,interest_rate_diff,inflation,trade_balance,foreign_reserves,gdp_growth
2023-01-01,14024.835707650562,0.5463088773765821,2.1399355436586003,-961.0819461916681,119662.41086251281,3.057061299721953
2023-01-02,13995.090792957473,0.5984768440475545,2.096471384323341,-1023.5512697843626,119987.8609051232,3.102830490101382
2023-01-03,14036.3924429371,0.4360836453571391,2.0139790690561457,-1032.893912106987,119724.03052046194,2.9788932097778598
2023-01-04,14082.163516868497,0.5371664979066728,1.9473303703256348,-988.1446747743553,120026.37995662336,2.9568123986935135
2023-01-05,13996.308363327962,0.47949191964010107,2.0858543954896156,-992.4771669979899,119293.67362844695,2.915533043536605
2023-01-06,13998.313192232701,0.49067379093200564,2.0593886187024952,-1002.6213223060431,120407.24805609128,2.9475190672425855
2023-01-07,14090.984688871562,0.48841637593234516,2.1135674181951583,-941.1325314347795,120361.32418056688,3.3309815868194494
2023-01-08,14052.39979256987,0.4778425456843458,2.0915732923926456,-924.1786273470256,120012.29736783264,3.166552126410352
2023-01-09,13992.558344831508,0.5264741775896261,2.1370193997884463,-963.5155274288945,120810.58475806391,2.9129887557639673
2023-01-10,14045.164074323588,0.48550660239588095,1.9825486231325202,-890.0513516586598,121009.86723314194,2.921862420758509
2023-01-11,13996.869195519697,0.5435829615294729,2.171819566884074,-1017.004295386034,119797.42247262513,3.1083068466528108
2023-01-12,13998.75760049784,0.5305542267920722,2.063848136821945,-965.5947966112805,120279.96025600747,3.120858744266855
2023-01-13,14036.146209770686,0.5241247419452567,2.2556222796472962,-987.7449236453707,120336.8717108779,3.127032672108891
2023-01-14,13930.388091975527,0.4936999732105453,1.9831854266078768,-1041.2226224368194,120311.61157569807,3.0526607332698807
2023-01-15,13941.810220598798,0.5132456018082567,2.2297086047654227,-948.0218098432372,121256.42078769935,3.0716229106730566
2023-01-16,14001.945743778433,0.5828597416520093,2.0799113188272265,-945.9671349382023,120804.89053782803,3.122968313137379
2023-01-17,13981.422572239793,0.5731420517659886,1.9989864561515813,-860.1992563248674,120829.66642704008,3.1047816853988723
2023-01-18,14049.780502902307,0.5022244421688901,2.019747689139658,-900.3231432271709,120020.11290597297,2.880274371542882
2023-01-19,13990.670940512517,0.5590748317043269,2.0401095577577224,-979.065052639306,121399.87334376192,3.085236469808212
2023-01-20,13967.460967237845,0.5946835846255033,2.11856889924941,-831.1430670740722,120522.65537171155,3.029087813487796
2023-01-21,14113.36259876672,0.47664997642489326,2.1324438694448324,-858.7879945824499,121232.3711247524,3.1377616228527754
2023-01-22,14030.795353312345,0.5902942621240068,2.0267983362794886,-886.7267781532225,121401.21351907929,3.424778405270361
2023-01-23,14047.4645865871,0.5330010765817658,2.0857408934793127,-923.1478522370808,122002.97458850048,3.1690126956055464
2023-01-24,13974.854775058064,0.5976682099827642,2.306411404598661,-955.7875930986991,120728.35533150256,3.1069235844889724
2023-01-25,14020.877056158512,0.5339813307500284,2.26894670177961,-922.4179540340135,119933.12969363268,3.236468727352034
2023-01-26,14055.646329886296,0.4849061955679765,2.1438327677690063,-845.3621682131875,121594.9307844009,3.198569389923326
2023-01-27,13994.554529545718,0.49677919073109233,2.1080087646504873,-801.5622678696022,122463.38184326043,3.1983220742956853
2023-01-28,14072.89311735015,0.5835665719823677,2.1202195655375573,-814.6213907206591,122242.71966945569,3.223009708620164
2023-01-29,14026.080289952957,0.5971544617594208,2.1735762461708372,-912.2180221915181,121788.19644110424,3.373991029829648
2023-01-30,14043.531544975267,0.5419585174421744,2.013953208410019,-939.7484067345908,121497.66888113186,3.061259853862198
2023-01-31,14030.034909869493,0.6221099836603116,2.0945028272195896,-872.715206692516,122207.16851274752,3.227723929124031
2023-02-01,14154.73815772244,0.510110369632043,1.9573900896062288,-964.1734712841546,121376.95435505759,3.093734632492828
2023-02-02,14063.453395276129,0.5928883948371733,2.16817882528658,-855.5851012647089,122162.0265800689,3.247936034173303
2023-02-03,14013.246718081264,0.5386475868054644,2.19698412302839,-875.1156002568173,122236.70301545506,3.106528142438565
2023-02-04,14109.26351815025,0.5696126034275273,2.0879538988602433,-887.0292800032319,122574.19313010214,3.1626721362747623
2023-02-05,14009.09809806257,0.607580354407504,2.2976792374512476,-939.4545922410953,123484.03843628921,3.180911850259576
2023-02-06,14082.587468327392,0.5651957646015339,2.0217120108540745,-830.0314175172057,122360.53664090401,3.314014537665934
2023-02-07,13976.164790399198,0.5919946676782883,2.0018591051653907,-878.3384487967228,121969.96708494185,3.314290334173801
2023-02-08,14009.743002164298,0.6645430973745496,2.1747497910744342,-906.1912325670775,122271.78198218056,3.103885176183017
2023-02-09,14087.999374418707,0.5883898754617183,2.2610224555117164,-987.3004854135814,121460.15142631295,3.239962348975736
2023-02-10,14117.083649641052,0.662025086565181,2.3287134104283522,-841.0551039699667,122057.45305369396,3.1695229764489303
2023-02-11,14090.732742716813,0.566761150253091,2.1184402310277353,-747.0587628518836,122260.2886406629,3.1206424949044105
2023-02-12,14078.385922553935,0.6527427139057842,2.276204756689823,-748.6003659259131,122263.0059012331,3.230803304977603
2023-02-13,14071.117159909914,0.7013369480669631,2.1684938424286866,-850.5101234505561,122661.34777669823,3.2276687552225543
2023-02-14,14014.250253187038,0.5086823040517517,2.1590899754167396,-853.7578976072674,122234.08061497122,3.5072007067507847
2023-02-15,14054.188150301707,0.5954257783086404,2.268726715191553,-796.2005657533631,123265.92615530551,3.3138370647003983
2023-02-16,14069.152430189486,0.6671301594652395,2.249601025316292,-865.5505344844647,122765.63459458335,3.138791356137001
2023-02-17,14147.044488064454,0.6311302958281109,2.030737537808589,-796.5336515020127,122821.00114203591,3.2260877298434267
2023-02-18,14113.373299247964,0.662845870822874,2.340038804511668,-769.3112165416873,122721.82418482972,3.3907154838515567
2023-02-19,14010.044385017434,0.6170953298425657,2.3344019209858873,-742.2605532346424,123023.48712549663,3.503433455643706
2023-02-20,14116.404599271342,0.6546300905760498,2.137844531452253,-804.6069022207912,123418.56115638191,3.1420028711810137
2023-02-21,14082.95029479682,0.6455227514568489,2.2439891709790114,-805.7748698735778,122632.56715667361,3.118620787939001
2023-02-22,14070.36231681837,0.7147017283334913,2.2578198522956088,-835.4822956704934,122797.19426047239,3.4997217680381802
2023-02-23,14136.796239291743,0.6720396794396097,2.2384922262817897,-828.9191680025942,123034.50973110265,3.3575986922861882
2023-02-24,14159.766408990528,0.6792047824023574,2.1614023503469206,-794.8910788636134,122573.55752423534,3.2378200254095577
2023-02-25,14156.784446837573,0.644736813016522,2.153278544969722,-761.1908428956641,122896.98429659216,3.384124231257534
2023-02-26,14070.263572736663,0.6439563621430686,2.2218934906964463,-729.8718708927464,123128.62303016154,3.073098572791699
2023-02-27,14098.767838121268,0.6497147759797605,2.3457298157535917,-811.7020337063619,123864.0482977712,3.3430229214011993
2023-02-28,14132.795636500037,0.6940713045137045,2.2868249453191623,-692.9006416923045,123618.25461239676,3.381479512073888
2023-03-01,14167.013729302009,0.6563054853778245,2.199411512683173,-777.0832341603449,123643.88914406052,3.447136432791458
2023-03-02,14096.28176906966,0.6948494642877063,2.317650832988682,-760.5874027935741,124032.6634099417,3.259331847656518
2023-03-03,14112.961540144766,0.7871367733992058,1.9596347158929044,-792.8716060014794,123598.64877513898,3.3753021830742034
2023-03-04,14068.931748293688,0.7299289806625665,2.3633735640251863,-872.7150190256712,123922.68733478409,3.2802030283760053
2023-03-05,14066.442173805986,0.673077580906638,2.0785336321422303,-703.2927201619074,123735.96427383435,3.404295890597492
2023-03-06,14168.882804145762,0.7524454656472753,2.2202689319117908,-706.6447790932742,123980.37656548138,3.295234906841854
2023-03-07,14198.072522470626,0.6749870129120488,2.148554052621554,-753.5453357717423,123616.43630245673,3.34997147921023
2023-03-08,14128.6640229791,0.5964905668282816,2.1350609105441416,-732.1214060225241,122748.52729260527,3.297212047695326
2023-03-09,14184.44518196875,0.6509984900653523,2.384619752886149,-705.6659649664984,123960.9165311313,3.4679192354048105
2023-03-10,14154.354346342561,0.6108692215839777,2.2257749700491716,-805.5822026639664,124799.55042075539,3.4946627469362075
2023-03-11,14106.020565375957,0.6898391554572532,2.3112034943854964,-749.8995276548899,124611.40429430717,3.391367602322896
2023-03-12,14158.350341397665,0.7113417606428443,2.2758690643565704,-679.7256437744197,124691.11557596292,3.424665482862736
2023-03-13,14219.186397461575,0.797248719321179,2.3322732209988652,-778.1453328819094,124886.6024350514,3.2819945659514755
2023-03-14,14142.49727519881,0.7327792344196711,2.2962593434146426,-696.7449490830513,124372.98611010998,3.4028980666622473
2023-03-15,14224.52476796104,0.7084838513150677,2.1642859479218246,-775.243919890489,124487.43540881302,3.4338572938068475
2023-03-16,14017.309337981886,0.7639151688387336,2.396219868317459,-680.0853145055783,124140.071847874,3.706969088662116
2023-03-17,14191.395726421166,0.614894136353213,2.2512255440886784,-701.1808717100646,124350.98160805862,3.3397051010297982
2023-03-18,14156.656962630346,0.7402376417330836,2.1489510285708984,-776.1473723584016,124877.02385143867,3.6033315515305544
2023-03-19,14139.358249711175,0.7700061855460517,2.265805718372347,-633.1457978082036,125231.20073561846,3.5626117290499875
2023-03-20,14160.900664077275,0.6605396255867595,2.462701229564433,-724.1043283389005,124619.65561967454,3.4970015162005166
2023-03-21,14058.938187536489,0.794662652060146,2.4016554407444155,-723.879355317653,124524.40436557028,3.6508119482191126
2023-03-22,14149.33704689069,0.7574057822985685,2.2857760691243443,-669.3302575733226,124809.88321790526,3.5181724711083815
2023-03-23,14180.180277874184,0.7227225782528557,2.2897235281653514,-617.9188339313699,125170.34285342247,3.5258898674625843
2023-03-24,14238.223359551705,0.7781320792772581,2.29649380950752,-722.1337763196614,124207.9323113721,3.487673906642133
2023-03-25,14140.419154416979,0.8630336408862118,2.540340129017407,-664.2506768462788,123841.88948335123,3.6213548842338468
2023-03-26,14127.911993202035,0.7615983227729649,2.374866891916542,-641.8858282900846,124774.83177565501,3.6146569434211684
2023-03-27,14145.252829183499,0.767922051359105,2.383685527444558,-624.6633569113919,124499.86422792469,3.448454315338555
2023-03-28,14218.11479526386,0.735548989091124,2.4477177241606993,-646.4885434786238,124916.27058253907,3.3851093486763957
2023-03-29,14190.786252877773,0.7190308276189448,2.3725763106922306,-669.653997164587,125156.57076243495,3.502748028444803
2023-03-30,14149.86469522247,0.8060458489434448,2.3268011962395727,-688.6741002107927,125063.95695781315,3.4490542597927005
2023-03-31,14204.020085082522,0.7247308788448372,2.3370784419452098,-638.9793789939738,126076.93517004099,3.5287176828190256
2023-04-01,14185.214598910288,0.7741193940252982,2.353561316944365,-692.8855077135089,125574.19402558773,3.6648259777970713
2023-04-02,14230.796978985562,0.7496642218501209,2.3610072352668516,-781.3380652568947,125621.17906357294,3.5013640228680747
2023-04-03,14149.266082781081,0.8005020974997445,2.4415004293135976,-609.4345348422169,125842.1656962702,3.548823874293692
2023-04-04,14169.989638161094,0.7962422235008204,2.377940079562694,-582.0577669637263,125021.76580583908,3.5649205099537853
2023-04-05,14168.771345850408,0.834442127473416,2.450017514735586,-741.393114763064,126170.85849892056,3.6499733487415704
2023-04-06,14117.20501411644,0.7600703223418318,2.372689865035234,-669.7250121894047,125673.54070242365,3.3464533511706778
2023-04-07,14207.190783392307,0.7750834075439488,2.3926330581097655,-584.2727478715838,126106.78339479295,3.516484279140705
2023-04-08,14207.441541164104,0.74264498054355,2.188957486657009,-508.34767140419467,125295.73471013323,3.604294701893278
2023-04-09,14196.648458403266,0.7723745153529078,2.4844183386125325,-606.1747434739451,125114.90418412624,3.7091862523561128
2023-04-10,14186.667436918418,0.8164602150330041,2.4314424347641483,-639.606559887108,126360.84863662775,3.546000136010903
2023-04-11,14129.632264500686,0.8384506332370772,2.500602614192378,-608.3432188488292,126200.22881114496,3.413547134205432
2023-04-12,14181.37254348097,0.7574989482199764,2.1151840814191076,-526.4465598041138,125621.1185113984,3.669185573454329
2023-04-13,14187.273091808933,0.8500935224581888,2.617655105748614,-623.4805736856857,125697.43298842077,3.5496902140232485
2023-04-14,14166.298962190222,0.8774011314172013,2.398866688487088,-627.1339490299075,126755.10216174646,3.5002718110448714
2023-04-15,14200.352548084033,0.8332969956621871,2.527651949008421,-607.3035087744322,125657.79906358638,3.5628159620306814
2023-04-16,14230.623384524093,0.9094710531529534,2.31685109065418,-626.8247470462022,127133.96172712899,3.612809989284515
2023-04-17,14306.734144759925,0.7799478145939195,2.4861270899050547,-569.0167848014626,125922.43512365803,3.576800082644375
2023-04-18,14223.157748357024,0.7594105514075754,2.3235161591134963,-489.90836164566036,126752.06169426712,3.4227299674363856
2023-04-19,14229.310385267601,0.7357132861519804,2.3704888353933455,-550.9803048812727,126328.67673406939,3.7390052168831023
2023-04-20,14214.714577959186,0.9024575261957017,2.6282768828816683,-575.7439276113246,126854.69992796602,3.7827981253703573
2023-04-21,14124.502320998574,0.8633796054629934,2.4218135234507194,-573.7087999187231,126341.16945184872,3.7264748444245317
2023-04-22,14221.1191960071,0.8308881011238158,2.4666330668770904,-633.2697608757146,126591.95024035063,3.5535661022961955
2023-04-23,14227.460408292643,0.8506717780093778,2.5359045686600576,-506.9467155514597,126753.92652156559,3.6531975399920213
2023-04-24,14349.615011435888,0.7834049063525161,2.5024740004205066,-550.9860482273937,126292.49344645796,3.678706585911924
2023-04-25,14218.8388655886,0.9649729697223243,2.471955718169668,-552.1101680242207,127224.11958753972,3.745250180439157
2023-04-26,14245.538288960368,0.8521524418642924,2.497417943933997,-379.42277792038226,126657.22087207483,3.75821681440287
2023-04-27,14230.729341374457,0.8541671345198238,2.7052714182432664,-520.1324948622769,126859.64793812158,3.623977409701309
2023-04-28,14176.035035994775,0.8879917380085619,2.463175996048144,-568.6516767532563,126536.89344896829,3.7116063692686105
2023-04-29,14293.614086617534,0.878759880424511,2.4930557964550637,-548.3719880267101,125813.02154735585,3.7551468781368746
2023-04-30,14276.073605542153,0.86890963207568,2.5820193474163924,-465.623806724531,127058.79473593438,3.8610130939381233
2023-05-01,14280.032559276,0.8211977201135059,2.591514517143494,-513.3745556254165,128420.7365685219,3.791893539754015
2023-05-02,14197.015597200143,0.8873008727666194,2.6036729704357975,-586.9439590361088,127666.8512421454,3.806360578557191
2023-05-03,14314.628693502718,0.9608346917576195,2.5528509781147424,-465.06059735941625,127325.03914881016,3.7418495966606717
2023-05-04,14176.40043283233,0.9370104812656647,2.378685480670839,-540.421232333062,127263.34416455418,3.880524872436182
2023-05-05,14277.83984867799,0.9524048223139338,2.6603371412060617,-409.34112321317093,127466.14276604529,3.7864672615598773
2023-05-06,14360.023783294508,0.8501907191844528,2.3863674647061472,-444.99559270625156,127788.58961770785,3.665394214994667
2023-05-07,14202.978193763505,0.8292772740171311,2.5352735665639834,-517.3560747428575,126984.74389294679,3.8978520270726396
2023-05-08,14226.194131555932,0.8754741810491258,2.4335904510702084,-426.93114584110015,128192.4313884166,3.8333173813621193
2023-05-09,14261.495594306485,0.887555784692591,2.5066122174449093,-483.5811723694215,128053.08143928375,3.7252346760434643
2023-05-10,14233.343251362327,0.9424851270257518,2.5499103091666204,-440.3272481076165,128114.60388489805,3.7276018054644844
2023-05-11,14182.987870530862,0.8061583316405116,2.5531778057133643,-454.72127496693963,128034.86913192991,3.8112206807665814
2023-05-12,14265.953198840501,0.9702650911233313,2.567242175623929,-517.2677325491429,127885.55983185301,3.83389362982736
2023-05-13,14211.413872429926,0.8888931922453992,2.69042924313833,-503.1193753834083,128272.30236147039,3.813316400911818
2023-05-14,14290.212687664023,0.8784555457010258,2.578419562415927,-415.435826856413,128291.89905083862,3.8307300657410823
2023-05-15,14222.565862436606,0.8522003924594366,2.5126584847675284,-479.66461830873396,127879.09186897839,3.975606959902528
2023-05-16,14348.037802415207,0.8230687896532045,2.637490881157493,-479.10025883344264,127829.43157848141,3.9187775617164746
2023-05-17,14233.38242556355,0.9499761644686368,2.6640372292531858,-502.6659486067462,128227.28085304183,3.8366988296675846
2023-05-18,14258.446022386108,0.9154895456540094,2.4263374148790864,-429.7218503275414,129010.98302163937,3.9177783526659264
2023-05-19,14317.228967080908,0.8503316143315846,2.6128462194098354,-343.7675416129931,127677.03964854579,3.7264069282845202
2023-05-20,14217.01389840676,0.8530817327395046,2.6272315026880038,-496.26241725579985,127622.95079397748,3.8754640476800515
2023-05-21,14291.934118974696,0.904052448402227,2.531365894152979,-437.66678267738416,128499.21408795292,4.022614001706778
2023-05-22,14347.922267974642,1.007298771655251,2.702700941852204,-364.2587117081865,128502.39775874365,3.8258908012423256
2023-05-23,14204.194976548491,0.9138741398466494,2.554132717849854,-434.8437930091796,128623.7449804818,3.768944021967751
2023-05-24,14295.8048392192,0.8547025717829725,2.5857039379323243,-404.23511760234305,128719.1709877318,3.7945105500184497
2023-05-25,14301.571294021038,0.9205785782586287,2.5598471261888474,-475.9653677901096,128545.7135019411,3.756768159191613
2023-05-26,14329.672305913515,0.9222355649995904,2.582720229407445,-397.42232049031907,129462.36658904051,3.7932672961611775
2023-05-27,14230.737634796777,0.8040334233639435,2.475542831991843,-424.1868725688648,127977.1031209822,3.840704701163041
2023-05-28,14228.5663477025,0.9391690242091796,2.4451732684539973,-361.5351435025801,128423.42683831128,3.743210833152276
2023-05-29,14322.690264653591,0.9333430530486844,2.752636879067988,-347.44432467627155,128846.16821110784,3.8913413925131968
2023-05-30,14313.446428050438,0.9827061098238372,2.512498253945722,-273.32742912151434,128136.32142608624,3.986019300544997
2023-05-31,14313.125844922104,1.0433496083544818,2.502063169863989,-369.815936529702,128930.10886992826,3.811027989199737
2023-06-01,14319.92762089569,1.0102360671086505,2.389871409481312,-378.49976332920835,129908.89139548925,4.059744023626702
2023-06-02,14270.60798235795,0.9434693931275691,2.545322262104797,-381.06234804738574,129148.7197972542,3.964906864163381
2023-06-03,14318.225911310956,0.9045935442422751,2.4809174735650616,-404.4318617347228,129313.74724644652,4.022897737921123
2023-06-04,14323.270858133872,1.0915938418659,2.781435984951513,-365.8413388890397,128628.43465148185,3.8600682480215998
2023-06-05,14274.90367158365,0.9688927854281794,2.722224193904203,-393.52758553701165,129010.45657052935,4.017316250161572
2023-06-06,14405.91397605824,0.9696343403471503,2.5564354664842313,-366.32645018451535,129191.15932486809,3.828682361463475
2023-06-07,14338.320904562623,0.9707376334200509,2.854502097568499,-304.86160618553396,129280.02020713291,4.032912525634753
2023-06-08,14257.068091672934,0.9848541378379919,2.731443081765292,-417.06059519784986,130139.81989349387,3.9670837335785514
2023-06-09,14351.464954980791,0.9707378912274501,2.604791410747334,-305.73152284535144,129837.96376683551,4.0112369456457735
2023-06-10,14271.907199053763,0.9522788235036836,2.391341993642903,-292.8616815027463,129063.5094984854,3.844364387132906
2023-06-11,14361.999520768284,0.9566249888097239,2.874384838421399,-360.61284518722937,129802.61110665086,3.8784288875158266
2023-06-12,14382.579077547565,0.9853362843849915,2.510341350518029,-456.79414775604107,129988.58983216422,4.033670717616921
2023-06-13,14285.619190695641,0.9628087213631514,2.4887667385307637,-377.08448612826885,130369.67371765742,3.885125119417259
2023-06-14,14376.826121091473,0.9573436828100296,2.7595716724594808,-277.83564341342753,130649.98978216194,4.032292573097688
2023-06-15,14351.300368992115,1.0013134953525307,2.9052978859245084,-339.82075782436294,129412.29258344478,3.855270187289847
2023-06-16,14373.768338661048,0.9862491351209411,2.8037579431736974,-384.63445029210027,129574.5311642345,4.082813413250634
2023-06-17,14429.508987810052,1.0772036574451667,2.7257295893599456,-355.9000687067015,129411.29123086334,3.8807556845552136
2023-06-18,14324.403940893244,0.8724615296204297,2.732822127553302,-284.62230528799887,129983.19047124812,4.065250033848113
2023-06-19,14300.990546491543,1.0625913746602513,2.7626962652968685,-295.30861217109344,130393.49982850574,4.078595157492857
2023-06-20,14296.205641244174,1.0733263037130578,2.7572555844295783,-330.583879507583,130714.10814005807,3.952366906333395
2023-06-21,14301.89485649321,0.9103585444918169,2.7134898838799035,-332.97047910776854,130242.58561042322,4.086258768932922
2023-06-22,14340.83429328681,0.999899688432255,2.6997988679102174,-330.2091499371611,130180.75760109803,4.0601123626059
2023-06-23,14363.75098551438,1.001468036860531,2.687127460757142,-352.733735677831,130476.6805993308,3.986195974701368
2023-06-24,14362.53193475608,0.9526705074484776,2.6219983306924903,-221.8364259473697,130043.35039287237,3.945236715961116
2023-06-25,14392.060565257412,0.9871612698288732,2.6733352979245453,-314.7132178493447,131565.81144501572,3.855841639249576
2023-06-26,14353.355505415539,0.9735293239591736,2.536115140223748,-233.73125231543872,129777.33181109026,4.093081237194899
2023-06-27,14427.386122695541,1.1196776504276942,2.699584874995876,-214.51535972852685,130733.65285457812,3.9076479793768204
2023-06-28,14343.480585191808,1.0818540599379343,2.614567742992323,-236.65760138518718,131713.20591522605,4.079674700505253
2023-06-29,14494.72589319922,1.101653907054317,2.607075938017902,-304.1461458964235,130764.9229683722,4.049807483000993
2023-06-30,14392.004810274022,1.077165767530819,2.739432300886891,-258.37060971162646,130726.6237690724,4.150078606201134
2023-07-01,14319.86757308099,0.987635587791844,2.8646511304380673,-275.75887851593865,130703.0408156489,4.057971802756424
2023-07-02,14311.18483401478,1.0208681750627648,2.8212905784359026,-315.72617520083514,130851.68792665386,4.061243598118798
2023-07-03,14390.857087696026,1.0745689284621975,2.576416873505418,-250.31510204618445,131688.4282453543,4.173387471230432
2023-07-04,14357.564335683606,0.9919998219802525,2.6385121362427655,-321.4770396581906,129956.19329283225,4.139718227758111
2023-07-05,14406.441507670537,1.0917621459575173,2.835560084730685,-199.13306464505817,131888.9613396261,4.1438400446160735
2023-07-06,14396.407372210642,1.0471019665650392,2.6472422426100968,-277.7398829009919,130470.38615323386,4.165163231926744
2023-07-07,14371.108053365153,1.043383208119514,2.7270356829962896,-240.44301921036615,131109.1588053227,3.9706912846732774
2023-07-08,14334.413821110607,1.1006782589312165,2.8085122239305114,-232.3285923946369,131087.98300027152,4.205939389040783
2023-07-09,14303.015153795766,1.0903494381193921,2.6606805845737567,-255.43021862508374,131657.00208578716,4.19751942449154
2023-07-10,14358.435775442742,1.0530939762781844,2.77206059670678,-209.14226383405202,130623.7835154409,4.040616256280626
2023-07-11,14425.585470778298,1.1321147867613988,2.6321285126324283,-258.21412070687785,131714.0522649047,4.123888545818953
2023-07-12,14395.474226284665,1.0231011422372398,2.709402313761191,-186.89605697082519,132555.2409839881,4.150377888471706
2023-07-13,14324.486608158588,1.1109571009884958,2.8055252876026304,-293.7518898239607,130921.61941052924,4.146870962842392
2023-07-14,14397.43660140278,1.1128213955637498,2.618255736867274,-216.12591080223856,131758.17973711182,4.199718661987514
2023-07-15,14410.047432112695,1.0706950227236791,2.8256106000485444,-121.4904237945808,131392.45580488926,4.315481367561876
2023-07-16,14348.592699332228,1.1054850078255327,2.783607362391901,-264.44542394570965,131996.51073736505,4.286533386194137
2023-07-17,14402.475834455592,1.0296286899182097,2.844828153758348,-244.30809020960936,131853.2612634574,4.053146818131809
2023-07-18,14399.704023096649,1.141391731721868,2.8159785877551635,-180.71743316835693,131583.0641607083,4.252587760553651
2023-07-19,14341.64908029885,1.0889512859634216,2.934009233378146,-193.42572052225867,132207.86399814696,4.329286117524683
2023-07-20,14418.690971223827,1.0750662537836675,2.8141256566776165,-180.8652886234965,132926.22215108576,4.241085661688159
2023-07-21,14430.844837540855,1.1566588781255118,2.7626706683323645,-169.92942104772715,131988.7164408097,4.317514876185932
2023-07-22,14458.96218139724,1.0719972443305774,2.8218489887801823,-158.6446880949577,132504.1675482284,4.415655902285508
2023-07-23,14459.503729856255,1.0397973760635855,2.8679570574126565,-130.88775339317093,131557.7723386997,4.322811836374226
2023-07-24,14339.934166872687,1.0353949942296163,2.8225212775736526,-161.87379661249233,131786.31086970723,4.251383765375796
2023-07-25,14363.930391290818,1.1465329624971417,2.8257024556935346,-190.41959615778097,132560.85243753737,4.336973777268194
2023-07-26,14438.577414663037,1.0552170093290936,2.755452133824535,-140.72001233465318,133126.8275533461,4.2529657372175045
2023-07-27,14440.518956864247,1.2099841980771742,2.7633692268821797,-75.34658461796471,132622.69645395194,4.246879282284408
2023-07-28,14442.586051649972,1.021154030607818,2.693406807489369,-172.96435264979004,132348.48100477853,4.2153595784326345
2023-07-29,14611.474249883438,1.2130793314405541,3.0126330250200968,-211.05111453212933,132564.77596323274,4.412854361935315
2023-07-30,14449.386208901393,1.1418133984102312,2.717297043194338,-102.96259980218449,132000.04663401714,4.180682183506001
2023-07-31,14479.623973391796,1.1294328814806287,2.7764008629859402,-160.32767543214894,132987.62840466065,4.421773846616108
2023-08-01,14472.549787573458,1.1100285947577488,2.7778586722406753,-258.9340785031067,133186.65751312562,4.3245355105704295
2023-08-02,14459.42326998012,1.160237366839848,2.9431998525241037,-103.92150131281969,132579.56605602836,4.140630504764295
2023-08-03,14413.094253198846,1.14140483802505,2.8282204630325207,-169.05097843597278,132630.7103890461,4.323338075591727
2023-08-04,14468.810184471557,1.2014576792711669,2.9864976541611608,-142.80321722142057,133058.79081823284,4.082582519575519
2023-08-05,14394.224470736046,1.1550099796274906,2.798382400501465,-117.66952054569768,132767.61207586748,4.361147996071882
2023-08-06,14423.028809141957,1.159819697291531,2.8976388951802963,-120.73553705313097,133013.0258770558,4.393132366735773
2023-08-07,14412.605570103535,1.1371300106317923,2.7902127896640043,-90.7799141530682,134156.07331943297,4.251385646919765
2023-08-08,14442.971462480338,1.1554693520804797,3.0922704237993828,-144.0188075064482,133042.81981495768,4.328988036128624
2023-08-09,14556.614691860728,1.1767127337351841,2.763003685151157,-92.5811830370878,133047.28282980103,4.518061033956191
2023-08-10,14349.5225119135,1.078820237681798,2.916753614108875,-127.20579079302355,132962.80224347502,4.278082644203065
2023-08-11,14479.202789077844,1.0999253982333916,2.9531572472114465,-73.27991683738843,133718.78937252352,4.228778579971695
2023-08-12,14366.257994015668,1.207503886063861,2.9351674848954503,-75.44405064904679,133316.20154064544,4.488847702971711
2023-08-13,14425.30120230171,1.1818899652931707,2.879266825294594,-148.97634391986512,133142.24734857475,4.542952105826626
2023-08-14,14505.349333455582,1.1671535385931877,2.888821537241086,-43.89728697681961,134187.70612435293,4.353074978006428
2023-08-15,14456.11981257802,1.1802804140881396,2.910192770444404,-120.9865490092095,134296.97585095422,4.459863738410576
2023-08-16,14401.022580742814,1.1997438147270014,2.895119439115708,-49.777470807385725,133347.082806309,4.498877050470924
2023-08-17,14421.148642192313,1.1583827574674979,3.0102155669901123,-67.80797901931183,132774.14485397903,4.296493059712094
2023-08-18,14492.897723118076,1.1494615172368983,3.1388879715018203,9.744855182441384,134271.29191505874,4.328222923477242
2023-08-19,14424.403512101517,1.2011750282859461,2.866094508873966,-89.32961174384323,133485.34039774124,4.505852982377598
2023-08-20,14473.748781182505,1.1454701386743584,2.788871405448906,-91.61413639909637,134283.0883506836,4.557278982981071
2023-08-21,14467.20845171463,1.217807427364882,2.921031514603752,-71.11126085550902,132962.84388272726,4.451077665175752
2023-08-22,14434.35385035518,1.1152716213913143,3.1918386692363736,-81.29125367077204,134454.3147012138,4.312820167856207
2023-08-23,14576.13508021777,1.254864595493537,2.857508294706033,-22.12715339989164,133462.5503079047,4.605519738424453
2023-08-24,14502.637834883435,1.230042699771955,3.1057954480794767,-138.93176288675932,134493.6385725593,4.3597285615214085
2023-08-25,14371.688762450687,1.2222203243910446,3.1136618649747785,-106.79233739018349,134195.51328742522,4.385323897233556
2023-08-26,14484.272615538071,1.2615593988966745,2.8945409754283986,-103.49034647976131,133771.52728428965,4.45908348284776
2023-08-27,14443.864584577212,1.2987045839465756,3.01080612354979,1.4231952299412356,134105.09907800553,4.586277765518371
2023-08-28,14521.579582571474,1.2691553769984014,3.1207554939761804,43.44650029242284,134711.89670342827,4.522271345150212
2023-08-29,14441.335886926061,1.1293991742049607,2.9240110735966423,-43.29861323148288,134481.8049419885,4.484372321579277
2023-08-30,14477.229109790384,1.160470049458806,2.9455738277172188,-42.50922243204572,134781.18444614808,4.495226648602993
2023-08-31,14510.219303828782,1.1962139809348553,2.911771788364655,-26.557512084822,135537.31848865055,4.459261286503625
2023-09-01,14530.261707604297,1.2317654743542292,2.8724722227222963,32.04181092199257,133827.09763101823,4.516735795139225
2023-09-02,14428.963135559034,1.2593498848911917,2.9130281573170467,-68.41174488588153,135477.94496483903,4.2139778599660405
2023-09-03,14474.256902135809,1.2001857552341102,2.8595699011794857,-6.117623007549453,134781.63688659726,4.443285145876588
2023-09-04,14469.23870638584,1.2488172961396855,2.9893802907136977,34.7318253768969,134340.18713415507,4.503090109323342
2023-09-05,14462.323518331234,1.2047158233222135,2.9129826368139753,15.034668416831792,134184.54258592808,4.369868531517809
2023-09-06,14585.266699990007,1.2149150918143303,3.0173665671309786,3.467056781840819,134815.25944389004,4.5296142957090115
2023-09-07,14519.247081540032,1.178163939145565,2.842406427363605,48.04829661232494,135430.76493572173,4.4765468658773395
2023-09-08,14437.957806291264,1.2053413437064788,3.0350920312374776,-133.15760663392984,134966.28556005174,4.678553581855597
2023-09-09,14548.899109376787,1.1869247877552556,3.089364920208989,39.905790024641504,135845.75782584512,4.6663200085936305
2023-09-10,14611.11782989071,1.2087213674112536,2.810646475823015,-22.68374407621095,134424.71275617662,4.468449503208424
2023-09-11,14558.637291083669,1.3132031319145603,3.0514337130969817,-77.50358873059848,135204.37636776036,4.505958313011667
2023-09-12,14433.049537774443,1.2160571096666193,3.1408029713916177,43.59620212053752,134644.34435995776,4.519659351655593
2023-09-13,14486.810340444865,1.398152169374134,2.901079986307232,90.72701543450049,135512.4772639578,4.487900184648566
2023-09-14,14576.371609563541,1.2942049732003569,3.1933093428921873,19.179678477032127,135834.2252581749,4.5585806547154375
2023-09-15,14479.6465868393,1.2817868963651042,3.0719620211770855,77.7038476006279,135240.52090676667,4.469261973471962
2023-09-16,14539.225039543584,1.2326332131953481,2.9635669506967037,114.68204917197724,134208.9151157746,4.438040670915065
2023-09-17,14557.769778823771,1.3135726081989065,3.0324992445388386,103.82187498381157,135670.61635796737,4.619385350846941
2023-09-18,14474.695560589433,1.2527812349406164,3.0979168595888456,124.08239480524284,135849.63180091683,4.626079210927191
2023-09-19,14520.06982438128,1.2906696290088213,3.0536927235099784,83.19855892233204,135893.5301430119,4.488706700587107
2023-09-20,14362.986733196947,1.415579377214041,3.103975799645438,53.87188234588108,136369.3941019231,4.6646858436774625
2023-09-21,14475.834726149718,1.2857781673384168,2.9620408571249293,-25.99007416199275,135276.09640666845,4.518004551732766
2023-09-22,14516.429708662807,1.351050840662981,3.075052314868538,45.81310805843225,136211.8515396992,4.612490872501192
2023-09-23,14468.672965150256,1.261434365116451,2.920752798806496,19.961918731184326,136528.1174836939,4.675220774006736
2023-09-24,14614.68669746111,1.2978497738719454,3.0550096583941877,174.6794004039486,135102.6901759326,4.5958371403232166
2023-09-25,14463.563071382529,1.3911452422026171,2.979749516414643,61.34598993950532,136211.93012137632,4.650684512055796
2023-09-26,14515.071923961745,1.2742628695555016,3.00059530233421,80.30853693241045,135860.13453339395,4.559579480501022
2023-09-27,14545.61518517693,1.3992396623687844,3.2017656301462942,105.73058142727376,136131.58335282793,4.5975878105950665
2023-09-28,14613.145828781964,1.3470108432657597,3.1912953407167413,84.3444509759371,136406.30317162888,4.602660549897938
2023-09-29,14471.293064785717,1.2865059197223208,3.1470861567800963,170.9248967109163,136048.97088828392,4.554600682380044
2023-09-30,14603.248367968468,1.3492556574938581,2.9809490842541853,59.04789263472027,136014.85137124086,4.617593124770586
2023-10-01,14547.605841427732,1.3692690050464666,3.062547531784027,103.918749515369,136429.90186004664,4.486420735243885
2023-10-02,14500.022763840389,1.3547377927000381,3.2195061627834893,61.072863500668696,135929.32292235218,4.598179214464146
2023-10-03,14574.20737812198,1.2481420706187036,3.116376100181626,36.20328325659982,135990.15356782195,4.624819063889486
2023-10-04,14563.059197203524,1.293302459846031,3.338145378847869,75.62397030443508,136932.87301422373,4.633700662025011
2023-10-05,14525.099376582943,1.3202893988837474,3.1495522248212007,108.36860102934276,136078.90959564713,4.641180916735568
2023-10-06,14560.604332706414,1.3319496712303684,3.1334333685628306,92.76334568796459,137046.583104162,4.665166265384729
2023-10-07,14539.85255662986,1.3697109595869528,3.0873248265256414,83.6154239521988,137004.84274061534,4.7252988612274445
2023-10-08,14566.79811175154,1.3505684167801295,3.1355985794561843,51.928615794364134,135970.76397027404,4.770818440880186
2023-10-09,14596.232786231061,1.27792216082201,3.1110055213719656,122.09722637858509,136555.0052489825,4.624402234830203
2023-10-10,14644.43110132831,1.3667052833318611,3.201071388710943,55.02450234053396,137550.96251715496,4.575070696024212
2023-10-11,14505.243493595732,1.3812306900698024,3.2299387687536067,172.2713352586282,136523.44529054238,4.597198364386911
2023-10-12,14675.789945285918,1.3816969372262113,3.0596776070554172,142.39854075293746,136841.9461654385,4.6586945375398265
2023-10-13,14473.537894593013,1.4107524631314385,3.009161273782498,69.40699416503001,137365.2989837001,4.678234721925764
2023-10-14,14565.55703783339,1.4014155466052007,2.9626720478600106,130.83213131784737,137586.0840321964,4.642439271135766
2023-10-15,14604.566160925431,1.3856844548632254,3.2010997338936593,112.69278092287561,137128.7395750138,4.595839235378618
2023-10-16,14591.203902003987,1.3622231773529194,3.0439719566170815,170.26734275542782,137015.8741611712,4.6858508431042845
2023-10-17,14548.023340642236,1.2856894282741003,2.9430275739712846,225.33915556769023,138085.93442984726,4.755617611911196
2023-10-18,14570.756212131435,1.393224397930577,3.2011825097516935,68.56602581630979,138304.31957137774,4.802989920531452
2023-10-19,14558.516285932388,1.3851338833561515,3.4156326170739404,172.0839692880321,137984.4190053508,4.69375669268516
2023-10-20,14555.702102834153,1.3913344528818128,3.169733590208736,162.33404158439325,137597.7692917234,4.714211239829744
2023-10-21,14629.654453548446,1.3169240942550766,3.2581977748399535,207.91570121731277,137211.0976001014,4.668853215207454
2023-10-22,14607.029131011679,1.3297147080497274,3.18653964928161,189.01654483873796,137260.12849812454,4.764391153102803
2023-10-23,14556.536884966426,1.4394311897608336,3.172475764139804,144.76626287197678,137996.72799451667,4.688704230769296
2023-10-24,14638.166366517155,1.3878018014254037,3.2782803937897587,170.42004870765084,138004.79029280908,4.836871899560593
2023-10-25,14610.555356805355,1.4268606060109157,3.1613533071041804,150.57946868287152,138556.5107193189,4.606984493091158
2023-10-26,14637.837494719503,1.3972075019728556,3.2211280089623004,248.18913448503992,138241.05670959473,4.755620199087419
2023-10-27,14630.679838889768,1.4002854021651678,3.230566574206776,199.46237602077133,137224.4117529277,4.827705924299935
2023-10-28,14559.752654263515,1.4487177975132288,3.1355957642549335,297.4643439068888,138562.04595315002,4.821990666061109
2023-10-29,14575.197360815802,1.3790073828276082,3.3056170606049546,203.3797849605714,137597.1620711123,5.078922604875003
2023-10-30,14642.575101097847,1.4126216701095744,3.1929248660138256,175.00050333784355,137964.32698927433,4.850611264981841
2023-10-31,14637.732942129387,1.387707878851321,3.1388543417661463,138.74313808478934,138341.53296885733,4.721237826888945
2023-11-01,14608.17335717554,1.3921028439390055,3.2720878581045354,128.27988993469768,139274.3868511044,4.818108885912335
2023-11-02,14617.088814055218,1.4013750611612374,3.132598091600455,143.23809262928444,139891.63262469607,4.6560427013226935
2023-11-03,14677.109697695234,1.430946367940403,3.229271021548536,239.80923836219733,138700.15511674245,4.831619383787759
2023-11-04,14585.651891480053,1.3989082602995915,3.2295490221792673,255.89717300518387,138365.31551829513,4.762385777065455
2023-11-05,14644.589337996376,1.4886395096854896,3.343058494458909,155.40940277414472,138784.28689237655,4.943242434369643
2023-11-06,14609.128844332214,1.3841273503198865,3.2859467771958104,283.2288696116212,139020.98202155414,4.802761403402171
2023-11-07,14610.358424808579,1.4225201452468421,3.2399822740653654,218.33191735570767,138476.9407363196,4.8520508633302954
2023-11-08,14678.185335585333,1.4128831865652494,3.3282696158919727,253.83263657122112,139595.0004675353,4.806183694817475
2023-11-09,14666.521318451405,1.5102246457206927,3.389521756905739,331.1120334167791,138872.5504096558,5.049636638191346
2023-11-10,14667.929990818067,1.4507095023526329,3.310290048671258,299.3509838293487,139066.50681508676,4.849639250442317
2023-11-11,14694.532457391784,1.4954800025245338,3.2595522960524743,245.0905016728445,139210.7176370493,5.071031255450125
2023-11-12,14632.31271713174,1.3726157689233016,3.1313414268651845,217.96543882943598,139148.66905681023,4.975202751362127
2023-11-13,14667.364181630881,1.4632523128926611,3.160021699824727,158.94229606579913,139417.46624221877,4.948006271931935
2023-11-14,14619.757203252491,1.4973873514044183,3.2400186117288614,234.5834162022076,138749.48963919148,4.942684937978244
2023-11-15,14653.482866722617,1.4600260231110658,3.2135978779804644,263.9925862550079,138839.08559597287,4.951203377116214
2023-11-16,14632.771404395844,1.5121918544246105,3.2598599839299123,229.19813787089765,138628.279596941,4.725068413408125
2023-11-17,14646.132363379897,1.4360594251903722,3.2882301227502317,276.0022819059056,139458.22756921794,4.895959355975706
2023-11-18,14673.044424418138,1.535397231728718,3.339542421728258,290.4157404405235,139688.0654461448,5.01437551655731
2023-11-19,14604.37954700065,1.5828807779244494,3.28353128451874,279.33836323424515,139587.60386794567,4.9309820251395635
2023-11-20,14751.91395296263,1.452799955745552,3.343239342739334,262.0890493155403,140256.0838920245,4.801364782854712
2023-11-21,14598.997728119404,1.4516727697215444,3.3050446358697894,307.0299279871137,139476.15990641713,4.942655346525419
2023-11-22,14590.593174571035,1.5496231316715163,3.1050585537854545,324.702242899312,139873.4489841089,5.124318367256812
2023-11-23,14711.212156901456,1.558938527126215,3.2126796870710304,252.09327258076326,139053.34795872393,5.08460901123283
2023-11-24,14694.893755940631,1.4568229305060643,3.2962124869128084,381.16786147228333,139465.76878603734,4.959731462790852
2023-11-25,14688.520620111125,1.4649626030329828,3.1936597842329233,309.69985190282097,140067.2077565384,5.06708881548136
2023-11-26,14690.735912737764,1.4748887254687983,3.3786301475487184,319.57975569634044,140204.11017360803,4.941305209786842
2023-11-27,14660.710306648236,1.424761442384158,3.4757203738155322,358.0560117439901,139692.69588488535,4.813580777189071
2023-11-28,14618.463934732321,1.4490573826357098,3.4485294917829585,338.31411317640135,139863.99997326935,4.897533361106884
2023-11-29,14669.120889232332,1.4477889536463644,3.3093170355522696,378.3181543409528,139200.98296633895,5.152280860818755
2023-11-30,14633.476583763071,1.4626121257528097,3.4837419523623496,349.0255469374457,139841.525479757,4.974604699833101
2023-12-01,14718.094664025597,1.502273771662725,3.35354410042963,308.05548597739687,140525.3519024012,4.983677634126627
2023-12-02,14663.989816295634,1.5187247646829383,3.308976773629679,360.7605470017878,140427.88306917553,4.984044236484736
2023-12-03,14632.071833547148,1.587545064720864,3.285353120419453,289.5070764075139,140450.73366229382,5.2104537391176216
2023-12-04,14659.281409320156,1.463108350067269,3.3204544341567983,356.12938809443716,140285.40788567465,5.188647995744623
2023-12-05,14698.00128213262,1.5652481840520858,3.3158917369835526,353.0479193054522,140324.17286187923,5.2539421516013265
2023-12-06,14651.172489794671,1.5083386339410292,3.375759057107288,348.3115920061123,140050.60095330936,5.022171631264604
2023-12-07,14640.25170567258,1.519570902693731,3.3787828490067895,356.29857532985693,140790.29597362832,5.0736506252274145
2023-12-08,14695.55109404153,1.558791074808731,3.367038068949209,272.6410146589855,140711.4884762027,4.898435945458723
2023-12-09,14697.619070038401,1.471920011146334,3.4144352999405667,343.30523757888363,140807.13166848538,5.203805667060725
2023-12-10,14662.027590730442,1.5501826115576995,3.49381412647663,379.3917440550517,140358.22506363614,4.945346293370201
2023-12-11,14665.826842234115,1.5423907466831979,3.473712928574192,386.75033462992997,139604.69126551526,5.089813828921352
2023-12-12,14702.985262398943,1.5616967114970008,3.2342757342171335,331.3817740158263,141290.05932180872,4.964418043829902
2023-12-13,14620.982556472227,1.5545385925160322,3.131381433603993,450.05893913742324,140562.18447840863,5.021273637967413
2023-12-14,14625.017592844299,1.6658511793402342,3.4842135542501795,347.4728207155274,140430.33556487225,5.002446101584408
2023-12-15,14661.472578516537,1.5142051851561715,3.258101709316774,443.26243918465326,141268.58314333175,5.031396842669893
2023-12-16,14688.726440009597,1.5225483486426945,3.3763210550011125,420.1573132839649,140785.95760789615,5.044284122470673
2023-12-17,14716.948183891122,1.5209471820955955,3.285794308616509,370.49424573025453,141572.05236036,5.04938153734116
2023-12-18,14777.174624474732,1.527336364482869,3.226615583496507,495.5791718849845,141410.70738360597,5.193553832059794
2023-12-19,14748.293802803388,1.526246876099604,3.4649679161070517,351.1398016987489,141504.10931089884,5.005746185623608
2023-12-20,14699.417903161147,1.6205730710443556,3.490745175348902,460.78736799913725,140539.46703417928,5.144298631679342
2023-12-21,14708.468027280216,1.635153468912519,3.3611866352780297,468.8667912528501,141888.5371229537,5.250052428256608
2023-12-22,14661.296377459492,1.5385969538496003,3.1637414621682742,389.3146809289331,141473.3106363584,5.082948900622808
2023-12-23,14712.501196907795,1.5285225019059108,3.372229262589581,496.47697241804605,141218.16704159934,5.068488672047485
2023-12-24,14700.99792977744,1.5967170704044904,3.4700421239871484,418.359397716946,141534.62008537454,5.123240122652315
2023-12-25,14733.570797756383,1.54854115239517,3.286978582601545,449.3044209429507,140634.9284757352,5.270277130054508
2023-12-26,14678.077330577895,1.610804907521042,3.4572137474889373,451.8938474495829,141787.49273840568,5.1777273963618695
2023-12-27,14747.410211483602,1.5923104796998795,3.4413547866257863,436.1703344695587,141128.60081905525,5.1112072278538685
2023-12-28,14800.083839437704,1.509383134931501,3.504822937535259,487.4342012331392,141027.07167070548,5.218728346481529
2023-12-29,14720.012894380765,1.6655516127719139,3.4628598404486297,490.57623963482496,141002.34746099927,5.06612349042718
2023-12-30,14747.540495924586,1.680976248384235,3.357602925551123,367.4832209773693,142379.99148208412,5.250500680503213
2023-12-31,14763.966117421227,1.5635489422292876,3.5785749858377915,524.1348478152502,141569.13583822374,5.229237484277191
2024-01-01,14711.401902257412,1.5778093107807558,3.44707289440071,379.80125230162287,142710.75163050933,5.163607930441222
2024-01-02,14744.671557958256,1.6144936703378483,3.4642034137844777,518.5611779525536,141736.1072845059,5.116542221758483
2024-01-03,14736.100561922856,1.6199292523250026,3.3776150878602156,527.277140608914,141210.44927771657,5.117744733422956
2024-01-04,14742.35875482724,1.639139638483341,3.430621674680448,420.4015782888391,141565.98627701966,5.26590658333399
2024-01-05,14700.828468723059,1.709728663812065,3.390477644428973,458.4172014339338,142802.27454747842,5.341334923996401
2024-01-06,14742.70847464481,1.603377087523093,3.4656713258713854,427.6806984394305,142166.53988898758,5.160718123092712
2024-01-07,14768.38688851017,1.575315598694921,3.658144795910026,476.22789638135475,142030.46557019156,5.276299592198836
2024-01-08,14818.04816235368,1.5492705115451655,3.3537918496347197,475.5802497185685,142444.73857184424,5.027770244031577
2024-01-09,14795.45853128422,1.584695982972844,3.333633840172246,533.9730065733868,142675.74106748257,5.1840231968741595
2024-01-10,14857.158120871569,1.622592148350298,3.646115028741345,564.5134332979642,143043.669347831,5.2453911007008855
2024-01-11,14713.135627867621,1.7169824021939255,3.4820736443088616,572.7902025635458,143269.33979530717,5.163540676337889
2024-01-12,14797.123045864091,1.6043799560902756,3.4401067541901202,478.90562672719693,142425.32609794714,5.166870404605208
2024-01-13,14764.678122331004,1.644455930648077,3.615012512827784,500.5609504009499,142002.30681828162,5.199755110485376
2024-01-14,14867.005176721004,1.6354514002865426,3.4544685061465543,430.85815050919274,142518.718321242,5.301764363012998
2024-01-15,14719.104123808394,1.6986982207866328,3.701639047506998,478.74457282749506,142915.711395576,5.259824212387819
2024-01-16,14719.536953983146,1.7686311904319576,3.5908386793182956,571.2886738392414,142363.81191966022,5.060746014944056
2024-01-17,14733.557421836016,1.6187471425163087,3.4782629674018626,607.8332493938443,142427.23616579897,5.078511147061143
2024-01-18,14659.336275908758,1.6238246210604617,3.7467929455750477,469.3446806545006,143137.8258045024,5.2359066685870275
2024-01-19,14741.247319056243,1.7035106490638745,3.4744986479802273,505.4469273229163,143001.7259284232,5.348373869026196
2024-01-20,14731.582445078628,1.6884031917157845,3.6132876935135556,537.7578684646788,143102.57084239516,5.033866750196415
2024-01-21,14779.062775496155,1.7496499955453186,3.5730154303853388,557.0942302856696,142767.0449178203,5.2646562409018705
2024-01-22,14790.634892977234,1.6895170505488633,3.677268317316633,506.6140123806711,143091.21246854842,5.268016496913388
2024-01-23,14869.359644165203,1.6453620487672602,3.7072533240815027,572.305256632022,142804.41649399814,5.465487084434071
2024-01-24,14825.076302129743,1.6958654068652768,3.5583106353474583,531.4182530873359,143771.75251217562,5.2941631494900365
2024-01-25,14750.713935453354,1.7247738563838548,3.4837764494383276,558.3956229290317,143904.39821445607,5.3769762531835115
2024-01-26,14736.642392685088,1.7133687984386257,3.6091234667989216,590.4404649051949,142523.7998564561,5.358815092766261
2024-01-27,14808.16309284386,1.7007144029581704,3.499362731561863,567.4553820276208,143042.2585979599,5.137644754824891
2024-01-28,14719.559481933537,1.7316904479063115,3.7724810093218,549.3229900428097,142818.86964099202,5.43353414851688
2024-01-29,14879.14808859332,1.7398275049731855,3.588803833709476,569.6698104049107,143302.24254181457,5.384265101447433
2024-01-30,14848.551164352699,1.7534766870268261,3.5426261615020556,574.7401686729996,143645.6557646038,5.4195643389173584
2024-01-31,14768.124383727429,1.7198102438784801,3.6016343632518213,564.665781171224,143022.67238013068,5.767373269641629
2024-02-01,14707.930447894152,1.6820248575072034,3.452461719744425,574.2345455640395,143346.68532389824,5.172350229096233
2024-02-02,14863.284801073,1.7007224578687603,3.4940209608783936,671.1147232546945,143365.7567849011,5.5592432120702995
2024-02-03,14791.86819811813,1.7567182338965601,3.7152317715559655,623.2363531585848,144031.48937612234,5.364040819202249
2024-02-04,14861.490013995468,1.6585520140458285,3.5335089688964474,584.4243808921291,144022.64812042195,5.427530485630681
2024-02-05,14721.881823473106,1.7208384750628836,3.4985153145574572,638.0541330511879,143687.22741571616,5.400258394708353
2024-02-06,14773.638463281168,1.6857438810269185,3.660879704110444,590.5234543699148,144196.62686893545,5.368398009946769
2024-02-07,14805.8734074308,1.7098540748140756,3.729792860356079,669.8786767691114,143894.99663105307,5.359850374510794
2024-02-08,14809.96426014916,1.7753454388217476,3.68712579198835,633.7125705317483,144092.62935866462,5.455796564940066
2024-02-09,14787.11596490299,1.7239838111164258,3.7188432455344893,613.8733697536961,145125.30319945788,5.277140345763694
2024-02-10,14842.76574311036,1.7197566971472864,3.547566984129026,645.6323392764857,145018.92792068474,5.509927656231135
2024-02-11,14760.246233039888,1.6524480747145311,3.4850734423438516,548.7107014146109,143759.02701680674,5.399262323038529
2024-02-12,14808.512288273985,1.7607595720889362,3.7813958902456486,574.9241516046098,144883.80408469107,5.333886853671115
2024-02-13,14823.650052126677,1.758727114868677,3.6030025571979505,575.5742907622113,144934.75639347825,5.407904525823665
2024-02-14,14845.36122026005,1.8376216540009445,3.614195255468724,646.4257118524137,144015.04671233712,5.584632757357601
2024-02-15,14857.22403047759,1.7170760181120694,3.7761059873311984,729.912323120547,145058.68741907182,5.4113963510178165
2024-02-16,14767.415189997284,1.7464284582669645,3.7029175901184224,758.8595964879881,145478.38479688164,5.506787245588497
2024-02-17,14748.94559406843,1.7509461380933533,3.6968913824185816,683.2051602824585,144208.2666750341,5.4038582802440835
2024-02-18,14891.539151716168,1.8203556299200376,3.8718108557325936,680.3528449897076,144370.90790813015,5.558758116856089
2024-02-19,14846.275019236253,1.7397242013365641,3.5949668142365345,569.2657505669121,145398.61029254,5.557528729790844
2024-02-20,14794.238999825478,1.7614460662684768,3.7561106661147368,636.192963319912,145085.64745501202,5.679850863289561
2024-02-21,14911.224933445465,1.780895827489835,3.6730359818283858,627.9454817432653,145285.75817769993,5.483445609458094
2024-02-22,14841.455074400013,1.762837470185874,3.6982019132570674,640.3003054581854,145240.43488876137,5.573879508531903
2024-02-23,14896.640209904595,1.7341913453245779,3.8281975440440585,666.943510473566,145325.60848150615,5.522832806058103
2024-02-24,14843.05528278794,1.7692235377210677,3.7301422930638317,655.7541885500132,144527.1446973675,5.648625254338605
2024-02-25,14944.720762977566,1.816206637593189,3.737196341371897,584.4017429481444,145774.15985531473,5.453166861439528
2024-02-26,14931.45441687166,1.7142052971536954,3.794625483229978,724.7702623048744,145895.41623869888,5.605562655536224
2024-02-27,14833.243175341579,1.7751855578556404,3.6548874925767736,637.7456142440717,145256.04611093193,5.517604418684925
2024-02-28,14896.27393832928,1.7365370454253861,3.6114698148292255,707.3531247686834,145409.12324853998,5.536667354633839
2024-02-29,14881.968196276852,1.8343014296426348,3.594917878193087,803.1029310826889,144725.42821265,5.5582734448376225
2024-03-01,14920.134984690245,1.7013957649812521,3.5067711546896545,657.4375840479331,145808.22958241773,5.580334260083549
2024-03-02,14805.461241800655,1.7526150298809096,3.913035542653351,580.900453522002,145897.25116574686,5.549499340176782
2024-03-03,14890.013995845615,1.802427728021763,3.6011020091192143,697.1226345973771,145640.24717687108,5.588605586854127
2024-03-04,14910.636655204202,1.8648493477543022,3.6933054993648695,770.4788434733753,146293.63960578694,5.730958098341389
2024-03-05,14771.7824645566,1.7862916452629838,3.691757547766619,817.3562504665406,145624.5445508427,5.677703285194789
2024-03-06,14802.560521260499,1.7648251940060216,3.754187563568485,661.9694140649541,146134.0063697604,5.672085799931052
2024-03-07,14761.765846021815,1.889649035836759,3.8090286310735686,752.2898709814652,145401.99147794856,5.545628412127072
2024-03-08,14852.261121203623,1.7261964993679653,3.817510274687678,708.1974030127005,145960.16781233845,5.5082703059547224
2024-03-09,14903.612583731681,1.6916629085818216,3.6771631980268737,730.1735241685607,145944.8869993051,5.698736468649426
2024-03-10,14944.857331562716,1.8266099409395404,3.7227667865371905,871.6961252666831,146204.83832975794,5.696823116126728
2024-03-11,14875.448225994936,1.7825125192432913,3.7717449689967255,668.338457528138,145967.54114480177,5.762497528496941
2024-03-12,14955.178272268546,1.7595596016284343,3.722625877361605,760.1819730546883,146146.68855186357,5.560844422373017
2024-03-13,14806.746430095267,1.8490450768739857,3.912237563614023,774.8876646002956,146685.5686759011,5.604299643482001
2024-03-14,14792.586389054286,1.8288233022216263,3.804608517207913,809.8003382910553,146114.2832120422,5.469318116813589
2024-03-15,14876.982134093245,1.791435347020278,3.833006816681134,764.4181957496969,145589.49702077295,5.600031446508141
2024-03-16,14900.966799501073,1.7586300706476177,3.8298151809749577,778.9295810834212,147327.69776372597,5.74494763222027
2024-03-17,14882.132797665434,1.8692741690192176,3.8848824558888126,747.9526417691908,147203.75309144944,5.604653067287601
2024-03-18,14782.399438084178,1.8611673735271914,3.789645242042715,784.9994332346,145927.01494503237,5.721362608778599
2024-03-19,14883.319549126565,1.8267045334643375,3.645867907408824,758.3914884295381,146978.12043568873,5.644276342706832
2024-03-20,14824.556084092994,1.927001188479738,3.8195279134117373,810.6377127292753,146441.89938827144,5.701744380176865
2024-03-21,14925.26719457577,1.7841711123850952,3.718431444889354,765.0866174663552,146885.2506216936,5.560581562421239
2024-03-22,14912.117487455142,1.764405104179214,3.734713482125625,806.4301699957105,146960.73931901576,5.689883670414291
2024-03-23,14848.797593849964,1.8090919712554367,3.8502195682081743,790.1200256484161,146756.5435948318,5.3882611524089254
2024-03-24,14872.10224531553,1.8444140859557723,3.919419489508093,851.8936949033377,146541.98490267774,5.674697157730896
2024-03-25,14846.83892310395,1.8618663712637298,3.8017263560703998,797.029512217369,146648.71744979377,5.536351473223676
2024-03-26,14898.66965235077,1.8406436079288266,3.8344905156887537,714.9555910185135,146596.01225869224,5.826010273297968
2024-03-27,14951.564731255523,1.8733141926714063,3.9778367249244453,870.7113054966212,146698.31735279862,5.789163580967833
2024-03-28,14856.525320929715,1.7961404636602174,3.835698564441843,766.3366314498548,147140.75955237012,5.764101967936088
2024-03-29,14933.017957038417,1.9339116770974505,4.0757995739430894,782.9429455926088,146876.58894332038,5.875547516503513
2024-03-30,14883.306758359935,1.8606218999982072,3.876190243120268,789.8562138549395,147635.61521121304,5.634567265753188
2024-03-31,14872.180005681472,1.9236002625212902,3.6475710186735966,892.3691992477189,148098.33249650564,5.910207261675324
2024-04-01,14908.476137312893,1.8878777502848172,3.902989472731696,720.8715999223075,147124.8030386336,5.8347021223579025
2024-04-02,14864.069547205685,1.8965851559476692,3.8697791651415843,988.5507533363062,147594.6521500673,5.723839461258065
2024-04-03,14890.153206075327,1.9052418710256382,3.964646618093645,888.4741831386731,147784.91269543202,5.86706902874635
2024-04-04,14859.945784729276,1.9021449470389418,3.9069974938444307,850.8413044238928,147831.19151622115,5.6488896868349885
2024-04-05,15020.079944020568,1.9149016690555014,3.8298417763511217,840.9426747186844,147693.28825520052,5.683079645971481
2024-04-06,14925.610872989368,1.952229169592794,3.7252655671526265,861.9730945244459,148086.7720709033,5.710684113848375
2024-04-07,14890.865428007184,1.898603613595294,3.830801081085024,877.7595282325939,148016.67557854476,5.724657339414039
2024-04-08,14938.554706959558,1.927233755013694,3.7706593774247614,887.9722021431941,147216.84013152172,5.677911369992512
2024-04-09,14924.243316954336,1.8903027944439554,3.8016670938972834,887.4996621779277,148330.36961536098,5.911887465026166
2024-04-10,14920.815247478247,1.9698014519548384,3.9225852953518805,868.206488972582,148399.55724228066,5.769705742327746
2024-04-11,14964.576070473113,1.8669819881034493,4.034725921377024,857.8685499265172,147634.38901203897,5.836853703248513
2024-04-12,14973.74712898934,1.9938546368760015,3.911210639956246,864.1798227912722,148095.12122233302,5.750580093819553
2024-04-13,14911.35069412248,1.904805729722292,3.7561631968024938,866.0060889883777,148477.93704149572,5.631566924454167
2024-04-14,14911.088847486802,1.8382808841726548,3.9242197858600902,936.4480238814292,148091.73587578145,5.846645014396256
2024-04-15,14928.131182677487,1.9192308720481446,4.003430683734705,913.4453711841833,148793.0020499351,5.634425805063233
2024-04-16,14828.791717314323,1.881779080452909,3.8267972606702663,740.7561193689902,149498.56951384273,5.824799922044759
2024-04-17,14870.132230457208,1.9608698528001376,3.878381850466977,924.5786059607565,147983.76049069653,5.700843846818122
2024-04-18,15016.239504955392,1.88921248840963,3.8972604026392523,905.5283929022712,147746.35144591812,6.04241497467258
2024-04-19,15032.148185274262,1.9025405277380585,3.8213097678901726,898.8641613761018,148648.9032857784,5.940835671015067
2024-04-20,14939.452005637411,1.8333786748755692,3.9686356586148466,884.3816925760163,148917.89548101998,5.866286801972839
2024-04-21,14982.735663784051,1.9082464074844399,3.895720816401747,964.0212672618255,148501.80128201548,5.988094114659254
2024-04-22,14971.474331374471,1.812673769139494,3.953776891685292,959.1999704007318,149403.98504107934,5.78310387319531
2024-04-23,15111.859872086088,1.8576786063207038,3.827082445546443,877.1877799354727,148068.17205003818,5.928095432856988
2024-04-24,15015.898585251087,1.9779004923262529,3.8760938493263764,940.192293714944,149144.05450189655,5.8997405624099475
2024-04-25,14955.527968121352,1.9821757794756276,3.9960858311735588,875.2648586637171,148554.78502048226,5.912173551219539
2024-04-26,14916.150833681402,1.9671646616563825,3.890572396213669,858.8748031833989,149777.52462444632,6.019018917144946
2024-04-27,14885.609547714577,1.9005489884347218,4.10456011257825,900.5278662254113,149974.2135884077,5.971044801460345
2024-04-28,14978.109053536848,1.9495182398081314,3.895908124925514,978.9914171061116,148654.7478584129,5.932679981512963
2024-04-29,14932.122342495304,1.95472969268475,3.962348232094227,987.5360117878422,148823.4178248313,5.744330895655727
2024-04-30,14900.831202295667,1.8999975972036995,4.037146858738411,969.5420465559667,149588.11057675644,5.819827033798707
2024-05-01,14941.619251579457,2.0360917587757323,3.806059218289863,984.1505809255659,149024.87154885274,5.909572794015178
2024-05-02,14921.874503626896,2.007795970240206,3.775822926417153,977.7127219709782,149255.85150526234,5.937192948850511
2024-05-03,15062.312993577274,1.9558856590439877,3.803346192190285,923.8377438861468,149351.37156498063,5.8208473630035495
2024-05-04,15024.041907687151,1.9712841717092457,4.086178250022076,981.5159669130556,148438.96101709155,6.18104742707688
2024-05-05,14981.56529578988,1.9833650321809448,3.908742041122178,1003.9483319728067,149451.99896262423,6.097531189092492
2024-05-06,15057.965142816245,1.8738651603864007,4.223755800310312,1005.6504382341656,149174.1741891202,6.012115639654478
2024-05-07,14989.840359270156,1.9665990467056333,3.915519127909812,1031.3895563492829,149332.59690543337,5.965119517791701
2024-05-08,14944.911741837393,1.9478647154558215,3.9944070341273186,1011.3670961676683,150361.09455884865,5.942706958721308
2024-05-09,15066.136163783322,1.9348889393850137,4.134170915096466,997.5323302167582,149071.14535045554,5.874748033757295
2024-05-10,15018.929470120105,1.97392093725951,4.184577224687656,1037.4754477875647,150166.12163145017,5.983699955659502
2024-05-11,14942.125668235582,2.0808662902703317,4.194126309567447,986.6498889413543,149680.1578133912,6.007739181869986
2024-05-12,14986.475050063755,2.026030119015254,4.112820590995185,947.8902353744857,149739.87943479017,5.863799894355646
2024-05-13,14954.21507931473,1.9684350384868121,4.098398236549082,987.8386357707476,150335.06570754488,6.0274056176763935
2024-05-14,14930.860013451784,2.028629139067808,4.059252694920119,962.7548677596775,150170.02564728443,5.984474095117525
