date,gdp,inflation,consumption,industrial_prod
2023-01-01,100.99342830602247,4.799389764057082,101.95845255097682,104.63282222582485
2023-01-02,100.20599542471736,5.112046240905208,90.21627222384969,105.41423132687154
2023-01-03,102.26001379496991,5.0062962003908975,104.08252755714472,101.71608007347317
2023-01-04,104.49198694278766,5.048838049274416,82.9741639576216,107.99302570795275
2023-01-05,101.45767894587557,4.613495108072267,110.29155637325644,107.29316884016542
2023-01-06,101.93612980382758,5.012255087129471,104.72597482413043,109.02754176793633
2023-01-07,106.03920048604996,5.248999145622725,102.56029734313876,101.6614360157726
2023-01-08,104.88956456271987,5.7255718038975205,109.82690983945514,112.04381690069637
2023-01-09,102.88681461192613,5.479635413042604,116.65474444462576,107.99131743810968
2023-01-10,105.3787020970332,6.076591228755778,110.1437006501813,110.88022660625735
2023-01-11,103.83092178633815,4.616326218555975,81.59125768668355,106.96698918828523
2023-01-12,104.28643989429916,5.436160318360339,87.20423033264298,110.64452005990304
2023-01-13,106.1575485788834,5.091671002869176,93.75181422304321,107.67321392773957
2023-01-14,102.29799118757428,6.094901466608836,100.26091050210833,108.88216756962605
2023-01-15,103.12047297848854,4.595850857322424,105.17659020469122,114.2957183204642
2023-01-16,105.88595235779343,4.580139078909612,92.74256186846534,110.41224910461837
2023-01-17,105.41918483512343,4.700303677277989,101.86766764477078,111.5421814343858
2023-01-18,108.5014083979607,3.9380521378450966,92.44617067646678,113.14864893783161
2023-01-19,106.47833279869276,4.73712248915962,93.88482197008052,112.68834111409393
2023-01-20,105.88430275122026,4.620433669223151,85.93338903151778,112.27333302145685
2023-01-21,112.04746857844475,5.075196893238104,90.76766753889096,112.96479520746482
2023-01-22,109.06428936605026,5.17087798788858,86.48315394383667,117.29076703080231
2023-01-23,110.04266674478664,5.938085419607943,90.24126747022667,112.60428882588204
2023-01-24,107.44167659321971,5.4752119190930255,110.5364179660784,113.3437051175525
2023-01-25,109.5774710074963,4.711548172168799,90.50601111168056,115.25106770837635
2023-01-26,111.25436271493145,4.550792664325821,126.32382064837391,115.55523447355937
2023-01-27,109.08775624126426,5.245959585753253,104.93317900880889,115.89875862715914
2023-01-28,112.48904805987138,4.339883396489679,101.84836123694873,114.9687050231543
2023-01-29,110.87471512525279,5.915729382927177,91.41642219818786,111.55777151338175
2023-01-30,111.82113783315805,5.589720060360643,107.00309879408991,117.24915006386661
2023-01-31,111.51960946055533,4.765412173947648,94.24362173762226,111.81406917015607
2023-02-01,116.73582506925405,4.143432735454561,101.22009814645361,114.82248923003833
2023-02-02,113.30206528398416,5.676936187082706,125.60084538268795,112.80514808796659
2023-02-03,111.50078274122278,4.942730077373691,99.03940100275351,114.26798510270078
2023-02-04,115.53761462315414,5.61890815598673,111.49273326285676,115.12250605336597
2023-02-05,111.7161674346044,4.202786170602817,92.96823574874112,115.16266886633498
2023-02-06,114.82976909489253,4.700312488523114,99.65011509503039,115.4051385412508
2023-02-07,110.73560684019418,5.002621849859092,117.7080063563551,117.81656632155712
2023-02-08,112.23007240891555,5.023490296882371,93.73032942212232,115.51071698973489
2023-02-09,115.50014445069934,4.774967264260378,118.12448557996929,114.1166699962359
2023-02-10,116.79171421103061,5.31142496617375,107.07751935455475,116.52151366753753
2023-02-11,115.85417367753554,4.4661897853087025,94.37533224105732,116.94786667920438
2023-02-12,115.46502294543482,4.928810257489353,106.3240773905552,112.07675379147938
2023-02-13,115.26716421483509,5.06014781585595,109.7255444962673,115.6775152785017
2023-02-14,113.07350689002575,5.257219417029375,106.21809962217196,115.82377024331468
2023-02-15,114.74014050493776,5.355807439044445,84.29775280109544,113.75325007287314
2023-02-16,115.39591401717023,4.437678954081066,92.72862824175131,117.01528102699065
2023-02-17,118.55688323528635,4.232942914632189,97.52481364448495,113.86809593207826
2023-02-18,117.24342137196379,5.638838410949255,99.25566570899954,114.31287613824287
2023-02-19,113.1317776610243,5.166157005989795,106.20672097550678,113.59861435192538
2023-02-20,117.39586879020892,4.625756731721723,101.77701000933254,113.84882644352723
2023-02-21,116.05560550119617,5.775575987761261,86.64655641289899,111.48827524481108
2023-02-22,115.53829226406346,5.057837317146429,103.80197851005963,110.6545122778725
2023-02-23,118.17023664483371,5.589648592031914,106.10585745283824,116.56844232812821
2023-02-24,119.05211096811048,5.033759240705055,105.5979044793104,111.5217677672881
2023-02-25,118.8844922530055,6.0303739624409936,110.80780725554622,111.06102671368544
2023-02-26,115.36403507271656,5.877670421221602,108.33922154548904,108.55744882354325
2023-02-27,116.433440706586,4.875517925760463,104.59180079228437,111.39946469721255
2023-02-28,117.71279739600763,5.4857854754771775,99.29834288541353,109.83756425239974
2023-03-01,118.98894119649596,5.322687974792574,83.39039066484008,115.56779086030413
2023-03-02,116.05643670806208,5.684315778766174,104.29618219132585,114.09754591948636
2023-03-03,116.60994648992825,4.517538269709948,102.07687687163111,110.49037842882241
2023-03-04,114.72482241769958,5.343025729999219,102.71578837195374,116.15542351939163
2023-03-05,114.49127156462137,5.529212243424794,87.2325142417969,113.39355718617705
2023-03-06,118.44512125038601,4.120630256788443,89.18943459591738,110.55594153847444
2023-03-07,119.45936631039338,4.4083707436671125,110.53152853332904,105.97898250279918
2023-03-08,116.5203654242192,3.98038391111995,99.60444846143345,115.328992738008
2023-03-09,118.57989565892412,4.865296582777721,106.81500697372624,107.73491688852889
2023-03-10,117.19576369706058,5.358771127897981,100.28318376130461,106.98837897337192
2023-03-11,115.0734147822445,5.751178526048014,100.29756139495746,112.08811482133636
2023-03-12,116.96940240880939,5.037047390209888,109.38283805975998,114.68548338218262
2023-03-13,119.19773867902809,5.814307772785646,94.83955271782627,112.33726133098034
2023-03-14,115.91747785589072,4.309949270892554,100.96120776940984,110.45952933630389
2023-03-15,118.97861331630826,4.148308780322423,,110.28499886259247
2023-03-16,110.46309385426102,4.97222615055169,,110.56740836389513
2023-03-17,117.19304768893834,5.192032724469653,,110.14535194449661
2023-03-18,115.5637424318726,4.983652625952954,,108.95914548153826
2023-03-19,114.62614009642903,3.9662789499800617,,108.37729966025735
2023-03-20,115.23664465853231,4.9554399802436055,,107.81922554177535
2023-03-21,110.90178290984625,4.347765249747574,91.05392697780496,106.21588432494514
2023-03-22,114.25657760378664,5.334836274415019,98.13128355838641,106.94625479166135
2023-03-23,115.22472956773383,5.183299123048424,95.60268941725825,103.91036871431571
2023-03-24,117.27684262681683,4.530060106836323,114.46977884353733,106.89365580084835
2023-03-25,113.09142074944654,4.743066541331653,101.96554776511574,104.91306268216496
2023-03-26,112.31463097555076,4.470393239055524,110.31844539468635,104.48930683009156
2023-03-27,112.72890911951447,4.968660451363414,85.14439626963028,106.86930977183107
2023-03-28,115.36158157950372,5.477571160250619,102.67050265869258,109.11381265806861
2023-03-29,113.9845868157405,4.5071369768322285,108.89630795623437,107.99442352218486
2023-03-30,112.06223099826171,5.252023257758922,100.82283989275425,102.85290113442377
2023-03-31,113.94172103554469,4.73487119081378,110.65480375065351,103.85931069473246
2023-04-01,112.90195385103053,4.603563583868828,94.82711549899628,107.57373734971138
2023-04-02,114.43728998106577,4.946484820022721,114.0934744018558,103.59020977753313
2023-04-03,110.88809505991085,4.4823788387903125,122.9889812361925,104.97865450740763
2023-04-04,111.42948953748649,4.723175347326409,96.37161439560342,106.41087928819454
2023-04-05,111.0940322879399,4.401061053705575,95.54497478599228,103.26741569105714
2023-04-06,108.74588550731463,5.982362566458194,114.533844771177,105.31900283816967
2023-04-07,112.06146321002957,5.017631775985865,115.79572145730712,102.35549308010363
2023-04-08,111.78968733767624,4.650137246003707,94.77139972846732,103.74755770818574
2023-04-09,111.07860873194781,5.106989955367111,95.79813182904142,105.52835805692492
2023-04-10,110.40286454725586,4.9438359751545855,97.18215391139493,101.65333927121459
2023-04-11,107.84820397856538,4.889515200233388,86.55549488965723,105.68310232628346
2023-04-12,109.64820492975896,5.3070833500217125,90.81348053515802,104.73824187908788
2023-04-13,109.6186495874848,5.378753855023652,89.95859233247933,105.8706278818061
2023-04-14,108.51852472250874,4.734749426194736,92.32202434895872,105.21458204537294
2023-04-15,109.6243054712067,4.71209087967766,99.65315112613219,107.50930697838936
2023-04-16,110.5839469162683,4.862474151424178,102.3421473253652,105.05908675206408
2023-04-17,113.3827235070248,3.8490394176322074,115.50500492814076,103.99093160924728
2023-04-18,109.79991294547581,4.242404468900724,90.0164595926121,105.14907105087022
2023-04-19,109.81251671900503,5.683437133722262,109.84322398476584,106.0595498302466
2023-04-20,109.00178216378744,5.822483856750642,97.86011155774491,105.15299269029165
2023-04-21,105.17332763529132,4.875481980221811,99.50536290347567,105.23269301052706
2023-04-22,108.82530670300542,5.288278481527883,106.74819492166604,103.85773934937107
2023-04-23,108.87384922208949,5.155625077271768,88.77277978437701,104.0601481079641
2023-04-24,113.56282993351584,6.539440404227619,103.82409746184051,102.71899917357506
2023-04-25,108.14278642347244,5.559787455717288,101.66452208213056,109.17565427460362
2023-04-26,109.03026482152715,4.936041204259617,104.92451264008149,103.35507573424502
2023-04-27,108.26619079320966,4.522229779699787,102.89168643907819,104.63726295805166
2023-04-28,105.91575767150921,4.196776839871214,124.55300139910895,104.7804394832935
2023-04-29,110.46557602343243,5.1017318179336115,93.62260015748684,108.21511320043017
2023-04-30,109.62018125259083,4.6218246273578485,94.69003044998182,106.05710614324158
2023-05-01,109.64457152837446,4.288873145201163,93.76859473575236,109.37784289934369
2023-05-02,106.19996064715464,4.676713557878736,94.44522880839746,105.78420543632984
2023-05-03,110.79080343811954,4.459225998192802,93.62612872693482,107.95132118156253
2023-05-04,105.1584469321642,5.843570817536282,111.89016531107552,105.99792803780261
2023-05-05,109.12344365440003,5.440819878474725,114.20504247989855,112.24715922980843
2023-05-06,112.32904579333153,4.996013679341691,94.29253706250523,105.88264076275317
2023-05-07,105.97645723057678,5.739972069445013,91.67644426895771,109.19096382153631
2023-05-08,106.84547252602134,5.038684153823809,104.71415556386404,110.16462195953689
2023-05-09,108.2091908070567,4.569357899335868,94.47776955719029,110.0624088004791
2023-05-10,107.04616462461563,5.761562038634828,106.32931817755511,109.21369308547081
2023-05-11,105.00653687319236,5.2694550218423295,102.029230208513,109.68550252770923
2023-05-12,108.31135588758325,4.4813769228367715,84.84255885002769,110.4047464338101
2023-05-13,106.12769172112846,4.904830660958196,115.47505201330061,110.40587381653852
2023-05-14,109.2893268895206,4.562190873307621,117.95877673095522,113.02082075736796
2023-05-15,106.60496673870553,4.308600134517832,93.87211309515614,115.91736457331936
2023-05-16,111.65723002718656,5.46308877376582,96.12298440064016,110.79428922263831
2023-05-17,107.11630185623773,5.954708320235065,102.85865390724905,109.59193245511835
2023-05-18,108.17604804586146,4.300716213090429,103.34456789987026,112.58615149323114
2023-05-19,110.59648356397874,5.281484618345285,106.5854427267283,118.36181064300631
2023-05-20,106.66889976111841,4.674678715439087,120.1020453876635,112.0427941315564
2023-05-21,109.75860035899694,4.756437308117652,98.2305277250595,117.38376748745175
2023-05-22,112.10284839340926,4.703803037880565,92.01702755461547,117.9235190889548
2023-05-23,106.47025247983774,4.568004615160092,86.20680771985472,113.93026110776587
2023-05-24,110.26284573810351,5.024260813972414,92.69069960058081,116.6509945426871
2023-05-25,110.63332108178443,4.584524941794481,99.66873027126204,119.25120840255926
2023-05-26,111.90869865560089,5.135228412889919,117.94557863517788,115.72285960693442
2023-05-27,108.11405667336082,4.974880945275432,94.82388700963828,116.56547718698661
2023-05-28,108.201232039285,4.880525976566795,102.23787951638899,116.30512473965928
2023-05-29,112.15135833228604,4.546218168979201,99.83577103927247,115.93864449395544
2023-05-30,111.97776474733179,4.711614334715834,111.88393273448084,117.17258850076962
2023-05-31,112.17192596723173,5.377695612912878,125.26932425873622,116.52904980971245
2023-06-01,112.66162771875779,5.250458593812191,94.6913122707968,119.5531680866571
2023-06-02,110.91692787182889,4.511222377600724,95.10560557481777,118.45488928174073
2023-06-03,113.05998206157741,5.049666152714613,110.44160877069072,120.97348320485388
2023-06-04,113.51015244150696,5.375693561685894,106.81891489626311,117.9059122851178
2023-06-05,111.83364514076723,4.165297359439315,118.46707325736034,122.19144730653878
2023-06-06,117.34180562618064,5.271680096189968,105.83928185325964,123.70839333958513
2023-06-07,114.91514830631186,4.668688120527077,96.40707909212941,118.5646527262135
2023-06-08,111.95115654904804,5.28529933429658,105.9065483069231,123.80964168476338
2023-06-09,116.02193425162103,4.618370421728741,111.08703580582907,126.02436486289125
2023-06-10,113.14302632413458,4.09755894966774,108.20482181197364,121.65481750828927
2023-06-11,117.05832724046155,4.186228781058419,105.07274031107298,127.92137526189316
2023-06-12,118.20102011741317,5.024042473330691,110.66674689589154,125.91294579282685
2023-06-13,114.64972520940576,5.129861250860741,111.69295590445672,124.15960060730755
2023-06-14,118.63237130875346,4.547841687447796,113.82158991037527,125.94834044128696
2023-06-15,117.95264812110283,15.0,106.48709887589642,127.66182916920494
2023-06-16,119.19927324419672,4.16923996886552,98.32881919683146,127.17703703866975
2023-06-17,121.78305854903252,4.966960100676341,101.46713686433323,128.5764626538084
2023-06-18,117.93891512447965,4.394491900118772,112.06508966508358,126.12512905198027
2023-06-19,117.36797599439515,4.67408194609892,91.83064329012764,128.76586124676444
2023-06-20,117.54734710499763,5.023699335658207,103.68673308872901,126.05305802266092
2023-06-21,118.15048002862945,4.569793317358024,96.0666118767264,129.1036229021807
2023-06-22,120.08803940920872,4.807722227885088,100.28744822934817,127.95565576427562
2023-06-23,121.38872193977203,5.50314640460722,112.78451862607298,128.72119411854865
2023-06-24,121.727618214864,4.711554065238426,101.91099068019903,133.08420125309001
2023-06-25,123.29967139365802,5.4178460560325705,100.46436548156149,133.2049776553813
2023-06-26,122.14522892872061,4.435146572671191,86.40143859020081,132.64117466844706
2023-06-27,125.50266443658869,5.2649020889576414,107.46253566027221,129.6286430548218
2023-06-28,122.54470063820186,5.72078431032895,106.45484181141076,131.560295905798
2023-06-29,128.99441110320763,3.7641777499363553,121.6325472330546,134.98828618059594
2023-06-30,125.2866979767615,4.601552372264762,96.92221765046999,133.2033112788948
2023-07-01,122.80316086010772,5.28853606359027,102.1915032766394,137.90482254553822
2023-07-02,122.85821500387777,4.898477306978504,102.49383683710755,134.38729128927625
2023-07-03,126.44746885754608,5.185572936685654,115.77453279763475,134.30717545932524
2023-07-04,125.51771114811683,4.698007406642089,99.04704467613048,133.61493566503333
2023-07-05,127.87392821815578,5.04329489373645,102.7902152577034,134.7977691064221
2023-07-06,127.87246094446932,4.92216138230396,106.0789650971654,134.51046889394783
2023-07-07,127.25874589241221,5.5838910308299035,101.86609123156359,136.50334294694312
2023-07-08,126.18718741889838,5.127210421650607,95.53566385449471,137.25905445230367
2023-07-09,125.32500065504232,5.168801331037601,101.94089992898307,134.01883227776855
2023-07-10,127.932733479662,4.794061516938767,110.73631749859771,133.1599925372801
2023-07-11,131.0063795985082,4.756196887963753,89.73484700588939,132.36804848627744
2023-07-12,130.1859446602235,4.783720906090189,101.32969674146877,137.26068304583458
2023-07-13,127.72642184401572,5.1972260711891485,92.99879185060827,134.22835485043714
2023-07-14,131.0199858874537,4.789507759589869,111.95046628924842,132.3057666412986
2023-07-15,131.89518643634753,5.1448874284482065,84.76813095216225,137.55118202374203
2023-07-16,129.80259377111233,6.03770039932272,94.41078152728412,141.90848281352373
2023-07-17,132.31797762816643,5.435562351715846,103.7721187506452,137.04476732299707
2023-07-18,132.56126451268426,4.836988233916079,115.65524029234341,138.85428658813024
2023-07-19,130.5869731371089,5.600606961081972,99.34249738927012,137.4473539870602
2023-07-20,134.00995567043174,4.795962313489224,94.44800473306802,137.17834399991318
2023-07-21,134.83047920662733,3.980937732411073,118.8115706944059,139.2928051773404
2023-07-22,136.2822735269522,4.495956844541298,85.51986099583756,136.93881546657988
2023-07-23,136.62344607109313,4.064604039487072,78.01194043379918,138.10514692575526
2023-07-24,132.1522715994966,4.8242432579793455,104.40014450053333,138.25116225991798
2023-07-25,133.4155228858164,5.009209189594776,94.97945775647389,136.2955369831635
2023-07-26,136.696306990964,5.8382186561376415,89.78767182869287,139.62645989187166
2023-07-27,137.06008943733613,5.163463686882081,107.08356447299353,137.28999686488513
2023-07-28,137.41983876872098,4.890449735595568,102.43800713771199,136.11304735931992
2023-07-29,144.44311500448947,5.414702790591744,94.35921369263272,138.66947314377376
2023-07-30,138.21777352647672,3.8944323454960577,87.19695601329106,135.7589599448957
2023-07-31,139.67565661310582,5.117807279054283,108.72457328280144,137.55947704939953
2023-08-01,139.63102621200053,5.385432596943484,106.50201177958661,137.42013879787677
2023-08-02,139.33405120284777,4.26070687711008,99.00824136220618,139.53375684627815
2023-08-03,137.69852124417935,5.5718770216034645,118.46636996047665,138.22357798997166
2023-08-04,140.1341430401211,5.169248203747207,89.29915233673847,137.12528628318208
2023-08-05,137.3468743698726,4.792356043049599,84.74474829075261,138.70130584116941
2023-08-06,138.68421752106644,5.3163909330531425,93.08091930118755,139.7262423001232
2023-08-07,138.4413148092248,6.1353464289021975,99.54413983644503,137.93148380937265
2023-08-08,139.8186953667264,5.090933127529247,102.43339449322691,136.6969616438755
2023-08-09,144.51576164005945,5.124110293150168,97.5876394214367,133.90372307072778
2023-08-10,136.3718915937776,4.770319550229878,103.52055396514297,134.2394549625837
2023-08-11,141.68730143178882,4.575077815267604,87.48460575809555,135.593081377553
2023-08-12,137.28600537277632,5.415167908272123,114.4376460407326,134.81034258845804
2023-08-13,139.75245577863245,4.571958087045567,99.17848821607431,135.47368551186386
2023-08-14,143.0472727999484,5.035783118609697,111.17295831588127,135.77206185198298
2023-08-15,141.15911090895153,4.761171276617442,103.42725346377703,136.52261199797948
2023-08-16,139.02433936586854,5.2394899128731955,104.56753219153784,135.1204912264938
2023-08-17,139.88658414056988,5.166831052643474,105.69767280232205,136.02702807784945
2023-08-18,142.80183428071788,5.51876997212895,104.47708560017315,134.9702672861268
2023-08-19,140.0954515293926,4.744991800572627,106.42722759867544,130.67292795064492
2023-08-20,142.09077515091371,4.865062532353314,113.29152530132431,132.52347985272243
2023-08-21,141.83884453122698,4.5106181421088465,101.9652116970147,133.8885159546506
2023-08-22,140.52256936681718,4.777853369961944,107.09003757588512,131.52860207512896
2023-08-23,146.18002444332603,5.1886502465224265,99.10264305712774,134.91642333181971
2023-08-24,143.214722111788,5.378494308322676,114.40117215449473,136.54443323718795
2023-08-25,137.93982674980336,4.538917337911188,93.2360769794073,135.68513303924234
2023-08-26,142.39484064431196,5.4348029600528305,118.00940432910815,132.58423646194888
2023-08-27,140.71889718962507,5.677818929402475,99.59842049355656,135.75544712688995
2023-08-28,143.75673212788087,5.20671745161185,85.69224897881952,132.83408777370903
2023-08-29,140.46522905633512,5.938397906279033,101.2810441491079,131.62575001612763
2023-08-30,141.80837805931745,4.613105400448213,93.1894834252512,130.83722198254964
2023-08-31,143.02475974171358,4.377672648344292,108.40643548988724,131.22465338542008
2023-09-01,143.71277483159614,4.110639875547861,93.4737602069761,130.82078646370047
2023-09-02,139.53689955160007,5.748022155744591,95.5381656678522,131.70802079619247
2023-09-03,141.21468234110085,5.327182828177029,81.10459269054469,131.46140097723992
2023-09-04,140.8701789832757,4.972207664544772,95.47693680750923,130.92293740359065
2023-09-05,140.44022778810432,5.139984313159911,75.76120673371044,131.5713480558661
2023-09-06,145.19529414794206,4.437255476350812,84.16097176514276,132.86392528298717
2023-09-07,142.38279328506198,6.222875989808413,107.60414656144297,132.17193098015312
2023-09-08,138.9507237382952,5.064610590987614,107.85800158650832,127.09873294404869
2023-09-09,143.1993781855643,5.054697397302446,104.25457561784965,124.76238847398574
2023-09-10,145.49092359181782,5.362883311949346,90.33023856870787,131.54703920100332
2023-09-11,143.18659606719848,5.240504615868357,99.5228864385802,126.75973939330896
2023-09-12,137.9503900022026,5.111942012139566,99.96397460909432,128.86644445569243
2023-09-13,139.8808578589477,4.604762772277344,88.41635310807457,126.80605065637009
2023-09-14,143.23640636081373,5.235734178567998,115.0339830176715,125.38087120485757
2023-09-15,139.13390374895033,5.9410122482375165,108.77362290575671,129.91498618940966
2023-09-16,141.2772871516887,5.672710023077489,97.79035826170336,130.2066801745219
2023-09-17,141.77342290421944,5.796593313319699,100.26885838994531,127.40113308387618
2023-09-18,138.19926216230513,4.744392161784408,102.08382807947552,123.2477093880156
2023-09-19,139.75787002692445,4.5051975898707095,79.58265131575709,127.22316853099429
2023-09-20,133.2133866993235,4.937106539950176,97.52822617479403,128.9957052264579
2023-09-21,137.46172914204178,5.027862456144347,93.18015752002202,125.16162832068001
2023-09-22,138.81591823454747,5.547095759235474,89.98379990105084,128.4047627984327
2023-09-23,136.63239482206416,4.15376768514259,97.18899707114045,127.93755905204384
2023-09-24,142.1964407892004,5.7647751597303065,117.97686526849523,129.06873266302222
2023-09-25,135.87214045076226,4.920996050710506,106.4084286126701,128.10339065712117
2023-09-26,137.65068837070558,4.78655946502629,94.28821010217203,125.88453886440135
2023-09-27,138.58856575099333,4.493947812369917,105.72582781356158,130.20287301534609
2023-09-28,141.00429798392804,4.1725716640671155,113.99355436586002,127.48455274996027
2023-09-29,135.04346186695915,5.411585291980957,109.24633682912769,127.75191749306643
2023-09-30,140.03412625664436,5.036658983594202,100.59630369920174,125.95812400523786
2023-10-01,137.52046612203918,4.355019550129473,93.53063222294426,126.96961477902015
2023-10-02,135.32918394556967,4.352460613968192,106.9822331361359,126.13162776308815
2023-10-03,138.00902077920858,4.832107650354936,103.9348538542175,127.61405908278223
2023-10-04,137.27636798535116,5.834510762644697,108.95193220027733,131.45586064939104
2023-10-05,135.47248164926128,4.870204324318197,106.35171801681969,125.37499940626374
2023-10-06,136.60882682588047,4.248428523440947,110.49552715319335,124.99197399802789
2023-10-07,135.49694959959294,4.877128467957028,94.64764788439432,131.27572167122813
2023-10-08,136.2954165091654,4.863638215126165,113.17394065634326,128.04303939443886
2023-10-09,137.19630016304828,3.6515566785292144,101.975996046924,127.26588122481552
2023-10-10,138.8509790949569,4.972852566741094,120.75260872625265,130.84020326583237
2023-10-11,133.013864577636,4.884532734895661,93.10812181910433,127.7195305641806
2023-10-12,139.57014536985088,5.348103182406709,117.3596380316525,132.76710306627686
2023-10-13,131.21890366190698,5.924478047472673,101.97910783462648,130.66914571552687
2023-10-14,134.64330670446753,5.563282514773879,93.48581996385552,128.54948443209162
2023-10-15,135.9524796156084,4.865555654722585,95.16114165945679,134.06563512441
2023-10-16,135.17233544007385,4.446737045629165,96.7965269180568,128.77887448281624
2023-10-17,133.20535828017094,6.286679901624931,104.24165946401916,131.72721184213182
2023-10-18,133.88117143684497,5.029609217007244,105.228354880355,131.10759227362527
2023-10-19,133.1646721260021,5.006964645956473,94.26299996061421,133.39156443615212
2023-10-20,132.83214055200096,4.987937456444999,99.75645407739017,134.2030688403428
2023-10-21,135.57753864794591,5.099042380383928,121.42270358611864,131.4486922045355
2023-10-22,134.46741977413754,4.927819794038029,117.27543170100711,130.19492373454506
2023-10-23,132.25052651802392,4.713168996559882,104.36323669674032,132.95096522243003
2023-10-24,135.3267081039012,4.726570529379804,100.380034781682,131.0167682318008
2023-10-25,134.04176917861315,4.983623364892001,101.20031326718261,136.75178203127783
2023-10-26,134.96133857029807,4.728287614433118,106.13517972730416,133.36221492741853
2023-10-27,134.51237143059552,4.643577108661418,89.77207434801595,132.73364779127738
2023-10-28,131.52194037255825,5.0532151138459485,97.42623462576655,134.21947431764548
2023-10-29,131.99595310682335,4.872511391289573,83.3141592612241,131.55201142256786
2023-10-30,134.5570948445349,5.751996494291344,103.9922312260528,132.7091505103132
2023-10-31,134.23947608761102,3.674515095803494,106.4719593970274,137.4689081009124
2023-11-01,132.943411628319,5.545753425961231,95.16813537700627,134.17918990377345
2023-11-02,133.19680382436633,5.623042596248815,115.73986763290033,133.8328476123375
2023-11-03,135.50505925837632,3.9633048837959253,87.7423433699766,137.442043257934
2023-11-04,131.7649917640399,4.8286562029598254,85.3562511979018,139.1901636597526
2023-11-05,134.05172464317823,4.814279567002104,102.24451818559972,138.714190198289
2023-11-06,132.5736826803591,4.29624415264109,110.47098302612154,139.7329684699647
2023-11-07,132.574525670427,4.611091656204563,116.83927691457869,136.69847449322313
2023-11-08,135.25066963682244,4.444712077267086,95.4111573713106,135.84576844965383
2023-11-09,134.75869643330068,5.876135221711811,110.78680833431295,142.17503862266798
2023-11-10,134.80124920997244,5.46783919657373,99.61491530499293,139.01516454314722
2023-11-11,135.86325676288934,5.63577754749708,98.2737270005918,139.65169014234436
2023-11-12,133.38414971151576,5.360836032021617,108.83659937486672,143.3067565848347
2023-11-13,134.80772114976307,4.435474114391385,106.52322878413419,142.26351586975787
2023-11-14,132.9368277039646,4.737739866860113,84.2360784301575,142.56668446310874
2023-11-15,134.3311411458871,5.244687280613959,114.76540349725896,146.4914178465127
2023-11-16,133.55988496953748,4.388936095554027,113.80091354147451,141.38301403433294
2023-11-17,134.16344105922485,5.356499215086194,93.7443729849047,145.03598012741296
2023-11-18,135.32094244486018,4.879837300920933,103.95803533437409,143.80566420973017
2023-11-19,132.66723912332174,4.812589596225202,104.94030186282738,144.74072446568425
2023-11-20,138.6733374362153,5.355479984101746,102.60673765823907,147.77241692360437
2023-11-21,132.6731841859608,5.22213165574302,94.4969484615458,146.24260426281117
2023-11-22,132.46520079546343,4.81951691709046,93.28376632061949,146.81396509040113
2023-11-23,137.42977724028773,5.579664901682124,99.74445929008554,148.39129169857742
2023-11-24,136.92837829997214,4.459468336200051,111.72729019259364,146.02321812889772
2023-11-25,136.8361977292213,5.307967803472132,105.43600154594432,145.57897474010724
2023-11-26,137.09883628398208,5.296550628984192,96.29385667913894,145.66895516210462
2023-11-27,136.08298165535842,4.845226780343005,107.71698710648344,144.32343823915753
2023-11-28,134.58928665789375,5.163066511121059,71.51457379369924,152.86203639644665
2023-11-29,136.82254938292743,4.374443211807349,111.48765700372104,147.03206919731437
2023-11-30,135.6144078767396,5.462013509603451,82.60286221221901,149.27974223551288
2023-12-01,139.22721678182137,4.907548931778505,96.37559058596868,149.64680004466126
2023-12-02,137.30135990425111,4.73863848974048,88.80330105373856,151.28735249591531
2023-12-03,136.27301310132455,5.524504612918444,87.05318524279095,152.769591473081
2023-12-04,137.61957629351397,4.647828154728621,111.6082678737852,153.3176468328272
2023-12-05,139.4361195124424,4.29576935181822,95.32298798688109,150.88168183330723
2023-12-06,137.84003335888033,4.221685413238048,103.46503881730716,152.15684381924456
2023-12-07,137.68932275232046,5.3030049756728195,99.53079421120816,153.49118207000097
2023-12-08,140.1962014573372,4.359785323751859,104.77040827223121,152.85484159898851
2023-12-09,140.58232280680664,5.877397090992182,100.76821891060256,156.98397807674405
2023-12-10,139.4702716822344,3.959035296058139,87.1700777581143,155.15876874875508
2023-12-11,139.9417523481617,5.848228184145019,109.9626681944714,156.04419601861616
2023-12-12,141.75518972082443,5.105508733601309,95.06243416838687,156.28754900655784
2023-12-13,138.8094503672702,4.951643444064803,84.4341810134025,157.68545379116134
2023-12-14,139.31215871847672,4.727540456595525,95.71884839034088,156.06630646098736
2023-12-15,141.11826448170285,5.199568057176036,115.00759790634311,153.4650738366571
2023-12-16,142.56257828030093,4.981182648787576,108.50221742113493,157.20100044271607
2023-12-17,144.05150648768142,5.551650941008261,96.5134786559214,155.42992153448606
2023-12-18,146.82616075700923,5.05711382433102,96.50742295681572,155.99426494353108
2023-12-19,146.0416952106527,5.075150880730939,96.78364948782617,158.53068680622937
2023-12-20,144.46222353863345,4.818193893893072,120.76747983560841,160.12834553086174
2023-12-21,145.20421041223153,4.971527188139467,103.81935452231554,157.97528373848468
2023-12-22,143.70135926086311,5.1539008844460295,104.3004164719107,158.8183068525923
2023-12-23,146.1372103442192,4.1449158036716875,110.30283454031843,161.8597268023354
2023-12-24,146.06798761774567,4.3259072889471435,102.38789159026514,159.17805058634403
2023-12-25,147.764662265641,5.371632047011357,97.40957854179297,164.1276032024488
2023-12-26,145.9411343951694,5.085432719063971,98.03650150915021,160.26926767134069
2023-12-27,149.11270733316013,4.908008331823661,99.28398740585936,155.81694535485389
2023-12-28,151.61955059603352,5.009216966532697,99.62777763490159,161.0314994753426
2023-12-29,148.81784298431776,5.173790852680836,107.2762954363698,160.45953248529293
2023-12-30,150.32089941713818,4.7301201598453195,100.519458858073,162.43512565630104
2023-12-31,151.38028798342222,4.610847637298844,107.3264007721558,161.34636270253992
