Date,Exchange_Rate,Interest_Rate_Diff,Inflation,Trade_Balance,Foreign_Reserves,GDP_Growth
2019-10-01,14267,-0.372408761,0.565241578,-74.36900309,614.0374697,-0.857557485
2019-10-02,14278,-0.067295085,0.327620211,61.14716438,535.0176127,-1.519610566
2019-10-03,14264,-0.37294675,0.366416619,23.41084922,767.7591822,-2.64614993
2019-10-04,14206,0.002531684,-0.036893206,-72.92359134,995.1630473,-0.418616371
2019-10-05,14227,0.061275515,0.334003065,-25.20012659,869.0209025,1.864341319
2019-10-06,14241,-0.162244239,-0.840405907,62.08198655,663.6727707,2.419667053
2019-10-07,14253,-0.428349386,0.703102234,13.6710092,913.6024,2.788736483
2019-10-08,14228,0.443503536,-0.888905533,-78.27024417,884.4920001,-1.252679865
2019-10-09,14210,0.273353113,-0.70251698,-25.44459084,640.8178967,2.646359943
2019-10-10,14196.63,0.338881081,0.153579417,-51.46112031,507.1537449,-4.934836843
2019-10-11,14210.7,-0.133131606,0.478822911,3.493110731,559.0813193,-0.229500623
2019-10-12,14257.93,0.26083103,-0.847496871,68.67222577,938.6530952,2.939044001
2019-10-13,14242.86,-0.014627105,0.841529628,-12.74657304,918.2815177,1.300447206
2019-10-14,14210.7,-0.298916512,0.947215298,-13.33159393,647.6045004,-0.259368758
2019-10-15,14202.66,-0.375576623,0.211900346,81.07018047,642.5977131,1.446420066
2019-10-16,14128.29,-0.154949131,-0.037513089,15.2370825,896.4324936,4.069460031
2019-10-17,14121.25,-0.362447889,0.482789945,13.23821748,968.8687349,0.663818006
2019-10-18,14065.98,0.498268976,-0.343285295,-47.61802162,889.5686284,2.997861915
2019-10-19,14134.32,-0.45081101,-0.013471132,21.54454957,802.7893385,4.807427252
2019-10-20,14093.11,-0.058856401,0.832302054,15.18209348,621.3356752,2.055682021
2019-10-21,14098.14,-0.047906478,0.91131085,-20.62970593,762.873957,0.733257639
2019-10-22,14114.22,-0.199368071,0.854138232,98.13911318,616.7559293,-4.625140529
2019-10-23,14078.04,0.071351566,-0.475103866,76.37819299,904.00571,-1.255221017
2019-10-24,14136.33,-0.350022976,-0.53506192,49.91725802,693.4805398,0.654427335
2019-10-25,14072.01,0.283912381,-0.404670988,7.469117683,916.8486085,2.972065717
2019-10-26,14101.16,-0.167552282,-0.117377775,-7.588039621,690.804609,-0.618952104
2019-10-27,14061.96,0.09134259,-0.371665174,-63.02052096,912.0747026,4.600582758
2019-10-28,14110.2,0.215639236,-0.251574409,-38.8525052,666.6589076,-2.282062474
2019-10-29,14090.1,0.389042118,0.241273904,54.79215996,720.0663523,2.445671952
2019-10-30,14110.2,0.335787436,0.525051354,-9.250209212,807.7442097,-0.809685829
2019-10-31,14129.3,0.108309028,0.471116397,76.45390331,535.143807,-0.140115054
2019-11-01,14152.41,-0.11160682,0.628847134,-70.41777273,974.1035309,3.025020339
2019-11-02,14168.49,0.00320467,-0.935631194,1.669419203,786.8028931,-2.037847383
2019-11-03,14139.35,0.268734793,-0.904532421,29.3931368,753.9100073,-4.031879434
2019-11-04,14145.38,0.377545543,0.578765921,3.369691262,919.6969856,0.202555846
2019-11-05,14161.46,-0.396218072,0.066157645,77.84537832,932.8813649,0.287946118
2019-11-06,14167.49,-0.115143738,0.156281348,97.91265637,761.1302023,2.971677722
2019-11-07,14182.56,0.276116598,-0.89482628,-76.83306833,963.6311629,4.683192062
2019-11-08,14170.5,-0.068348237,-0.489372398,-74.00901918,532.368883,-4.446993137
2019-11-09,14161.46,-0.167772236,0.27670861,-73.93517729,556.6128961,0.916894737
2019-11-10,14151.41,-0.088677303,0.71836378,36.23541921,798.394115,1.812785303
2019-11-11,14166.48,0.102844747,0.833966794,-25.4647809,677.0329309,4.858013507
2019-11-12,14169.5,0.499805144,0.000838992,46.66293225,732.1125831,4.425902143
2019-11-13,14172.51,-0.007007571,0.090948465,-18.90570542,664.0396089,2.124507647
2019-11-14,14192.61,-0.291505525,0.666099262,25.52134427,702.3626557,0.217894112
2019-11-15,14200.65,-0.337153425,0.075249201,53.97160114,911.3231736,-3.384760777
2019-11-16,14195.63,-0.457650253,0.033717051,9.643182131,796.7380999,-1.158234448
2019-11-17,14164.47,0.058817235,0.810168076,7.90071809,998.6722746,0.851223251
2019-11-18,14107.19,0.044572091,0.579865442,-82.35313494,893.4395989,2.252003966
2019-11-19,14091.11,-0.294766073,0.818145053,-17.84365142,636.8331271,1.353995575
2019-11-20,14074.02,0.195329406,-0.56350589,9.155430645,632.1725589,2.141228018
2019-11-21,14095.13,0.241107042,0.048750973,-7.603834867,667.9491351,-0.708474954
2019-11-22,14112.21,-0.240901795,0.684944257,80.15640004,921.6297403,2.276272906
2019-11-23,14051.91,-0.155900236,-0.777704345,81.30612642,513.6438253,-3.56258744
2019-11-24,14074.02,0.490471672,0.589324309,64.38347612,615.0906394,-3.374136882
2019-11-25,14088.09,-0.125735532,-0.634053233,-24.94038493,952.4592102,-3.371678542
2019-11-26,14077.04,0.260801672,0.61623751,43.45983034,819.948218,3.90864957
2019-11-27,14052.92,-0.047274573,0.224001875,-20.94230779,613.4235478,-4.239659367
2019-11-28,14062.97,0.293344828,-0.613528017,-53.4812802,609.5724841,3.015083727
2019-11-29,14047.89,0.269023239,-0.053291641,-31.41947129,931.3090509,-2.66429102
2019-11-30,14051.91,0.167756025,0.363810333,-85.80707334,946.8787541,-0.315700595
2019-12-01,14025.78,0.354778346,0.267705802,-33.6444982,628.0655455,4.159565955
2019-12-02,14014.73,0.439218495,-0.145505608,-7.851556548,710.255179,0.859372297
2019-12-03,13970.51,0.07998332,0.798733058,91.09617896,917.2978693,-2.898823138
2019-12-04,13964.48,-0.262531093,0.038526829,-37.31788276,885.5037193,-2.159099397
2019-12-05,13968.5,-0.101371038,0.011734597,80.49070784,906.9580533,4.204466239
2019-12-06,14030.81,0.258305714,-0.87549882,-54.22834484,759.1990954,-0.728560749
2019-12-07,13988.6,0.150883485,0.84424078,-61.80622045,955.7745242,0.86985483
2019-12-08,14003.67,-0.322201661,-0.645766863,3.799091286,662.975772,-0.400678034
2019-12-09,13929.3,-0.448760459,0.056689387,34.50227386,578.3360672,-1.21561912
2019-12-10,13881.06,0.182961594,0.607135203,-91.13354984,854.3661663,-2.767208731
2019-12-11,13776.54,-0.248920976,-0.569093446,-55.78682699,769.677208,1.861915005
2019-12-12,13722.27,-0.000329756,0.05474658,-8.8632667,927.2928844,2.182420263
2019-12-13,13774.53,0.246746773,-0.518630182,-33.7991328,540.5796246,-2.251149084
2019-12-14,13726.29,0.062666781,0.519389996,42.52421587,921.8462017,2.890108431
2019-12-15,13716.24,-0.416697417,0.128682336,2.232119208,646.6473266,3.545352003
2019-12-16,13722.27,-0.314419763,0.711951721,-67.92817888,827.4278336,4.206750962
2019-12-17,13726.29,-0.280671816,0.789116006,78.89307586,520.0643945,-3.387875861
2019-12-18,13746.39,-0.242135746,0.297466965,-41.4188649,804.7906482,-1.960763164
2019-12-19,13694.13,0.065403392,0.450782492,46.22622179,858.6358446,3.603533475
2019-12-20,13700.16,0.00396578,0.0984402,55.98315582,684.3751073,-3.014597972
2019-12-21,13680.06,-0.296839962,-0.231142534,92.63154005,607.7053526,-4.965315408
2019-12-22,13715.24,-0.432445157,0.296235846,-0.298506695,768.8153383,3.708273103
2019-12-23,13702.17,-0.328567796,0.816577247,23.16710309,916.5954022,-1.735505582
2019-12-24,13720.26,0.484381313,-0.166639239,-33.0247413,661.7736791,-0.855024749
2019-12-25,13730.31,-0.03145305,-0.371179947,35.63585868,626.2346488,-0.536659743
2019-12-26,13794.63,0.367345505,-0.223126123,-7.323302827,639.4676543,3.482746007
2019-12-27,13828.8,0.348752467,-0.12920474,-12.46952706,974.5660765,-1.621078554
2019-12-28,13785.59,0.011519557,-0.852877942,71.09350582,679.6384579,3.922798859
2019-12-29,13730.31,0.206687708,-0.003116319,-89.9662313,501.8021199,1.16939138
2019-12-30,13715.24,-0.30724799,-0.011371504,76.39248557,890.840604,0.27286724
2019-12-31,13776.54,0.188396705,0.176887655,70.41396757,849.6373977,-1.743854929
2020-01-01,13754.43,-0.227615421,-0.274359939,1.273250712,564.2841323,-2.562883037
2020-01-02,13727.3,0.332062097,0.226215192,-1.959429159,992.4521246,1.240584428
2020-01-03,13747.4,-0.416275867,0.756432621,-27.63852639,804.0311427,-0.531058399
2020-01-04,13775.54,0.273138673,0.910941981,98.83475834,750.3897455,4.105160099
2020-01-05,13761.47,-0.400063093,0.167224432,-77.76613345,691.1096338,-0.083612839
2020-01-06,13744.38,0.381189237,-0.914818092,18.04304713,949.3363778,0.117949167
2020-01-07,13785.59,-0.195795482,0.938471995,36.33631802,621.9817407,-0.832767189
2020-01-08,13803.68,0.154393365,0.411724122,86.86600164,642.8844501,2.89262997
2020-01-09,13845.89,-0.012497721,-0.328072703,56.04069937,561.2054033,-0.751608019
2020-01-10,13932.32,-0.133696855,-0.705684598,28.76944056,879.5595478,-2.306580003
2020-01-11,13962.47,0.145441833,-0.713162776,-76.63753664,797.7746402,3.620308743
2020-01-12,14035.83,0.447522981,-0.664511188,-25.25329663,804.5330846,0.968282214
2020-01-13,14088.09,-0.458730253,-0.908854957,-72.23167149,609.2352155,0.915102198
2020-01-14,14305.17,0.418852856,0.804308377,76.24254649,825.5841946,1.108222072
2020-01-15,14485.07,0.109081655,0.081536466,49.92423111,882.7292236,2.188397482
2020-01-16,14293.11,0.307314301,0.399918825,51.50735736,678.9442654,-1.869320107
2020-01-17,14241.86,-0.116125047,0.656217019,30.45130355,900.673572,-4.661556292
2020-01-18,14238.84,-0.028157025,0.583082013,1.408707387,674.3952943,3.105931609
2020-01-19,14338.34,0.368850752,0.765211247,-70.00578811,879.0692308,-3.710949461
2020-01-20,14413.71,-0.08515203,0.934509245,-34.06102266,516.8650537,2.218197372
2020-01-21,14483.06,0.034659567,-0.121858771,-72.6168415,775.5823007,-4.176847017
2020-01-22,14394.62,-0.479805077,0.900670933,44.98262857,984.7632803,-1.24692158
2020-01-23,14562.45,-0.341401994,0.446579897,-67.9542448,990.6223003,-4.369739302
2020-01-24,14889.08,0.141686508,-0.858663619,40.42271003,640.8762892,0.222136796
2020-01-25,14892.09,0.216976901,0.363566242,38.45107792,720.6995455,1.531357728
2020-01-26,15158.42,0.082600937,0.373433319,-8.139104202,531.488954,-3.285668588
2020-01-27,15299.12,-0.356689964,0.811721128,-72.95426918,936.6706538,-1.283723816
2020-01-28,15790.56,-0.054594571,-0.254135735,-37.03983477,784.2860766,4.30239491
2020-01-29,16354.37,-0.144905234,0.169823001,-35.98137818,692.5503395,-0.576108829
2020-01-30,16691.04,-0.004338656,-0.975624898,40.07702663,556.3852792,3.02543569
2020-01-31,16568.43,0.370329035,-0.335849516,-77.25139612,973.3836427,4.271847451
2020-02-01,16409.64,0.275861439,-0.875512548,65.81372924,765.1095239,4.74345825
2020-02-02,16311.15,-0.416010499,0.043745946,52.20145804,641.4639645,3.983220197
2020-02-03,16417.68,0.390309198,0.634895301,-62.73861637,675.1075651,-1.825946708
2020-02-04,16448.84,-0.028232849,-0.587114616,43.83287636,635.3485905,4.625728862
2020-02-05,16495.07,0.243862145,0.054882091,33.70263629,800.9049044,3.123952417
2020-02-06,16824.71,-0.359960769,-0.591982727,49.62416002,964.9817879,3.371755836
2020-02-07,16546.32,0.170719526,-0.758623064,-62.21428891,928.3469017,-4.848270158
2020-02-08,16638.78,-0.263673982,0.021993584,-68.48193557,730.1904377,4.542388633
2020-02-09,16492.05,-0.061619103,-0.841702758,-52.70320282,913.2496812,2.780902238
2020-02-10,16326.23,-0.48313713,0.174709262,-26.82565937,711.5527406,2.679674965
2020-02-11,16322.21,-0.348389362,-0.937325079,58.73299621,626.1535704,-4.184752691
2020-02-12,15919.2,-0.407919507,-0.786570056,47.5847875,991.7075576,-2.674314589
2020-02-13,15800.61,-0.260255827,0.099994971,85.09031846,651.943784,4.622616651
2020-02-14,15785.54,-0.39998191,0.182814826,-88.27408818,661.8621155,0.006770748
2020-02-15,15865.94,0.191910027,-0.94202614,-97.6887438,994.8464339,-1.021419818
2020-02-16,15580.52,-0.470960098,0.146753576,39.82776594,566.9637466,3.399408171
2020-02-17,15620.72,0.117740501,0.677005051,-44.14250084,880.266994,-4.126595859
2020-02-18,15721.22,-0.359292169,0.444632355,-33.18422089,967.9063792,-0.830579837
2020-02-19,15644.84,0.445161457,-0.737629792,9.360405183,755.8974971,-1.242992256
2020-02-20,15708.15,0.433094073,0.184949295,-79.51737537,501.2608809,-1.50148613
2020-02-21,15630.77,-0.274496897,0.344505,28.53888331,687.5294721,-1.923077563
2020-02-22,15668.96,0.114421298,-0.925537596,-34.97051075,555.7844962,-2.899250432
2020-02-23,15565.44,-0.471994681,0.710695337,26.54302486,708.0938305,-3.27089197
2020-02-24,15492.08,0.431788543,0.812534795,66.80138261,895.0133808,1.404061169
2020-02-25,15232.79,0.022987308,0.700904547,-65.77773333,719.3557744,4.193948412
2020-02-26,15148.37,-0.456776849,0.649262936,86.17461858,715.9625607,0.088516452
2020-02-27,15179.52,-0.157500007,0.489930397,6.137628212,778.3947385,-2.020254477
2020-02-28,15202.64,-0.423150538,0.266864063,84.58555303,790.8452924,-3.408398023
2020-02-29,15084.05,-0.107055561,0.35725401,-58.45398356,928.1481544,3.301433651
2020-03-01,15010.68,0.169926342,0.612790587,20.91253292,654.1777196,4.714920565
2020-03-02,15052.89,-0.030110092,0.324996917,-19.22257654,910.8356322,-1.508445985
2020-03-03,14961.44,-0.116277825,-0.344546087,54.84443823,782.9668743,-2.090495744
2020-03-04,15020.73,-0.380842954,-0.248077796,21.18178864,650.2647749,1.01492953
2020-03-05,14983.55,-0.255060954,0.794114937,-1.096908608,647.563022,2.75328981
2020-03-06,14959.43,-0.399856712,-0.965755828,82.59708129,680.5687586,-0.445971965
2020-03-07,14897.12,0.307498732,0.397641162,-24.57658717,811.3466213,1.300731499
2020-03-08,14858.93,-0.364760172,0.909555105,-56.00395902,615.4058657,2.16549068
2020-03-09,14847.87,0.095373367,0.41245634,21.62023737,960.1667808,4.605922879
2020-03-10,14834.81,-0.157259586,0.987823976,24.80568743,787.4562921,-3.349626695
2020-03-11,14842.85,-0.274021615,0.375089811,-12.18107569,960.0078885,4.973824938
2020-03-12,14806.67,0.139468439,-0.931273942,-2.677991262,523.2021793,-1.078433448
2020-03-13,14574.51,-0.042997691,0.654019763,91.91068286,671.3056852,2.232001427
2020-03-14,14316.23,-0.099854533,-0.430740176,46.53713828,511.4038303,0.72414378
2020-03-15,14235.83,0.092852005,-0.107885549,-77.8796497,636.1259075,-0.13331383
2020-03-16,14170.5,-0.008732372,-0.375816168,-57.57398583,931.0032361,1.980753687
2020-03-17,14025.78,-0.196515791,-0.462891788,95.11532689,518.3048579,-1.042461498
2020-03-18,14042.87,0.059061288,-0.137188593,45.29311076,718.07355,-3.738900187
2020-03-19,14153.42,0.169498577,-0.242497103,83.00902523,558.7835352,-0.111066169
2020-03-20,14084.07,-0.473306841,0.266677164,-39.2277072,708.4203296,0.219158707
2020-03-21,14328.29,-0.034128271,0.626302402,48.37337202,919.4257921,-2.980978466
2020-03-22,14299.14,-0.442316715,-0.405822694,42.8005417,811.5355167,4.356193563
2020-03-23,14225.78,-0.313594586,-0.572557694,-41.06200291,868.3781727,-2.725243534
2020-03-24,14305.17,0.060508734,0.333790542,10.16326509,674.5520577,-0.907724059
2020-03-25,14256.93,0.366188915,0.340640132,25.48302225,972.1988475,-3.450703132
2020-03-26,14313.21,0.382805679,0.802262479,-3.773637835,854.6310469,0.357966462
2020-03-27,14280.05,-0.43005599,-0.968108627,65.43574133,710.8994096,-1.923623919
2020-03-28,14336.33,-0.080894914,0.706081324,66.57380836,713.2324001,-0.1072748
2020-03-29,14230.8,0.083006483,0.042004346,70.12010966,959.342089,-2.753830835
2020-03-30,14302.16,-0.352930095,0.242604178,60.68471382,788.2023467,-4.462248721
2020-03-31,14310.2,0.265432217,-0.817257119,-2.383304561,853.189605,2.792266511
2020-04-01,14440.85,0.244235258,-0.134770134,-23.71234037,708.5176123,1.41086284
2020-04-02,14373.51,0.403341014,-0.545395186,66.27525674,611.8463824,-1.592606443
2020-04-03,14412.71,-0.491513988,-0.49154994,-1.959708289,861.779646,-4.525057753
2020-04-04,14588.58,-0.283315756,0.008190229,-50.72572027,803.9118861,3.655750627
2020-04-05,14638.83,0.327186714,0.624911901,1.468706464,750.6714402,-3.302049951
2020-04-06,14619.74,0.170580051,0.48756186,-71.63003562,812.01047,4.307422183
2020-04-07,14528.28,0.394389854,0.181999918,38.32589812,604.142793,-0.214046214
2020-04-08,14532.3,-0.442820345,0.078836386,-32.81574368,896.9693533,-1.596132901
2020-04-09,14518.23,0.096963966,-0.145387914,-47.86824031,974.0814025,2.417594769
2020-04-10,14573.51,0.069046575,0.945419947,91.30174925,945.5515721,3.768394061
2020-04-11,14558.43,-0.464325584,0.120385108,55.37619915,660.7178727,-1.292864364
2020-04-12,14584.56,0.013522077,-0.492067203,57.41390054,703.0028866,-0.926562478
2020-04-13,14689.08,0.109520311,-0.539818416,24.74439386,904.2011499,-0.668417807
2020-04-14,14705.16,-0.308706826,0.222706062,67.8345621,797.5585654,4.223230615
2020-04-15,14853.9,-0.226670417,0.045655055,51.83249623,773.9572218,1.925639915
2020-04-16,14906.16,0.140347346,-0.984604394,19.75474083,963.3209838,-2.52353883
2020-04-17,14887.07,-0.031699052,0.660130744,92.22488037,768.0124805,-3.150003025
2020-04-18,14728.28,0.358013658,0.408244708,-61.68101006,757.4693398,-2.696323366
2020-04-19,14742.35,-0.157618234,0.323658579,88.6759438,521.0092956,-2.364361108
2020-04-20,14687.07,-0.233340342,-0.862438685,-19.7123676,534.7084793,-2.698165087
2020-04-21,14678.03,0.48486594,-0.2758883,5.67979668,503.7101539,1.585064472
2020-04-22,14615.72,0.41113577,0.870764521,-75.45213609,956.6221129,-3.840664893
2020-04-23,14642.85,-0.471007255,0.725178483,8.021487784,704.19333,-1.126415103
2020-04-24,14726.27,0.270728615,-0.428914124,22.24135037,734.2806881,1.25053573
2020-04-25,14786.57,-0.389665226,-0.685882232,99.54030836,922.6934738,-2.091400261
2020-04-26,14770.49,-0.472514805,-0.101824086,95.03848221,804.6231552,-4.347256153
2020-04-27,14696.12,-0.226304484,-0.288339243,93.27945837,804.7507982,-4.181760772
2020-04-28,14659.94,-0.230654121,0.364452753,-30.32238798,648.2672147,-3.740332237
2020-04-29,14720.24,0.319318762,0.93286962,98.25329975,916.954187,3.358430249
2020-04-30,14823.75,0.210667246,-0.2739971,-8.904369681,582.914988,1.578635056
2020-05-01,14801.64,0.481609427,-0.875551655,70.36725175,526.5747961,-4.354775889
2020-05-02,14850.89,0.2115129,0.795228017,-56.7360062,595.8016788,-1.089311208
2020-05-03,14951.39,-0.081744447,-0.92410054,1.166635931,633.8686094,-2.214148272
2020-05-04,14991.59,0.198927661,0.905531794,93.20241923,641.1555289,0.780401116
2020-05-05,14981.54,0.499459067,0.329158856,89.40627938,835.2567993,0.228059497
2020-05-06,14859.93,0.210141883,0.883378417,36.74697556,608.9122937,-0.188759766
2020-05-07,14867.97,0.261681356,-0.600680627,59.56286451,838.3291522,-1.854876296
2020-05-08,14705.16,0.438365015,-0.918600409,-64.71466068,545.5660866,-3.62200228
2020-05-09,14709.18,-0.386348739,-0.023580043,44.3317099,573.6012305,2.423763829
2020-05-10,14787.57,0.204784293,-0.098753171,23.61016167,754.4107242,3.798567688
2020-05-11,14775.51,0.350805958,-0.337015453,-81.68965285,960.9479013,4.441509092
2020-05-12,14626.77,0.4543786,0.915312949,-77.36819868,929.7837944,-4.413810294
2020-05-13,14688.08,-0.28903071,0.645167464,-78.31127645,984.3767212,2.399087116
2020-05-14,14878.02,0.003929008,0.323164043,44.87138697,825.2395326,2.265034594
2020-05-15,14892.09,0.180554848,-0.674283417,-71.65695835,837.9074332,4.471096141
2020-05-16,14865.96,-0.25253227,0.468646816,-6.453545777,812.5114995,-2.470854055
2020-05-17,14827.77,0.100472863,0.454024909,-28.60363882,811.4094614,2.421790383
2020-05-18,14871.99,-0.242421218,-0.149863653,10.10082815,573.5601725,-4.453737112
2020-05-19,14927.27,-0.166542979,0.849571819,41.29529744,771.8694781,1.312457208
2020-05-20,14945.36,-0.058481303,-0.666044236,36.94450744,693.0339667,-1.491521759
2020-05-21,15053.9,0.029190099,-0.465324875,3.103983183,721.2686079,2.689094395
2020-05-22,15048.87,-0.050634128,-0.873551321,-7.133025278,761.8002865,3.633042864
2020-05-23,14944.35,-0.00680448,0.590901916,-20.43688098,564.1980859,-1.351789578
2020-05-24,14918.22,-0.201411244,0.243518772,72.38198966,679.7438669,0.255860927
2020-05-25,14952.39,-0.341034906,-0.370119389,-33.82963903,531.7247804,-3.825959376
2020-05-26,14841.84,-0.452650023,-0.672372673,-48.12683577,989.8340652,-0.830930348
2020-05-27,14796.62,-0.304021278,-0.91970446,48.66309873,559.2640144,-1.391996067
2020-05-28,14855.91,0.081943642,-0.666508863,-28.04730766,629.2623693,-3.168765402
2020-05-29,14909.18,0.286115448,-0.093430707,69.39971995,945.6464634,3.944786248
2020-05-30,15023.75,-0.330752403,-0.505646062,-34.42225627,741.3550231,-3.51912162
2020-05-31,15025.76,-0.391444642,-0.482035645,40.38896491,567.8186008,1.357393575
2020-06-01,15033.8,0.249290361,0.751152733,-90.97819874,692.115269,3.901426435
2020-06-02,14994.6,-0.194841669,0.030275347,-22.88742398,557.9339971,4.119685799
2020-06-03,14992.59,0.451499439,0.458503946,-31.35396501,600.1079985,2.932396998
2020-06-04,14950.38,0.214317971,-0.928578102,63.33574786,526.0149235,-3.238588661
2020-06-05,14964.45,-0.173243953,-0.269673289,93.41108065,719.1137473,3.174314092
2020-06-06,14941.34,-0.210457252,-0.041661305,-7.823744661,903.3180609,-2.234351876
2020-06-07,14785.56,0.023698386,-0.62716629,64.96725543,792.9845893,4.223980274
2020-06-08,14857.92,-0.420855332,-0.759616917,39.93894019,803.1726527,2.090866814
2020-06-09,14823.75,-0.382323487,0.740607557,93.47719753,600.292015,2.85267561
2020-06-10,14810.69,-0.324142119,0.878863254,62.22170287,671.9469216,-4.149675465
2020-06-11,14819.73,0.274723593,-0.842386604,-84.50438681,922.6210519,0.827651134
2020-06-12,14866.97,0.013857359,-0.301962575,42.65634448,543.9280922,3.211421269
2020-06-13,14853.9,-0.489432877,0.916571256,7.099943084,928.9653268,3.615903528
2020-06-14,14833.8,0.173516527,-0.833676534,-96.71278841,741.8450131,-4.713682953
2020-06-15,14839.83,-0.076309821,0.287282746,-49.73740825,918.5737157,4.391592326
2020-06-16,14814.71,0.010852365,0.944442742,84.35104901,659.0032097,-4.566612667
2020-06-17,14802.65,-0.285883757,0.956447337,85.21227456,669.4214758,1.145186797
2020-06-18,14731.29,0.051782228,-0.057553338,59.77009204,875.8024342,1.933875276
2020-06-19,14770.49,0.47915324,-0.674501784,96.35592066,892.4980867,-3.926547088
2020-06-20,14811.69,-0.426555309,-0.59583137,61.30904492,614.822339,-4.519881344
2020-06-21,14770.49,-0.2160826,0.77920279,-97.95916254,986.4356624,2.849121545
2020-06-22,14763.45,-0.257002407,0.823366009,-42.43313194,542.2450521,-1.153293752
2020-06-23,14763.45,-0.251450689,0.215759288,-93.87516355,534.2514816,-3.928874847
2020-06-24,14763.45,-0.121293642,0.532352799,-81.17840625,797.7521076,2.626678164
2020-06-25,14763.45,0.318109785,0.479862503,-56.23183661,861.3703839,3.491630701
2020-06-26,14791.59,0.41285869,0.323643196,0.711709265,980.4430646,0.873861908
2020-06-27,14682.05,-0.297784913,0.65455391,69.50640069,702.4728904,-3.387631916
2020-06-28,14629.79,0.042949938,0.370813246,72.39335123,512.6457045,-4.847775285
2020-06-29,14511.2,0.136898972,0.068004611,23.24037171,801.4481697,2.008024813
2020-06-30,14392.61,0.021827474,-0.526087275,85.63518781,644.8480103,0.501396748
2020-07-01,14242.86,-0.065923606,0.487776288,0.012465318,716.4735606,1.507971417
2020-07-02,14085.08,-0.308024494,-0.053124264,77.80720883,744.2347411,3.131846702
2020-07-03,14146.38,-0.011780641,-0.410416632,-9.186948734,532.2563054,-0.65772223
2020-07-04,14257.94,-0.098785172,0.603892551,-44.55499852,742.9908923,-3.754845312
2020-07-05,14293.11,0.295563363,0.393427201,83.28258362,713.1598334,4.399832854
2020-07-06,14209.7,0.263604359,0.874679126,-22.41298486,856.2721326,0.452621272
2020-07-07,14143.37,-0.366001319,-0.66911672,0.680821769,822.8329556,1.152941191
2020-07-08,14188.59,-0.411480947,0.298378569,-34.22787349,592.6078591,4.334114296
2020-07-09,14237.84,0.408153943,-0.511521064,32.56752006,603.0694591,4.315836563
2020-07-10,14299.14,0.035508389,0.807165971,99.006245,625.5030894,0.720946067
2020-07-11,14234.82,0.357800937,-0.801001171,-94.89729023,589.4752201,-2.023885753
2020-07-12,14266.98,-0.441848879,0.312323613,79.9696012,828.6065998,4.97113634
2020-07-13,14239.85,0.026515617,0.582171443,-99.2147886,997.2150896,1.8081709
2020-07-14,14200.65,0.039426515,-0.290164319,-27.15442377,826.0541703,-0.915633231
2020-07-15,14215.73,0.360702033,0.908276159,-66.27863874,803.3407731,0.598368029
2020-07-16,14198.64,-0.402390002,0.701461369,51.46835613,704.9639667,-0.841659497
2020-07-17,14248.89,-0.259554436,-0.410763401,-89.87783185,656.2901294,3.883051523
2020-07-18,14234.82,-0.093461686,-0.984917815,10.69699072,955.5368785,-0.175006251
2020-07-19,14247.89,0.365841475,-0.406685648,-41.01477323,984.5009371,3.23528376
2020-07-20,14252.91,0.438883315,-0.437379059,-73.26595023,748.3880878,3.401762978
2020-07-21,14205.68,0.49272462,0.779929215,54.36364242,645.1002478,3.243323377
2020-07-22,14234.82,0.459193486,0.934242357,-56.51663315,885.0611038,2.221886125
2020-07-23,14234.82,-0.494058244,-0.859120028,-55.26495759,566.2283954,3.548777168
2020-07-24,14200.65,-0.452291659,-0.057410343,-44.98464297,882.7941188,-1.127704204
2020-07-25,14172.51,-0.352393181,0.096663997,17.35335277,909.4741872,-3.853367939
2020-07-26,14228.79,-0.151137903,-0.814176677,31.93318634,562.4519723,3.424542044
2020-07-27,14241.86,0.329918031,-0.245004582,-96.47949526,988.4307344,-0.018315843
2020-07-28,14221.76,0.392656195,-0.365835165,-51.62607278,992.7561452,-3.726239675
2020-07-29,14222.76,-0.313165594,0.072112709,-13.8058315,968.3597397,-3.846874778
2020-07-30,14216.73,0.119664152,0.322381799,-33.60460957,748.0174047,-3.40757606
2020-07-31,14250.9,0.417361985,0.406970221,76.8341317,623.0370711,2.509732597
2020-08-01,14289.09,-0.036268264,-0.726489953,57.54174618,791.0046404,2.108566735
2020-08-02,14353.41,-0.396456428,0.625895404,25.17804311,709.9669192,-2.961813198
2020-08-03,14353.41,-0.04218635,0.35708406,-32.3915168,602.9743224,3.469234181
2020-08-04,14353.41,-0.124205098,0.778149833,40.13446897,711.8382048,-2.187052045
2020-08-05,14254.92,0.077657996,-0.101327881,68.72760257,831.9449178,2.929855833
2020-08-06,14239.85,-0.061341316,0.787779525,18.96607547,535.4566554,-0.111940923
2020-08-07,14175.53,-0.482654073,0.731548245,56.89229338,666.7090007,2.315486825
2020-08-08,14175.53,0.493997733,-0.123181335,49.82099228,508.897445,-1.186123369
2020-08-09,13972.52,0.043540238,-0.237713369,14.34746223,874.7477527,-1.528594029
2020-08-10,14014.73,-0.026369245,0.86562403,-37.56335664,820.3456338,3.41359599
2020-08-11,13995.63,0.454617372,0.430329469,49.1564316,531.3360674,-4.646977455
2020-08-12,14007.69,-0.344139632,0.856490693,-58.64072673,982.3687798,4.747369473
2020-08-13,14128.29,-0.310762397,0.593949558,55.89766929,511.3107786,1.481795583
2020-08-14,14225.78,0.308014749,0.218594879,60.90933843,794.9803232,-0.675166118
2020-08-15,14302.16,-0.23916892,-0.768294446,64.42897591,888.1837309,1.280545312
2020-08-16,14179.55,0.299227106,-0.417038655,-5.416805804,893.9481565,-3.772590535
2020-08-17,14189.6,-0.228466517,0.937684814,-61.50384645,517.1425678,0.140524553
2020-08-18,14138.34,-0.46681237,-0.361155803,-80.05527999,953.2075663,4.850955233
2020-08-19,14150.4,0.017014724,-0.81349026,48.6722501,959.225836,-2.647305622
2020-08-20,14156.43,-0.303313566,0.415106712,77.25227691,780.6951866,2.22278099
2020-08-21,14135.33,0.257846293,0.468008509,30.16767177,741.0415994,-0.650286242
2020-08-22,14109.2,0.141199633,-0.429084559,-71.16798792,522.4337315,1.524581485
2020-08-23,14124.27,0.423602668,-0.404656041,86.9792897,780.9770713,-2.951127713
2020-08-24,14152.41,0.282988357,-0.062214029,97.82040291,704.6895409,-0.295350174
2020-08-25,14156.43,-0.319224045,-0.9564221,-13.32427801,886.4032037,4.800927139
2020-08-26,14161.46,0.300158237,0.578646021,18.96505785,701.9417834,-3.04712849
2020-08-27,14189.6,0.141737045,-0.365822425,55.445704,841.7904167,1.364450278
2020-08-28,14154.42,0.168951642,0.707526204,47.27795801,550.7040731,0.755977488
2020-08-29,14112.21,0.332262886,0.605260843,93.55743839,566.4761354,0.650515863
2020-08-30,14114.22,0.073824069,0.322804066,-77.02338178,569.8550953,1.151232897
2020-08-31,14087.09,-0.033996486,-0.350250266,16.14497323,522.7627499,0.022379737
2020-09-01,14106.18,0.136641035,0.032633123,38.38628393,770.6644296,-4.830692497
2020-09-02,14132.31,-0.202042571,-0.110341485,78.01968484,896.983863,4.000968115
2020-09-03,14070,-0.317402869,-0.322236228,74.82192554,805.2056018,3.269788275
2020-09-04,14070,0.116587838,0.696272579,95.59995871,787.4774428,-3.258323191
2020-09-05,14058.95,-0.266151631,-0.032985851,2.415690788,840.3119642,-0.867268226
2020-09-06,14081.06,-0.420084891,0.665446196,66.15217336,669.8226615,2.705489807
2020-09-07,14081.06,-0.499445815,-0.789563052,-14.54365837,680.9770358,4.800623154
2020-09-08,14015.73,0.108319401,-0.717950423,-15.53722443,657.1350491,4.511370464
2020-09-09,13944.38,-0.137851217,0.95464061,-49.33032711,856.0544664,3.993591997
2020-09-10,14089.1,0.252310971,0.175536925,63.6474574,580.8201678,-3.416261027
2020-09-11,14129.3,-0.124823602,0.019539347,97.16302116,506.5126402,4.14475106
2020-09-12,14155.43,-0.013996552,0.046312126,-48.73165433,798.0982234,3.78444913
2020-09-13,14168.49,-0.092915027,-0.569462452,-88.7736824,971.1906824,-1.230500888
2020-09-14,14196.63,0.150574791,0.437407899,63.10848748,804.7039585,-1.054774055
2020-09-15,14159.45,-0.143860838,-0.830438753,24.04601051,891.4608265,-0.40091078
2020-09-16,14174.52,0.46376765,0.146647426,91.93976011,836.3953547,1.56175631
2020-09-17,14300.15,0.436146987,0.141537593,-49.55215618,748.7183268,-2.39164384
2020-09-18,14371.5,0.348027903,0.828376848,-85.7944684,859.1962009,-4.770515706
2020-09-19,14378.54,0.420300271,0.05236562,-1.511547827,912.0520619,-3.587704754
2020-09-20,14405.67,-0.050860312,-0.725874608,-82.90679541,612.3658221,-0.598840924
2020-09-21,14370.5,0.036430397,0.145506518,-47.64199978,668.0652402,-2.179974306
2020-09-22,14442.86,0.242092593,-0.817344711,-74.80442784,611.8628663,2.64516561
2020-09-23,14461.95,0.196145925,-0.592412329,-55.17356407,726.0864778,-3.933099295
2020-09-24,14540.34,0.390678596,-0.937782832,-78.77106944,942.5322755,4.174652256
2020-09-25,14493.11,0.216331027,0.026587165,90.78119989,672.6035504,3.953271799
2020-09-26,14493.11,0.497884708,-0.830934769,-44.28745731,687.2334446,4.087568169
2020-09-27,14442.86,-0.1514942,-0.061211243,-11.2204828,930.1836173,2.396099986
2020-09-28,14490.09,0.332997742,0.865890071,79.72236153,757.6871654,-3.930000285
2020-09-29,14496.12,0.197634823,0.439522826,35.46431759,767.7244998,-0.618624286
2020-09-30,14531.3,0.191386445,-0.845176652,23.60749611,930.4006017,-3.685946282
2020-10-01,14484.06,-0.174164405,-0.551580376,41.11263807,745.2633685,4.876991928
2020-10-02,14548.38,0.285601792,0.34732484,65.76445142,840.7787673,-1.669615766
2020-10-03,14528.28,0.400376022,0.789403722,75.53385357,542.8223329,0.853305419
2020-10-04,14493.11,-0.281451538,-0.934162826,28.52793413,589.3158566,2.793930542
2020-10-05,14527.28,0.125496837,0.624902263,78.00145494,702.1881004,4.206160842
2020-10-06,14536.32,-0.107865171,0.123627761,7.079505485,747.4195339,2.555477258
2020-10-07,14518.23,0.489548119,0.092182651,-44.54182875,982.8668506,1.745037788
2020-10-08,14506.17,-0.021167184,0.915626366,76.01534178,985.3258165,-0.34018218
2020-10-09,14553.41,-0.271679826,0.495289225,8.294565483,925.5985437,1.054001338
2020-10-10,14644.86,-0.118142375,0.700237736,81.22751751,657.7994176,-4.058361911
2020-10-11,14649.89,0.15383839,-0.292008861,-91.96643721,982.0141454,3.83922542
2020-10-12,14649.89,-0.423910629,0.108728082,-20.49684969,844.6704323,0.437773088
2020-10-13,14656.92,0.10360192,0.230811355,89.56100367,696.4700639,-4.598649496
2020-10-14,14605.67,0.431224759,-0.356832119,-50.06998145,850.8374585,4.199021257
2020-10-15,14591.6,0.350362788,0.14049625,88.30724921,508.2613649,-0.106980262
2020-10-16,14585.57,-0.432326463,-0.526689241,90.78049223,573.0773411,3.685891416
2020-10-17,14652.9,0.493389879,-0.713248658,76.42846285,914.8428558,3.568879542
2020-10-18,14652.9,0.198726924,-0.252059481,12.73360902,822.7868184,3.157515875
2020-10-19,14704.16,-0.337719176,0.478579257,29.38788982,682.0973506,-4.385969807
2020-10-20,14721.24,-0.487583911,0.832374296,73.92339969,750.3333201,-2.529333546
2020-10-21,14706.17,-0.328717364,-0.084571897,55.17941648,952.5710748,3.755478725
2020-10-22,14719.23,0.338175921,0.285647377,26.01876989,815.7890547,3.989910561
2020-10-23,14664.96,-0.478360675,-0.793925738,96.45188157,699.074642,-0.419311376
2020-10-24,14640.84,-0.266852696,0.808927517,37.13532727,560.1633287,-0.599585323
2020-10-25,14580.54,0.257305595,0.137208427,95.09639849,646.8734008,-3.248593661
2020-10-26,14621.75,0.086110536,0.560676495,-88.52230508,989.1701164,4.684107887
2020-10-27,14602.65,0.28273571,0.588882402,-72.20792585,718.6815314,-2.868615246
2020-10-28,14620.74,0.246150504,-0.487038947,-9.7082308,735.9197319,-3.090632156
2020-10-29,14561.45,-0.449398613,0.058348906,-23.02410782,749.2990162,1.607289701
2020-10-30,14569.49,0.392511419,0.920959503,56.54696827,942.0520115,-2.57155697
2020-10-31,14582.55,-0.272968166,-0.82073091,-67.87719471,801.9641422,4.38771611
2020-11-01,14540.34,0.05339244,0.366099796,95.21903582,846.8385182,-4.890930047
2020-11-02,14525.27,0.144288157,0.924528156,-36.98682495,694.7067713,-4.942467377
2020-11-03,14539.34,-0.331371789,-0.398845784,-14.21525845,514.5438093,0.048768014
2020-11-04,14503.16,0.476231257,0.722895843,-45.05099351,965.4864571,-0.119375401
2020-11-05,14511.2,-0.011844044,0.867315091,15.87272347,974.5638405,-3.366359781
2020-11-06,14435.82,-0.442357304,0.494172419,-88.27425992,974.5765267,-0.05480437
2020-11-07,14360.45,0.437262045,-0.537343375,-70.06449889,971.8435433,-0.883388948
2020-11-08,14268.99,0.086267843,-0.331998562,49.15954068,907.6209705,3.903295253
2020-11-09,14268.99,0.199193198,-0.928381411,-62.69988332,842.2980251,-4.907460798
2020-11-10,14268.99,0.02517579,0.662906468,-52.89710969,922.2549591,4.76269805
2020-11-11,14268.99,0.334737955,0.699222373,58.59644714,800.2731195,1.243927643
2020-11-12,14274.02,-0.466866538,0.26542062,-81.33976433,567.1848069,-3.481565544
2020-11-13,14355.42,-0.231621635,-0.294944297,-12.50523545,695.6090825,-4.532399862
2020-11-14,14371.5,-0.030351644,-0.846377945,-95.3873226,985.647456,0.381056586
2020-11-15,14384.57,-0.423396384,0.50611522,-30.63852014,675.5689068,-2.65109834
2020-11-16,14467.98,0.205906669,0.453052387,39.79628052,933.9139569,-1.98834463
2020-11-17,14446.88,-0.106336586,0.825205043,-81.97934406,546.6057354,-2.548678352
2020-11-18,14433.81,-0.22733201,0.461064042,77.66692536,667.0919212,1.501723136
2020-11-19,14433.81,-0.496621153,0.657389884,81.89980859,675.4766624,0.535289621
2020-11-20,14406.68,0.219830312,0.491909236,-79.00192497,525.8012716,-4.220255765
2020-11-21,14383.56,0.333809309,0.261374377,98.14648728,559.5471651,0.265265332
2020-11-22,14381.55,-0.104959464,-0.146067212,-40.49408932,596.5826056,2.911897656
2020-11-23,14381.55,0.064217977,0.804234617,-83.17966577,918.9077954,-4.188054092
2020-11-24,14363.46,-0.272313374,0.301937144,-98.9865771,531.700995,3.897389762
2020-11-25,14347.38,0.122197646,-0.203289356,-18.29542085,649.3504507,0.783066494
2020-11-26,14368.49,-0.487862542,-0.83306141,25.96199714,505.0875013,4.506244693
2020-11-27,14387.58,-0.011356103,-0.418590288,-33.56415002,847.8138727,-3.518587823
2020-11-28,14342.36,0.144205482,0.08745347,67.34347309,810.151545,4.935649994
2020-11-29,14333.31,0.418191773,-0.44872926,43.32125511,822.491131,1.44272866
2020-11-30,14333.31,-0.118664183,-0.557529304,-29.96769361,687.1913924,0.674941995
2020-12-01,14311.2,0.265190203,0.054787028,46.86193332,604.1339106,0.152796241
2020-12-02,14277.03,0.09768703,-0.660359308,88.09754739,860.1601066,-4.763456269
2020-12-03,14293.11,0.427012113,0.600820127,-81.38080029,905.5589364,4.396391915
2020-12-04,14315.22,-0.101622324,-0.031263697,-38.77920797,569.300749,1.439944729
2020-12-05,14328.29,-0.18090466,0.147725548,-7.334812177,743.414714,-4.083735155
2020-12-06,14449.89,0.387141999,-0.705233465,-0.401974449,624.357841,-4.790478297
2020-12-07,14475.02,-0.450755599,-0.350847329,8.439128977,584.0534306,-4.492163608
2020-12-08,14525.27,-0.363614607,-0.179820633,-39.87461869,867.1626567,1.093957634
2020-12-09,14493.11,-0.417595565,0.616425661,33.4519292,769.0484677,1.140154149
2020-12-10,14526.27,0.343109957,0.540319046,29.01690071,608.0926662,-0.003327082
2020-12-11,14534.31,-0.489392577,-0.55404505,15.56430125,655.0000056,-1.932341793
2020-12-12,14519.24,0.361657155,0.232358163,-77.24765566,983.3268357,0.317427316
2020-12-13,14544.36,-0.048732205,-0.513087284,-4.606421781,924.3397824,0.163018209
2020-12-14,14568.48,-0.495974721,0.976494311,-28.7546225,939.9733714,-4.805844401
2020-12-15,14614.71,-0.098354823,0.904247756,-1.792306032,730.0060485,-2.175307697
2020-12-16,14611.7,-0.313199159,0.126529441,84.3732871,811.903632,-4.468146585
2020-12-17,14636.82,0.124400487,0.397805144,-3.893731368,688.3838701,4.001547514
2020-12-18,14554.41,0.17935879,0.602860764,-97.20384163,538.8559878,2.252231628
2020-12-19,14540.34,-0.01247243,0.44199684,-12.23265238,700.5346553,4.961151702
2020-12-20,14572.5,-0.459480475,0.399657382,64.12963601,796.9903766,-1.978287367
2020-12-21,14620.74,0.156128804,0.917108016,56.01218464,643.5721354,3.784858478
2020-12-22,14620.74,0.342038784,0.192912213,2.678014706,923.9752874,1.030542679
2020-12-23,14558.43,0.220324277,0.272605344,-50.04619743,575.5500796,-0.468745931
2020-12-24,14558.43,0.329957919,0.698537501,-6.982267417,683.5645447,-2.774268887
2020-12-25,14565.47,-0.299490476,0.339781736,12.74044388,562.4519527,2.383921653
2020-12-26,14575.52,0.38888794,0.465865244,99.97428765,702.416067,4.041407489
2020-12-27,14589.59,-0.177806549,-0.531662628,28.83561803,519.8306525,-2.646916019
2020-12-28,14596.62,-0.486595186,-0.257466152,38.85298601,636.2746975,-3.24609665
2020-12-29,14626.77,0.343391646,-0.705397309,-1.709171286,700.3676276,1.96221915
2020-12-30,14580.54,0.441821269,0.011530885,-29.10208984,739.0826816,4.769731627
2020-12-31,14573.51,0.155558197,-0.088545199,62.59059673,771.8481792,2.499551011
2021-01-01,14566.47,-0.26856337,0.994325629,-1.013535132,637.4955649,-2.15419261
2021-01-02,14561.45,-0.248255536,0.222417306,98.93802599,761.5206673,-0.800445759
2021-01-03,14570.49,-0.033407127,0.572889646,-8.575885146,754.5023108,-1.156823645
2021-01-04,14563.46,0.39783108,-0.331970658,-86.39994327,658.0890254,3.52095018
2021-01-05,14534.31,-0.350402344,0.663090663,36.51562742,915.1001653,2.713707789
2021-01-06,14528.28,0.32597367,0.230169933,-90.67170981,772.8205633,0.889754348
2021-01-07,14433.81,-0.208697191,0.393984663,-49.89968062,666.1348594,-2.250408896
2021-01-08,14395.62,0.308586169,-0.411138444,-29.25234944,973.669256,4.379885277
2021-01-09,14413.71,0.420271198,0.097276783,47.89671712,922.5562065,1.533152248
2021-01-10,14440.85,-0.072506128,0.268073947,-1.152814718,991.2939058,4.704766464
2021-01-11,14449.89,-0.134949346,0.178189352,-94.27081374,846.1169373,0.80117033
2021-01-12,14468.99,0.302221319,0.830387423,23.36997026,689.1114528,3.211927584
2021-01-13,14460.95,0.029482882,0.796545329,-17.71275251,640.4303333,3.131053794
2021-01-14,14459.94,0.184449048,0.941968116,84.36690199,831.6589218,-1.626712232
2021-01-15,14454.92,0.122829237,0.334856012,-0.087537772,990.4082912,4.64020723
2021-01-16,14455.92,-0.347111154,0.94382826,41.79502919,813.3575401,-4.780585324
2021-01-17,14486.07,0.34479036,0.664956,-56.22630153,940.8074705,2.687109088
2021-01-18,14536.32,-0.304224889,-0.458335719,52.19471291,664.5517155,4.655570858
2021-01-19,14487.08,0.432282144,-0.145128661,44.1910621,703.4768912,-1.610917967
2021-01-20,14462.96,-0.249428709,-0.523215116,80.81634171,953.1376198,1.481105878
2021-01-21,14480.04,0.233880973,-0.991605678,-93.23567166,878.433351,0.622232498
2021-01-22,14495.12,-0.215344607,-0.623902494,-10.49986048,990.7051602,2.615073097
2021-01-23,14503.16,-0.182214591,-0.991878827,35.83108055,887.3821049,3.661779216
2021-01-24,14445.87,-0.189998147,0.439676923,-80.96721998,724.2578536,1.030445693
2021-01-25,14377.53,0.247892254,-0.148931405,-17.87918657,765.5340099,3.159045864
2021-01-26,14355.42,0.056815118,-0.374850546,88.42932061,950.2577462,-1.877144241
2021-01-27,14352.41,0.382952456,0.523441782,-12.81310182,775.823368,-2.714129413
2021-01-28,14332.31,-0.192627281,0.664973549,97.0809567,627.6986871,-0.693323105
2021-01-29,14310.2,0.191992522,0.950599077,-88.63218778,717.8099064,1.777365996
2021-01-30,14265.98,0.2529486,0.284027169,43.56595523,758.1579944,-3.127530511
2021-01-31,14337.33,-0.348517887,-0.076942083,16.20324725,548.3599168,1.803521922
2021-02-01,14343.36,-0.099410643,-0.389471397,0.107935426,871.8813371,-1.059063514
2021-02-02,14296.13,-0.017182506,-0.555363582,94.1694803,554.6769667,2.955752739
2021-02-03,14331.3,-0.14431261,-0.574148099,-74.0699199,702.4588567,-4.631641829
2021-02-04,14328.29,-0.177887404,-0.181621251,79.19979034,902.3112208,1.679826378
2021-02-05,14323.26,0.186419894,0.983572711,38.24808223,733.7851808,1.498223366
2021-02-06,14309.19,-0.284133602,-0.998292605,-48.20078534,921.0077599,4.409354761
2021-02-07,14304.17,0.209390745,-0.605588206,80.33382913,670.940661,2.133675536
2021-02-08,14322.26,0.435044196,-0.623214035,-14.14101643,978.818147,2.963018964
2021-02-09,14315.22,0.065197521,0.434238971,62.84546561,604.7342159,4.045910159
2021-02-10,14320.25,0.111434237,-0.295030545,-22.23269659,519.1320725,1.750519183
2021-02-11,14327.28,-0.431067298,-0.085478391,70.18616549,936.2132715,-2.09846365
2021-02-12,14321.25,0.364476904,-0.702751739,27.32582369,876.101358,3.697737996
2021-02-13,14329.29,-0.214552213,-0.190005922,-71.79067328,615.9919185,2.475781195
2021-02-14,14340.35,0.115051166,-0.793600376,29.93263269,992.3708036,-0.75562396
2021-02-15,14378.54,0.47911217,0.066086576,-61.73104746,751.1400646,2.105291726
2021-02-16,14392.61,0.095502601,-0.804123269,-17.61547442,975.5327201,3.676888772
2021-02-17,14386.58,0.224709487,0.581016762,-65.94088315,752.5143857,4.756521314
2021-02-18,14347.38,-0.054680382,0.133203435,-95.59677687,735.9372934,4.52351504
2021-02-19,14331.3,-0.439634156,0.447935748,-57.62269211,724.5692686,-1.746721732
2021-02-20,14316.23,0.297599349,-0.162967227,7.274404745,667.4376381,-0.783062863
2021-02-21,14309.19,-0.465001159,-0.237017414,-3.687806445,766.8507486,-3.90463395
2021-02-22,14296.13,0.200657829,-0.803582222,0.299419107,726.277331,-2.52455713
2021-02-23,14281.05,-0.477078427,0.047711214,-50.46262431,518.3734383,3.824212085
2021-02-24,14288.09,0.362305237,0.02900433,37.03224012,630.2176167,-1.391500737
2021-02-25,14292.11,-0.342363964,-0.063795911,40.85265736,606.5614001,1.205526586
2021-02-26,14225.78,0.014271495,0.481036729,-28.40643489,933.7178012,1.659656183
2021-02-27,14154.42,0.097150704,0.6650088,76.23401769,799.4349886,2.818292751
2021-02-28,14166.48,-0.042454593,0.50157935,28.80464333,881.8415502,-3.171999698
2021-03-01,14150.4,-0.159236511,-0.712268514,42.60785505,978.4130189,-1.951868654
2021-03-02,14203.67,-0.032185704,0.244119019,-44.53201641,822.0196363,-0.516636585
2021-03-03,14232.81,-0.188584246,-0.839353789,-99.87767297,991.3049957,-1.351589388
2021-03-04,14253.92,-0.061877653,0.389244575,73.07512242,655.8820258,4.829052329
2021-03-05,14235.83,-0.141087009,-0.236321807,64.48487692,593.1335912,3.349408032
2021-03-06,14254.92,0.066204824,-0.735002087,-75.36162239,701.654944,-0.203132454
2021-03-07,14270,-0.262075838,0.724101714,-25.17897301,735.3997075,3.792686261
2021-03-08,14241.86,0.488656555,0.228016678,32.26786168,947.6807714,-1.523470524
2021-03-09,14306.18,0.000869953,-0.290550064,30.42217144,779.9702195,2.858283239
2021-03-10,14332.31,-0.305837923,-0.938545641,72.07006696,646.0904997,-2.763244019
2021-03-11,14372.51,-0.02293325,0.074620518,-71.94636767,871.3171414,2.723220452
2021-03-12,14398.64,0.36641513,0.846451757,-14.01205044,752.9159686,-0.435465968
2021-03-13,14445.87,-0.478193207,0.192759665,-80.55511641,581.0659726,-3.92500679
2021-03-14,14339.34,0.179554119,0.943301209,-22.08095031,788.4098938,-2.267375454
2021-03-15,14304.17,0.047967797,-0.727097763,-96.97851088,955.6972684,-0.97725376
2021-03-16,14324.27,-0.330442006,0.136610209,79.65461302,921.3113087,2.492929117
2021-03-17,14359.44,0.317476439,0.596250096,5.408799366,793.4049863,-4.270172853
2021-03-18,14314.22,-0.131115378,0.051081462,69.96045216,688.5415869,1.595469951
2021-03-19,14277.03,-0.206197971,-0.817867288,-88.0190598,543.4893755,2.160136409
2021-03-20,14282.06,0.328125192,0.165772003,-54.50837791,734.8244617,1.539213699
2021-03-21,14330.3,0.138525046,0.223475812,-48.12400096,876.0397188,2.606696382
2021-03-22,14302.16,0.398259084,0.457418497,-22.66170107,680.1368599,-3.21831384
2021-03-23,14308.19,0.129883704,0.52242303,60.57327448,617.7234128,0.871033551
2021-03-24,14326.28,0.240817658,0.541545376,-22.68842525,965.6898596,4.411449472
2021-03-25,14343.36,0.336445896,0.326888787,-59.06929407,910.7778502,1.107842698
2021-03-26,14343.36,-0.445260364,-0.568377627,-87.00194793,819.1378097,1.11336347
2021-03-27,14351.4,0.276048959,-0.191528488,-84.10165033,568.391672,2.364396421
2021-03-28,14351.4,0.113706482,0.552259945,52.00944119,572.4544202,-1.667957679
2021-03-29,14411.7,-0.430492203,0.906853967,-11.03940179,551.6097957,2.004759013
2021-03-30,14391.6,0.008577922,-0.84210607,45.2362244,808.1483334,4.162338333
2021-03-31,14424.77,-0.417541922,0.071073356,36.45742435,557.7813982,-4.89104527
2021-04-01,14449.89,0.235947202,-0.374955457,-72.92750765,921.3135994,3.701130411
2021-04-02,14480.04,0.046501714,-0.549212211,-71.42241316,996.4825009,-2.813816687
2021-04-03,14513.21,0.453573537,0.011621367,51.06840309,683.1740924,-0.440767263
2021-04-04,14480.04,-0.316864628,0.212178681,44.2536587,726.8349235,3.52347801
2021-04-05,14419.74,0.106033453,-0.980455537,-24.39384663,855.8335885,3.239121275
2021-04-06,14422.76,-0.288417865,0.560413144,-84.51554733,968.5765032,3.919274781
2021-04-07,14449.89,0.114064985,0.639764263,-97.58039566,947.0468868,4.404167926
2021-04-08,14417.73,0.222649702,0.931021649,-42.36861011,528.7959144,-0.528430432
2021-04-09,14419.74,0.222304329,-0.638712534,-98.15554528,584.5359013,1.563638108
2021-04-10,14408.69,0.315073991,0.189105125,-53.98547578,877.2985993,-1.095215595
2021-04-11,14414.72,0.353550228,-0.146749253,-16.09985196,844.446554,-1.492832825
2021-04-12,14414.72,-0.422728274,-0.330344297,-75.71684694,566.609297,-0.684045894
2021-04-13,14455.92,-0.156732843,0.131266903,-79.14444843,751.032291,2.430761348
2021-04-14,14420.75,0.18712252,0.564766186,79.28748714,890.4073155,0.014407471
2021-04-15,14335.32,-0.001413713,-0.953894433,17.0940058,609.3903411,3.140596744
2021-04-16,14322.26,-0.309324053,0.938800225,86.89113735,935.6438179,2.452184772
2021-04-17,14290.1,0.05270957,0.619763171,-30.83476724,526.4858874,-4.795215389
2021-04-18,14296.13,-0.092564347,0.502307407,35.42898747,891.0975425,1.302381571
2021-04-19,14308.19,-0.109961722,0.520774764,-59.06166508,807.9094499,-0.634288767
2021-04-20,14336.33,0.309753717,-0.221878581,23.66806346,657.5996733,-0.433710108
2021-04-21,14340.35,-0.092401666,0.503241102,-74.082854,860.4662742,3.183730539
2021-04-22,14349.39,-0.473545495,-0.226459583,-99.58387216,891.1828976,0.476079861
2021-04-23,14341.35,-0.441936661,0.797413659,86.30636028,966.9494857,3.856218235
2021-04-24,14381.55,0.356244042,-0.645555233,10.97887524,683.8873361,2.128055924
2021-04-25,14436.83,0.46060081,-0.415305152,85.38813256,843.008368,0.528400088
2021-04-26,14467.98,0.188409336,0.102675085,-33.23369526,801.3081385,2.545379762
2021-04-27,14431.8,-0.135631706,-0.361577928,-34.44278617,762.6030347,-4.616509491
2021-04-28,14394.62,0.438600316,-0.151525509,-19.86899965,945.2082371,-4.729163452
2021-04-29,14370.5,0.162803086,-0.015154621,41.20819679,501.5836571,-4.166506731
2021-04-30,14373.51,0.344333549,0.712706698,13.16172684,641.0558031,-0.624346749
2021-05-01,14382.56,0.265852304,0.046384507,85.07098142,769.1386198,-2.645498544
2021-05-02,14381.55,-0.120860684,-0.275080303,-94.91181977,589.1466308,4.842612944
2021-05-03,14394.62,-0.021297799,-0.504527672,41.63918759,953.9332669,0.42290139
2021-05-04,14396.63,-0.313867846,-0.182648042,-33.93446213,823.7975588,1.624157461
2021-05-05,14441.85,-0.2079859,0.031472209,-63.95326964,738.9414973,-2.211798638
2021-05-06,14425.77,0.278125661,0.492229714,2.079124504,907.3508795,-1.782030914
2021-05-07,14418.74,0.393978392,-0.757902448,1.012756836,725.4430957,-1.645380859
2021-05-08,14398.64,0.224460423,-0.556781624,-72.59779426,779.326506,1.987357052
2021-05-09,14429.79,-0.034826303,-0.240691968,-59.62078877,501.3754978,-0.262937923
2021-05-10,14417.73,-0.413490731,-0.27920319,-18.36706702,682.8502651,0.176836525
2021-05-11,14456.93,-0.443052051,-0.216503825,-18.23771752,569.3952362,0.920029822
2021-05-12,14452.91,-0.125674435,0.587042529,-36.48837208,844.8443403,2.688116562
2021-05-13,14463.96,-0.036178281,-0.351691194,-70.2909697,739.5134795,-4.096302515
2021-05-14,14418.74,0.109120622,0.003796361,-99.12526418,650.8787786,2.768739122
2021-05-15,14452.91,-0.493510479,0.247814066,94.04701249,733.9161697,0.632350689
2021-05-16,14447.88,0.48972289,-0.5356429,88.69984594,604.814944,1.690954449
2021-05-17,14476.02,-0.136061117,0.437390774,-3.269924165,962.5433162,-1.724482352
2021-05-18,14456.93,0.348094664,0.094222639,99.01035066,526.9863163,-0.906131632
2021-05-19,14437.83,0.034966706,-0.106437674,34.73086616,932.7085176,-2.688341803
2021-05-20,14415.72,-0.369560545,0.619568053,-86.22849248,755.6793944,4.792999974
2021-05-21,14430.8,0.297565553,-0.513009482,-76.45636018,809.4732481,-0.029970275
2021-05-22,14409.69,0.209827075,0.766351941,83.22216877,651.3028105,4.960769158
2021-05-23,14363.46,0.027436085,0.122097471,26.01044043,983.3488084,-0.102140219
2021-05-24,14349.39,0.014553091,0.218349759,68.63672533,640.9254793,-2.802487356
2021-05-25,14372.51,-0.412520394,0.750117928,79.65392993,794.4389986,0.074523967
2021-05-26,14410.7,0.155848949,0.635165376,-10.41159774,996.7083526,-4.604044282
2021-05-27,14400.65,0.411245156,0.203124138,-90.29480968,940.5471982,4.047698014
2021-05-28,14433.81,-0.406755081,0.506375408,-62.34393022,768.1649126,3.185502512
2021-05-29,14426.78,-0.236488549,-0.13336102,-86.68561054,995.1872615,2.258205207
2021-05-30,14442.86,0.402307973,0.094755507,-62.25203086,850.6849309,1.098267154
2021-05-31,14440.85,-0.21565609,-0.875859727,-17.89341471,604.3502081,0.798342337
2021-06-01,14421.75,0.153943672,-0.820284164,-76.3606379,702.7981052,4.967282141
2021-06-02,14444.87,0.034818165,0.658850808,-66.65335044,667.246667,-2.22002566
2021-06-03,14454.92,0.096327605,-0.880656689,-10.83564359,672.0068541,2.796843654
2021-06-04,14483.06,-0.084211098,-0.661201749,-31.96580992,880.2282197,0.814047702
2021-06-05,14465.97,-0.200008529,0.591665318,-6.468375162,792.1314636,4.758805438
2021-06-06,14442.86,-0.451466549,-0.997708099,-14.16559445,519.0463558,3.278031833
2021-06-07,14369.49,0.244280939,-0.435191342,28.8956052,938.7242418,4.98525113
2021-06-08,14377.53,0.246093462,0.168077316,87.43790978,648.3980702,0.883249945
2021-06-09,14399.64,0.17072574,0.190899863,-78.42713231,998.5374385,-2.954560425
2021-06-10,14392.61,0.143633788,0.554305816,-80.14797014,977.0953652,0.036870357
2021-06-11,14382.56,-0.256282868,0.011852509,70.56122222,970.2653583,2.111111341
2021-06-12,14361.45,-0.477655066,0.018803739,1.27934093,905.563802,2.743603862
2021-06-13,14411.7,0.308715397,0.450621151,53.28100471,610.3066658,-4.99490011
2021-06-14,14412.71,-0.008861464,-0.002751073,-56.91561928,766.316372,0.050270885
2021-06-15,14429.79,-0.193161869,0.216982173,65.77251463,612.1513134,-2.6476542
2021-06-16,14422.76,-0.398068093,0.795548137,84.76932484,629.8377278,3.749118333
2021-06-17,14432.81,-0.437278409,-0.197097985,27.09660311,805.4758847,-3.470945559
2021-06-18,14412.71,-0.151133278,-0.229749858,-78.82419571,520.4167727,1.664562496
2021-06-19,14431.8,0.304737065,-0.992902016,79.05896283,984.7292834,-2.339378097
2021-06-20,14435.82,0.418723749,0.226852523,58.49754547,959.3365863,-1.434578568
2021-06-21,14420.75,0.396751365,-0.940456185,50.1755553,690.3837861,4.405592608
2021-06-22,14428.79,0.420000835,0.008296979,-92.65436222,757.711224,-2.595518746
2021-06-23,14435.82,0.407725343,0.608467578,59.79250505,733.0597096,-4.049972382
2021-06-24,14433.81,0.027224752,0.099842141,-72.40979791,941.0998893,-4.307150986
2021-06-25,14419.74,-0.280584361,-0.46072767,-55.52276476,844.3009382,0.046151101
2021-06-26,14435.82,0.298046583,0.572336843,15.42696697,639.0556237,1.417114823
2021-06-27,14430.8,-0.286287025,-0.460565992,-47.00384542,723.4206272,-1.727063564
2021-06-28,14436.83,-0.232792723,0.466063562,32.26964126,714.4829878,1.902597418
2021-06-29,14441.85,-0.266745678,0.22051691,21.61408954,979.6675841,-4.389662814
2021-06-30,14435.82,0.014982404,-0.660007407,-78.3700804,587.6554553,3.573346449
2021-07-01,14430.8,-0.178172492,0.81026775,31.20291592,544.7881686,3.165672097
2021-07-02,14420.75,-0.34584395,-0.598712634,84.79098196,940.3094161,4.854962714
2021-07-03,14427.78,-0.046826588,0.979174148,-67.77801896,948.3429948,4.365049809
2021-07-04,14418.74,0.373907239,-0.985379023,19.41240419,935.869544,-1.438028361
2021-07-05,14422.76,0.070552855,-0.473033246,-31.62692561,755.4884578,-1.00724616
2021-07-06,14419.74,0.378335606,-0.600279405,-8.077665645,829.8722141,2.459648475
2021-07-07,14432.81,-0.304127815,-0.97201318,-42.59996418,781.6815238,-3.65917228
2021-07-08,14524.26,-0.333026126,0.4647358,-29.17387273,534.723913,-1.859852898
2021-07-09,14484.06,0.075577126,0.386851604,-94.21763535,797.9174485,-3.81459063
2021-07-10,14490.09,-0.036671098,0.584701929,96.31034758,506.8070736,-0.451135509
2021-07-11,14552.4,0.160172642,-0.486602907,24.95998441,662.4937048,0.520042799
2021-07-12,14606.67,0.294626791,-0.111329666,0.141118099,966.1462879,-2.8883953
2021-07-13,14618.73,0.251307296,0.318227043,-23.2569301,652.0226348,-4.733683131
2021-07-14,14618.73,0.442261174,-0.120462992,7.874911765,969.9133213,2.193558318
2021-07-15,14657.93,-0.101743591,0.394651541,-23.97880026,625.0669786,-4.799948356
2021-07-16,14692.1,-0.293613258,0.267946817,-28.0184145,657.2811202,4.734026089
2021-07-17,14724.26,0.05091264,-0.770704394,-7.210691656,814.2037482,-2.783927433
2021-07-18,14755.41,-0.38925688,0.562086242,-44.80339327,880.8134864,1.639000921
2021-07-19,14804.66,-0.211148877,0.441352718,-63.99002001,750.693884,-0.652482738
2021-07-20,14734.31,-0.292111945,0.311668775,11.32117964,941.0578436,-4.403261397
2021-07-21,14738.33,-0.103436283,-0.689812787,68.55308723,520.1202108,-0.278163934
2021-07-22,14726.27,-0.388783425,-0.464007102,-69.43436445,961.0974193,0.167606343
2021-07-23,14718.23,-0.468158255,-0.213645937,-93.45313188,598.1538999,3.546832081
2021-07-24,14650.89,0.156794005,-0.440140757,-50.63765097,942.1193725,2.323490696
2021-07-25,14616.72,0.110248978,-0.544379419,95.94412869,700.4315897,-4.206975252
2021-07-26,14664.96,0.208358936,0.61071534,65.75161475,916.3785279,-2.908373166
2021-07-27,14598.63,0.16038644,0.276464493,19.17321071,835.8327749,-1.881123158
2021-07-28,14503.16,-0.385705319,0.130944263,85.84978305,587.9708162,-3.835923135
2021-07-29,14534.31,-0.208921119,-0.548094578,-10.94417663,959.0237849,-0.431009291
2021-07-30,14536.32,-0.37047339,0.836153125,96.65612052,622.7586952,4.843091909
2021-07-31,14549.39,0.342972402,-0.617633922,-40.73959098,622.0700593,0.146127912
2021-08-01,14627.78,0.246903655,0.589901866,-51.9388501,907.0894483,2.418821683
2021-08-02,14641.85,-0.298472997,0.933345333,27.60964023,552.9366278,1.829377977
2021-08-03,14745.36,-0.15869076,0.454185458,-24.36920641,611.0179532,3.499114351
2021-08-04,14802.65,0.466614992,0.98571755,25.2731084,751.8387867,-2.842765095
2021-08-05,14819.73,0.094159358,0.302102234,-39.00089634,915.2385143,2.538262617
2021-08-06,14814.71,0.301155597,-0.565079313,23.58365137,573.7419874,3.813552403
2021-08-07,14902.14,-0.235408965,-0.592361013,-44.85074788,773.8341173,-3.28490177
2021-08-08,14910.18,-0.28994708,-0.350871431,-89.80558624,855.6202959,-1.531977802
2021-08-09,14878.02,0.283916929,-0.98573996,82.42718038,930.2976124,4.701017643
2021-08-10,14934.3,0.185872455,0.36339694,76.64104037,967.7827801,2.80787846
2021-08-11,14909.18,0.180977929,-0.462664431,94.15962985,892.3199572,-2.174091675
2021-08-12,14920.23,0.052634582,0.630366465,43.30543524,826.4141991,0.639417696
2021-08-13,14876.01,0.063578343,-0.281654699,36.54423555,716.8100427,-0.956738772
2021-08-14,14911.19,0.235697505,-0.040087013,11.80061401,556.0550771,-0.100348237
2021-08-15,14922.24,-0.229997519,0.931377833,-74.81151673,854.8685963,-1.448338086
2021-08-16,14956.41,-0.147231534,-0.515655754,-62.15293781,996.3686522,-2.206689815
2021-08-17,15030.78,0.371636771,0.442508195,-42.10606227,868.3802974,1.747630414
2021-08-18,15034.8,-0.191134799,0.510235579,78.03127251,508.3555469,2.785418151
2021-08-19,15064.95,0.046309571,-0.558003685,-65.40609508,748.129989,3.739571227
2021-08-20,15090.08,0.202639464,0.001993673,84.5746349,807.3233162,-3.446700327
2021-08-21,15060.93,0.499924827,-0.299596149,4.55714661,844.8371006,3.228555236
2021-08-22,15055.91,-0.064708669,0.543812487,43.11392709,859.8629178,-2.451991755
2021-08-23,15043.84,-0.071907123,0.244966638,-77.95110266,779.0542206,-0.726636101
2021-08-24,15067.97,0.342588379,-0.04803389,-46.19329024,611.6801664,4.014436858
2021-08-25,15059.92,0.305503111,0.55872653,91.70372164,971.1003307,-0.45496399
2021-08-26,15074,0.231075882,-0.52968886,-46.77001061,848.3332338,-3.02936466
2021-08-27,15074,-0.036770363,0.507243761,-40.69565592,618.4200184,-3.401313448
2021-08-28,15060.93,-0.17606088,0.730748624,-60.48052303,661.1609161,-0.270162333
2021-08-29,15066.96,0.108730483,0.757243194,-74.18526694,960.9638353,2.62672424
2021-08-30,15058.92,0.376223293,0.567347186,-53.34847171,943.7425934,4.97205144
2021-08-31,15092.08,0.383777458,-0.183971666,28.46537839,702.5732192,2.874086284
2021-09-01,15099.12,-0.391501655,0.963616045,-8.926453299,519.153611,3.770119589
2021-09-02,15066.96,-0.071649716,-0.240812712,10.75116727,524.2486844,2.478323609
2021-09-03,15058.92,-0.035278044,0.277250798,-75.52703425,641.9591455,3.954351008
2021-09-04,15095.1,0.477615368,-0.677851644,60.42328943,814.5611097,-4.237064567
2021-09-05,15032.79,0.177998015,0.960897797,56.81894012,792.0973177,4.29931599
2021-09-06,14934.3,-0.092753583,0.407971844,-95.68201777,816.9138935,-1.035938463
2021-09-07,14948.37,-0.473942114,0.50675509,-23.2969811,858.641486,4.216142233
2021-09-08,14962.44,0.06538516,-0.868446593,-86.24587961,509.5161268,-4.242671625
2021-09-09,14991.58,-0.403924024,0.526835628,58.42115588,552.5427976,2.152429571
2021-09-10,15003.65,0.334449957,0.549446858,47.45393663,679.7417259,2.356887487
2021-09-11,14978.52,0.252518661,0.343545453,80.39761886,577.4299988,4.969108893
2021-09-12,14989.58,-0.03949084,-0.416180772,-52.71920821,537.6600213,2.688552707
2021-09-13,14936.31,-0.07078922,-0.020619916,-8.740823374,820.482198,-1.174262942
2021-09-14,14949.38,0.397338966,-0.779131257,-63.10242457,907.6682387,0.572485516
2021-09-15,14873,-0.21154165,-0.056825867,-25.75301311,876.3133287,-1.334490618
2021-09-16,14761.44,-0.250980038,-0.512352295,4.448650313,908.5198893,-3.039813547
2021-09-17,14800.64,0.439197433,-0.301806027,-89.33384203,832.928272,-2.514976725
2021-09-18,14840.83,0.309245837,-0.674799183,42.97408214,867.6726609,-2.779894657
2021-09-19,14896.11,0.320625593,-0.539891265,8.658672074,635.8893871,0.488153302
2021-09-20,14932.29,-0.304806186,-0.846862716,65.79180344,996.5040181,4.061606345
2021-09-21,14956.41,-0.356704009,0.839802733,-45.64389976,591.5828272,4.127266261
2021-09-22,14967.47,-0.47397045,0.060821376,80.66422105,607.2469372,-4.452362225
2021-09-23,14925.25,-0.262958491,-0.206516057,99.73885061,644.4609159,-4.20100599
2021-09-24,14901.14,0.274190492,0.070058426,83.85968768,987.6662151,-2.548809428
2021-09-25,14888.07,-0.259961581,0.256586457,55.57849517,994.1442947,-2.449405475
2021-09-26,14961.43,0.229103284,0.843757587,62.47376057,897.4468749,-4.051108248
2021-09-27,14949.38,-0.248091735,-0.642614095,14.74884851,814.5287993,-1.115366588
2021-09-28,14927.26,-0.104707502,-0.408895003,-61.96922742,760.0312876,0.877253927
2021-09-29,14958.42,0.48316229,0.951578673,35.40813703,985.3104228,0.781622006
2021-09-30,14974.5,-0.255188269,-0.257614027,42.55060041,847.8114014,0.434296813
2021-10-01,14994.6,-0.123629373,-0.954876698,97.07702805,972.3650642,-1.613280751
2021-10-02,14959.42,-0.19891282,-0.704713015,8.260263251,658.2753997,2.064556853
2021-10-03,15001.64,-0.390375014,-0.947322597,-45.72619699,666.8873961,3.26483941
2021-10-04,14979.52,-0.010105858,0.979846285,36.73450435,927.3622971,-1.537257335
2021-10-05,14920.23,-0.121309337,-0.442258302,95.87516393,574.9274603,-4.144646407
2021-10-06,14913.19,0.194887086,0.847085514,-64.55721835,972.9639306,-2.036697489
2021-10-07,14935.31,0.317594547,0.991772552,-34.80041629,753.7371773,-3.626313454
2021-10-08,14997.61,0.044249714,0.199682442,8.376190755,963.2069393,-0.326412728
2021-10-09,14973.5,-0.467803578,-0.93360737,-65.95707302,668.3963944,-3.440648487
2021-10-10,15013.69,0.118922356,-0.836816739,-95.5558721,857.9794521,-0.371552423
2021-10-11,15054.9,-0.44460927,-0.03682189,-32.60337551,741.437561,-2.789971077
2021-10-12,15049.88,0.116356324,-0.187655974,73.0741603,813.4018151,2.387311055
2021-10-13,15086.06,0.185029949,0.212354612,-91.30632014,752.1862466,-4.724317592
2021-10-14,15108.17,-0.302232372,-0.122304381,-14.2141882,983.5578087,0.547463038
2021-10-15,15110.17,0.319346149,0.868153699,52.44015459,846.0526989,-3.305117251
2021-10-16,15194.59,0.411085132,0.069479431,90.63651938,625.6594843,-4.990081355
2021-10-17,15230.77,0.313086964,0.387452123,97.0950798,954.838461,3.692000881
2021-10-18,15319.22,-0.19489081,0.792970545,-15.60612388,647.0148691,1.715277878
2021-10-19,15323.24,0.086643012,-0.706256248,90.07685888,685.8025497,-4.010571779
2021-10-20,15308.16,0.414815149,-0.540530692,-92.91620534,551.061849,1.640723677
2021-10-21,15369.47,-0.179335274,-0.785362679,49.1833876,949.9832599,1.116473327
2021-10-22,15352.38,0.320027822,-0.720723202,28.54920693,643.0560116,-0.26643313
2021-10-23,15271.98,-0.490524869,0.025167934,-50.09562848,629.458809,-0.807419016
2021-10-24,15272.99,-0.496353297,-0.357641482,1.463700136,960.131299,3.870697629
2021-10-25,15322.23,0.25971166,-0.153654321,-74.08925245,902.7634312,-2.548519801
2021-10-26,15375.5,0.261447582,0.964979664,74.31943019,570.5394608,-1.01689943
2021-10-27,15438.81,0.288977188,-0.686591304,-28.42038289,884.662252,-1.708845871
2021-10-28,15449.86,0.430026838,0.081624142,25.20889409,956.516549,2.71201029
2021-10-29,15433.78,-0.382093688,-0.80225769,-68.24474274,539.2556091,4.164653062
2021-10-30,15466.95,-0.268015015,-0.363007373,-58.76703107,912.6074975,3.497816987
2021-10-31,15557.4,0.40372492,0.055051847,98.39127416,773.7100259,2.977039303
2021-11-01,15546.34,-0.322763802,0.893263492,50.61727889,834.5987247,4.867899456
2021-11-02,15568.45,0.182229268,-0.217543557,92.39437395,746.4271695,1.971445504
2021-11-03,15656.9,0.030463,-0.870186608,-40.82976696,848.9015425,2.510537912
2021-11-04,15688.05,-0.416806323,-0.223677104,-67.08742468,517.0489308,4.828025397
2021-11-05,15667.95,-0.214736338,-0.708517648,0.613692696,881.3533616,-4.930092146
2021-11-06,15694.08,0.020372216,-0.540020773,-1.066343555,516.6718489,1.340483764
2021-11-07,15673.98,0.352350117,0.236181246,-65.01069725,727.6499239,2.38971532
2021-11-08,15650.86,0.20753849,-0.865152268,46.64391392,575.4824966,4.178270538
2021-11-09,15619.71,0.121883161,-0.070552487,-27.64449311,911.7871387,3.838443042
2021-11-10,15673.98,-0.00396711,0.218923172,-62.72695381,656.8304546,3.419606812
2021-11-11,15725.24,-0.201316016,-0.156283215,-33.60332109,727.0467723,4.457912719
2021-11-12,15730.26,-0.380755089,-0.961747299,12.73173993,714.3753706,0.373791879
2021-11-13,15759.41,-0.090923965,0.971038714,45.29418644,886.2509828,-4.930799044
2021-11-14,15814.68,-0.471481506,-0.265768465,-3.621822789,740.5721799,-4.889456013
2021-11-15,15770.46,-0.288944111,0.557154374,5.118997966,894.4791675,0.446390556
2021-11-16,15762.42,-0.067516624,-0.348707016,-72.21081281,536.7541384,-0.647277611
2021-11-17,15732.27,-0.081394814,-0.049966486,82.93818494,595.796984,-0.487549466
2021-11-18,15779.5,-0.455704569,-0.223072715,85.7448396,775.7671248,-0.995952628
2021-11-19,15570.47,0.089060154,-0.314921541,36.68531808,973.5441624,4.177258091
2021-11-20,15576.5,0.049684256,-0.956297246,-96.47371821,537.3789234,-1.408296488
2021-11-21,15641.82,-0.421895696,-0.279958124,7.414843181,521.5421081,3.562269418
2021-11-22,15688.05,0.443163052,0.778979981,25.84379442,578.2753375,4.028647938
2021-11-23,15765.43,-0.400617221,0.380786677,98.93084459,820.5765644,-0.0049823
2021-11-24,15770.46,0.354834151,-0.709154282,99.21339104,699.4964583,-0.530619626
2021-11-25,15785.53,-0.499690268,0.182310009,71.52224707,912.7761897,2.610206042
2021-11-26,15794.58,0.382281095,0.78446172,-87.23380159,535.9665757,2.079715076
2021-11-27,15778.5,-0.480280268,0.400068082,90.65527816,598.2070434,-1.714648834
2021-11-28,15725.24,0.257812032,-0.702631215,22.53224943,650.0132027,-3.974518741
2021-11-29,15746.34,-0.138309189,0.735664993,60.1773541,813.3650433,-2.351475998
2021-11-30,15807.65,0.2382168,-0.396911973,-18.56143006,842.5863452,-3.689714942
2021-12-01,15815.68,-0.098254795,-0.091847711,-36.06610575,562.101647,-2.052677242
2021-12-02,15820.71,-0.429092078,0.052285519,-7.351170903,971.9023545,-2.381784344
2021-12-03,15695.08,0.267506695,0.701013209,-70.62509741,670.5220676,1.377114239
2021-12-04,15506.15,-0.428747315,0.86321499,-28.58677225,856.5843815,4.544960285
2021-12-05,15486.05,0.422120436,0.859305756,71.52349995,762.1038595,1.857437323
2021-12-06,15653.88,-0.449025964,-0.984091637,-92.40990275,611.3790568,4.266494081
2021-12-07,15697.09,-0.020674722,0.843776971,-69.82439064,923.1141616,2.841322586
2021-12-08,15702.12,0.223034431,-0.891226068,-74.97676807,909.1190141,2.278776221
2021-12-09,15664.93,-0.106753535,-0.468452686,-19.38489146,698.035927,-0.859380598
2021-12-10,15720.21,-0.282766525,0.029975709,99.39738018,794.3037928,-1.752054971
2021-12-11,15739.31,0.259090961,-0.040148622,-65.32841396,628.912848,3.462773725
2021-12-12,15697.09,0.284294705,0.209419588,-70.90347008,844.9258144,4.053932329
2021-12-13,15708.15,0.422694984,-0.041107543,83.01114596,654.5134063,-0.481175063
2021-12-14,15695.08,-0.12383489,0.868751359,76.41010339,922.0393672,-4.909369018
2021-12-15,15699.1,0.006251734,-0.518902304,-93.551926,608.6925521,2.925310589
2021-12-16,15686.04,-0.136871557,-0.451950612,50.34119204,507.4017114,-2.149311595
2021-12-17,15679,-0.242918178,0.841475871,31.0931403,634.254021,-4.90112135
2021-12-18,15671.97,0.251032962,-0.846520973,53.54816197,595.5262432,3.04988559
2021-12-19,15683.02,-0.160348155,0.219121644,-1.099509041,754.1432199,0.174141888
2021-12-20,15714.18,-0.071850558,0.363471904,98.27584369,601.8516458,1.852107463
2021-12-21,15737.3,-0.096326342,0.011083447,-91.23059626,881.5949354,4.146898211
2021-12-22,15781.51,0.212661226,0.388463758,-53.12568272,620.685319,0.411738301
2021-12-23,15809.66,0.417795626,-0.654490708,-20.69080261,853.48409,0.031940726
2021-12-24,15669.96,0.166756061,0.705264466,-10.04441169,789.2354615,-2.093378787
2021-12-25,15649.86,-0.028417404,-0.719948621,84.27348054,993.1249282,-1.948061656
2021-12-26,15667.95,0.279205115,-0.198375111,12.00087282,999.9504885,2.96542066
2021-12-27,15693.08,0.140971324,-0.849484797,-90.9778009,934.7630417,-0.509707544
2021-12-28,15688.05,-0.439389643,0.090422158,-18.42740731,879.9916846,-3.364737914
2021-12-29,15713.17,-0.404336414,0.339491615,-16.70191753,693.228207,-4.05471236
2021-12-30,15651.87,-0.462083056,0.88244327,93.09818769,876.6383636,-0.270798831
2021-12-31,15666.94,-0.043183674,0.478672392,19.8394182,978.3377685,-0.350449764
2022-01-01,15604.64,0.325853434,0.082205833,27.13021423,511.6887877,1.534582782
2022-01-02,15442.83,-0.186916831,0.865234034,42.65060625,768.9573501,-0.289325223
2022-01-03,15252.89,-0.115839817,-0.043126324,54.00786314,608.9991522,-3.565242959
2022-01-04,15094.09,0.409477108,0.122411306,27.01021404,778.9381579,0.078028848
2022-01-05,15229.77,0.336903445,0.192197055,-52.56112977,733.2235449,4.067894039
2022-01-06,15212.68,0.165048112,-0.180040548,74.80918287,787.8842908,-3.405585884
2022-01-07,15188.57,-0.233196218,0.676965381,46.42396008,775.4811107,1.89754641
2022-01-08,15196.6,-0.382958517,-0.629648122,48.37409702,980.0535196,0.93859265
2022-01-09,15004.65,-0.483941177,0.109684381,99.31134785,776.0930545,2.485857267
2022-01-10,15032.79,-0.392989327,0.444466512,60.50530697,923.1160441,-3.493997266
2022-01-11,15038.82,-0.207403556,0.807952344,65.83028063,659.9101434,4.416053369
2022-01-12,15052.89,0.051790064,0.767836793,90.28110314,719.0503444,1.209664278
2022-01-13,15053.9,-0.435999917,0.017480579,-69.77320003,735.206738,3.470711377
2022-01-14,15066.96,-0.363772222,0.286322902,-0.454524704,639.3640217,-2.533932363
2022-01-15,15065.95,-0.318919298,-0.211524528,16.11340472,689.8951307,2.394128894
2022-01-16,14942.34,0.131982093,-0.063644474,-34.14485416,799.2565397,2.810307043
2022-01-17,14972.49,0.115789799,0.812531585,67.88066878,790.0938817,-1.025647276
2022-01-18,15130.27,0.050765726,0.861407986,52.48392433,818.2176723,-1.160465471
2022-01-19,15214.69,-0.249498575,0.790828116,44.1766149,675.9089577,1.57796265
2022-01-20,15197.61,-0.128880309,-0.723258276,99.42988795,657.9157476,-4.065923182
2022-01-21,15195.6,-0.403310284,0.700168043,-48.12372532,805.8089414,2.356241502
2022-01-22,15215.7,-0.273539396,0.896727462,47.09145034,566.4308742,-4.571132402
2022-01-23,15292.08,0.397705226,-0.277500611,10.28089498,626.5157718,-3.094096989
2022-01-24,15243.84,0.479691746,0.037292579,-37.4021635,521.0638685,1.641437572
2022-01-25,15269.97,0.147659586,0.558190512,-67.88262586,536.3054263,-4.016763329
2022-01-26,15251.88,0.416823292,0.124156275,79.17676741,621.6916396,4.718420915
2022-01-27,15275,0.1427419,0.986967043,19.09109654,509.7646401,3.683962095
2022-01-28,15243.84,-0.466803514,-0.08857327,64.98676753,622.705296,1.263023324
2022-01-29,15254.9,0.496762585,0.427885422,9.0689968,827.4881615,3.190574557
2022-01-30,15294.09,-0.401047698,0.58518228,-56.00458387,530.5535392,3.875800486
2022-01-31,15262.93,0.182641801,-0.011799168,-32.49023738,718.3683389,-2.405243504
2022-02-01,15292.08,-0.247163797,0.713967611,-23.69223151,956.5543935,3.494115879
2022-02-02,15350.37,-0.108018887,0.092309182,94.5869625,895.6424145,-3.052062164
2022-02-03,15316.2,0.145934185,-0.176698406,-98.87334432,652.7187511,-0.866577359
2022-02-04,15326.25,-0.063512651,-0.784352652,97.1332046,962.4027396,0.582596312
2022-02-05,15349.36,-0.249453941,-0.213172847,96.09232702,664.8232484,2.138909631
2022-02-06,15382.53,-0.165553813,0.467872909,99.23015811,536.2577482,-4.698586823
2022-02-07,15377.5,-0.158451883,0.842572823,-4.682364216,997.0279784,-2.094905872
2022-02-08,15435.8,0.459323905,-0.496641192,92.76179392,935.0112636,1.085190982
2022-02-09,15528.25,0.298613016,-0.289528965,-20.88016363,732.9663917,-1.426313209
2022-02-10,15515.19,-0.041451229,-0.692078012,-94.74111187,833.1882621,2.750250556
2022-02-11,15545.34,-0.30017908,0.381445788,-55.13056273,835.6140389,1.516521612
2022-02-12,15450.87,0.31101611,0.92037686,89.05924899,597.2411154,-2.655985463
2022-02-13,15456.9,-0.342817528,0.28190444,-97.24706133,600.0243166,-3.540710204
2022-02-14,15441.83,-0.289537783,0.23415306,9.198827085,734.7903517,1.290469936
2022-02-15,15495.09,-0.133986608,0.106979861,-84.87968222,955.7865701,-0.495326723
2022-02-16,15440.82,0.380348196,-0.823088519,-42.72068431,504.9968874,-3.310429589
2022-02-17,15448.86,-0.368213331,0.459007653,-82.38142986,891.252818,-1.736257947
2022-02-18,15425.75,-0.377765807,0.204099087,71.90572422,528.7633919,-1.969532517
2022-02-19,15264.94,-0.006025012,0.322953538,18.21414193,739.1110574,-3.918680277
2022-02-20,15249.87,-0.223589459,0.797622186,80.42129314,818.9364165,0.469090193
2022-02-21,15163.44,0.068727942,0.567921574,37.67063991,843.3796335,2.636486339
2022-02-22,15169.47,-0.048363315,0.561830504,94.20582625,529.2396318,0.754668889
2022-02-23,15137.31,-0.065040894,0.854367538,1.975530952,709.3018087,3.262913649
2022-02-24,15051.89,-0.38802703,0.979869903,27.74211635,791.9186303,-3.724314528
2022-02-25,15064.95,-0.35895031,0.162565464,15.26176398,533.0227687,-0.643881422
2022-02-26,14987.57,0.321078577,-0.782236768,-3.147914111,567.5472783,1.094151037
2022-02-27,15007.67,0.385882738,-0.081740184,69.19187308,831.8244948,1.760015609
2022-02-28,15017.72,-0.265316467,0.575202293,28.90502713,760.8190983,1.957863064
2022-03-01,14979.52,-0.386539498,-0.94454935,60.26245297,580.9143306,2.289654271
2022-03-02,14962.44,-0.446583328,-0.886225123,57.27278732,767.6196685,1.514298122
2022-03-03,14940.33,0.108297614,-0.865684435,-61.79096787,956.3461867,-4.057719111
2022-03-04,14865.96,0.215353213,0.462071517,30.0327065,507.7937924,1.953056776
2022-03-05,14739.33,-0.127190011,0.002333257,-60.07039616,821.3168867,2.247826568
2022-03-06,14846.86,0.179675867,-0.262204113,16.66409565,536.8252173,4.934799343
2022-03-07,14929.27,0.212958816,-0.788765909,35.48693689,503.2247215,1.933624367
2022-03-08,14956.41,0.435342281,0.4644805,99.44701432,575.3272443,1.868303958
2022-03-09,14824.75,-0.435126362,-0.357960379,-93.89160437,711.4533159,0.148132902
2022-03-10,14734.31,-0.307708277,-0.46935186,-81.75152118,901.1719995,3.679229086
2022-03-11,14776.51,-0.431474012,0.304638403,-84.59466073,640.8927483,4.96834762
2022-03-12,14779.53,0.367993933,0.118021785,-20.32774275,812.8366062,2.790448702
2022-03-13,14705.16,0.29258716,-0.275178716,64.3176723,705.578319,1.125003779
2022-03-14,14747.37,0.074642071,0.282974942,68.81126656,617.165896,-4.210451731
2022-03-15,14782.55,-0.41633659,-0.457556959,47.39591914,757.1235571,2.267391317
2022-03-16,14830.78,-0.226687641,0.589660523,79.37564837,898.7322452,2.085615686
2022-03-17,14819.73,-0.202280152,-0.541362099,-35.42801117,916.246185,2.755681478
2022-03-18,14795.61,0.060743196,-0.682324609,-82.36907115,923.2597659,-3.754446116
2022-03-19,14825.76,-0.241956106,0.564878819,-88.3693944,669.2789063,1.537325001
2022-03-20,14886.06,-0.427040136,0.415784061,70.42654392,896.7280324,-2.04276095
2022-03-21,14884.05,0.230762302,-0.634722049,46.08725887,606.0892276,2.602712434
2022-03-22,14949.38,-0.200919788,-0.767508495,39.7230612,869.2125506,-2.59626046
2022-03-23,15010.68,-0.047625823,0.676798177,-32.06473229,974.1922131,1.839786768
2022-03-24,14971.49,-0.372333365,0.553196964,-24.01896228,506.8719173,-2.05007053
2022-03-25,14952.39,0.302548303,-0.345485253,91.62270578,720.1819656,-4.910057072
2022-03-26,14979.52,0.065531877,0.316394816,-87.23905118,823.8854942,1.33357912
2022-03-27,15026.76,0.401585626,-0.751679627,54.74634739,850.8878852,-3.867309168
2022-03-28,15033.8,-0.004528437,0.014095318,-38.07333526,588.0438791,1.592914728
2022-03-29,15047.86,0.441425672,-0.962539416,-92.18907632,986.0916376,4.256094484
2022-03-30,15043.84,0.391868204,-0.216796238,48.51402215,807.632684,4.692459342
2022-03-31,15078.01,0.076459856,-0.850314357,-33.81762286,582.1703006,-2.640769127
2022-04-01,14962.44,0.433893438,-0.04970564,44.42950375,510.2612559,3.092532277
2022-04-02,14913.19,-0.176911253,-0.156636706,41.53087662,891.6320994,-1.464467231
2022-04-03,14949.38,-0.134357837,-0.111229947,6.957375087,539.8523697,4.004570727
2022-04-04,14977.51,-0.454522049,-0.909337396,55.47462584,570.5254605,2.874895686
2022-04-05,14927.26,0.089200907,-0.276767317,16.20766483,787.4150134,-4.260782834
2022-04-06,14948.37,0.22192397,0.512967698,-42.67262943,801.7527517,-0.928630061
2022-04-07,14942.34,0.27351919,-0.262171253,46.82306021,843.4435593,-1.62682174
2022-04-08,14969.48,-0.350183714,0.430343905,17.82796318,696.7570063,2.851810207
2022-04-09,15017.72,-0.055840928,-0.261042553,-97.45454366,886.9493345,-0.897142893
2022-04-10,15019.73,-0.323136788,-0.153521117,80.32883555,987.1792998,1.845883977
2022-04-11,15068.97,0.162127349,0.127784226,9.128723665,635.5474715,1.024352556
2022-04-12,15115.2,-0.342053628,0.901363874,73.7254531,851.5143083,4.756387191
2022-04-13,15056.91,0.404163684,-0.782279107,76.5473678,964.2343262,4.377849568
2022-04-14,14992.59,-0.269365354,-0.934172463,-11.00666865,843.1433813,-0.723004853
2022-04-15,15072.99,-0.208597734,0.215914368,1.53199929,840.5547493,2.235782116
2022-04-16,15101.13,0.350906322,0.898194178,-16.84912246,611.8862845,3.29460094
2022-04-17,15075,-0.04153239,0.979446265,-10.11264494,767.5651002,3.988857539
2022-04-18,15109.17,-0.476004054,-0.031671505,79.02943179,781.2614218,-4.318657362
2022-04-19,15093.09,-0.005413749,-0.063836758,57.62880279,850.0647812,-1.979212007
2022-04-20,15088.07,-0.415456665,0.289927541,-74.69486474,998.4107249,-1.79769959
2022-04-21,15137.31,0.485344719,0.111269514,22.06155631,516.8219113,-0.655540488
2022-04-22,15211.68,0.08811157,0.268176115,99.18132808,532.6163306,-3.307352493
2022-04-23,15267.96,-0.243467382,0.747998851,19.11014025,538.9750347,-0.0379412
2022-04-24,15237.81,0.06371768,0.492612339,57.17432512,871.4895672,1.632143273
2022-04-25,15159.42,-0.423132897,-0.006245217,53.81229468,568.1768976,-0.026360798
2022-04-26,15052.89,0.299891304,-0.076271082,-29.93649483,811.2259372,1.657930952
2022-04-27,15019.73,0.425328054,0.279203497,-25.63013946,662.3344389,-4.335583682
2022-04-28,15082.03,0.374444388,-0.088587431,44.81528436,728.6599781,3.759873317
2022-04-29,15068.97,-0.158242398,-0.084441297,-0.003293679,607.8315799,4.390691921
2022-04-30,15065.95,-0.17423188,-0.967388196,14.11414183,933.0532807,1.179074241
2022-05-01,15101.13,-0.464912389,-0.651871725,42.58115807,793.0751621,3.813909986
2022-05-02,15103.14,0.151400359,-0.02297272,55.51500541,972.2816318,-3.685539834
2022-05-03,15082.03,0.034904784,0.645306918,-45.69668445,787.2981249,2.974489201
2022-05-04,15107.16,-0.040653629,-0.442545987,-70.64124811,561.9540153,-3.808518065
2022-05-05,15078.01,0.407630953,0.045286866,-41.64107066,585.4352169,-0.919897685
2022-05-06,15158.42,-0.332121099,-0.31007583,1.507665018,994.5369882,-1.761814654
2022-05-07,15167.46,-0.490333733,-0.790392021,-31.57173654,862.7825987,0.855918252
2022-05-08,15192.58,-0.426683548,0.916596966,13.67255177,524.639375,-1.984854648
2022-05-09,15246.85,-0.276628562,0.709347741,-89.30685517,851.8905025,1.373136297
2022-05-10,15273.99,-0.466714451,-0.843015151,1.950082323,706.0865234,-1.326127108
2022-05-11,15243.84,0.002843711,0.439574525,-26.40301861,653.6041934,3.60790381
2022-05-12,15253.89,-0.185909545,-0.304840191,6.933350979,577.0303969,1.338838402
2022-05-13,15305.15,-0.319516992,0.989699614,-15.49332902,919.9519773,-2.847017027
2022-05-14,15282.03,0.250084075,-0.39520296,-43.15482987,531.9206895,-1.63870578
2022-05-15,15280.02,-0.295548674,-0.522523109,80.82158109,644.9177312,3.474208876
2022-05-16,15301.13,0.187605101,0.135781097,-63.04700232,653.1914469,-1.1352025
2022-05-17,15399.61,-0.150735094,0.670252327,36.27311512,580.452642,0.357990656
2022-05-18,15422.73,0.011827761,-0.614962256,84.92894252,754.0924416,1.48941936
2022-05-19,15384.54,0.43386704,0.418805539,7.733991937,505.8513134,-1.521903504
2022-05-20,15384.54,-0.462648365,-0.877186834,75.28169772,650.4877577,-2.060213692
2022-05-21,15405.65,0.000264507,0.837869486,-75.02970431,966.814722,-0.247450974
2022-05-22,15402.63,0.35442296,-0.837850168,-1.242245949,655.2647847,-2.851190279
2022-05-23,15395.59,0.087974248,0.828462753,-8.594943904,680.2296936,-2.157894131
2022-05-24,15329.26,-0.223129483,-0.018385501,-98.37623859,736.5825241,-4.37921516
2022-05-25,15373.49,-0.102318865,-0.103817774,-11.34853173,780.8466874,-1.96029724
2022-05-26,15370.47,0.180265629,0.946614159,-26.19404872,904.3543224,-1.792959066
2022-05-27,15339.32,0.390811894,0.980768355,33.95974555,595.1606116,4.618331663
2022-05-28,15315.19,-0.458933626,0.300356252,87.66595572,935.8731886,0.897288255
2022-05-29,15313.18,-0.428461178,-0.745761416,-82.84178235,878.7746786,2.873824254
2022-05-30,15328.26,-0.174948476,0.012340171,-34.50472266,861.3251673,-4.546227472
2022-05-31,15323.24,-0.267220316,0.058326202,-11.18705252,543.4022869,-3.934633064
2022-06-01,15336.3,-0.235069114,0.028892856,-8.962924393,510.820345,3.145369609
2022-06-02,15383.53,-0.278730001,0.138983677,54.96194417,797.0063505,1.235495494
2022-06-03,15410.67,-0.304174951,-0.962550572,-11.32086683,931.5669813,-3.090179695
2022-06-04,15417.7,-0.369376033,0.422454563,-94.56773971,792.2207321,-0.952045941
2022-06-05,15428.76,0.433954132,0.424788604,42.02081892,606.6174327,0.386725
2022-06-06,15420.72,-0.355810536,-0.76906045,76.96593903,545.259949,3.436098291
2022-06-07,15443.83,-0.295596225,0.140478885,2.78094251,849.7982264,-4.395880083
2022-06-08,15433.78,-0.253734276,0.136722365,16.22170434,860.8851387,0.967222894
2022-06-09,15443.83,0.433014873,0.36490084,-67.41271221,586.2658503,2.170359216
2022-06-10,15449.86,0.255714134,-0.829204616,-55.87081106,514.0951577,4.778918579
2022-06-11,15457.91,0.28969943,0.253006615,-52.96595218,704.1417566,3.071600783
2022-06-12,15472.98,-0.39524174,-0.438496099,-13.85160502,791.3593511,-2.237726864
2022-06-13,15473.99,0.336309875,0.014005981,85.62904418,853.0012048,2.095791939
2022-06-14,15459.92,-0.091806918,0.546647105,4.356953343,904.9725046,2.632778849
2022-06-15,15476,-0.237176974,0.411291873,-61.58047096,805.2687137,2.297354999
2022-06-16,15541.32,0.075750084,-0.762193965,-46.78245283,555.4403043,3.20144068
2022-06-17,15603.63,0.322182906,0.182369574,-23.19699405,841.2908361,4.037299762
2022-06-18,15564.43,0.278652151,0.938233062,24.65179514,992.0883214,-4.01570131
2022-06-19,15596.59,0.389997483,-0.686461125,-11.9933694,952.7922923,-3.952361423
2022-06-20,15678,0.428132186,0.705814175,-21.51103116,935.8344546,2.963999888
2022-06-21,15714.18,-0.261877929,0.405096161,12.94572008,651.0850767,-2.476275235
2022-06-22,15679,-0.076142106,0.548006626,-51.63300101,875.3940882,-4.41458578
2022-06-23,15706.14,-0.485371461,-0.436083346,-84.21934548,925.551723,-0.98770819
2022-06-24,15753.38,0.379321659,-0.424222141,-95.11713704,839.1631023,3.198769118
2022-06-25,15786.54,-0.345427849,0.812038912,-49.74816731,625.2808783,-3.734349762
2022-06-26,15788.55,0.361474812,-0.280335936,-81.68159317,976.9169859,1.718419718
2022-06-27,15780.51,-0.170612678,-0.873969219,-32.7318723,725.4097057,-4.963841382
2022-06-28,15787.55,-0.13186641,0.201193407,54.58670807,564.9027793,-3.902625528
2022-06-29,15794.58,-0.460867746,-0.750364662,43.2588661,554.8889475,-1.491496542
2022-06-30,15796.59,-0.17312121,0.593192483,22.18552456,823.7594936,-4.16397719
2022-07-01,15809.66,0.388363683,0.283492885,70.50004878,718.8548232,3.459016674
2022-07-02,15917.19,-0.474452599,0.74945301,-43.58647509,547.2419376,3.640705031
2022-07-03,15935.28,-0.093672527,0.5696745,77.01075061,870.1822861,2.555707031
2022-07-04,16022.72,-0.46860037,-0.775772703,-20.15216607,899.6625836,-2.575203686
2022-07-05,15948.34,-0.129076575,-0.237858647,-19.82133635,862.7078154,0.232470752
2022-07-06,15950.35,-0.327359359,0.5491205,-18.92967727,601.1304388,-3.158114745
2022-07-07,16012.67,-0.247781607,-0.165317053,-80.38112675,844.887728,-2.187215499
2022-07-08,16020.7,0.377598373,0.94473097,95.09809967,505.3614014,0.160052922
2022-07-09,15995.58,-0.063950779,0.4714809,-72.29864443,652.5560698,2.350138085
2022-07-10,15976.49,-0.226202009,-0.969000167,-31.82285511,699.4107657,-4.053456196
2022-07-11,16025.73,0.089338378,0.759971383,-36.13993593,917.6234744,-2.033033024
2022-07-12,15940.31,-0.35789304,-0.79839043,-85.06411344,695.1971865,4.266213486
2022-07-13,15849.85,-0.240608393,-0.718952552,-69.54797398,505.6347231,-0.708766822
2022-07-14,15627.75,0.046247968,0.468984801,-91.02833276,676.1732059,4.388696739
2022-07-15,15670.97,-0.262476958,0.729937119,-41.51910129,749.4620492,4.914005416
2022-07-16,15707.15,0.179127737,0.072699256,73.33138481,974.5023933,0.266598261
2022-07-17,15727.25,-0.008508698,-0.421900534,-32.11155885,970.5171519,-2.119559902
2022-07-18,15771.47,0.27198907,-0.297368909,-75.26163359,590.4370191,2.907768086
2022-07-19,15791.57,0.448244536,-0.314221341,29.13877368,592.5732709,-3.406892645
2022-07-20,15777.5,-0.384195111,-0.346643792,99.32018241,581.6907282,-2.479531403
2022-07-21,15580.51,-0.16533499,-0.514180656,-53.53524209,894.4609662,2.848799095
2022-07-22,15672.98,-0.180450937,0.217734189,-44.08579893,503.0110202,-0.663540753
2022-07-23,15581.52,-0.348817081,0.800810637,94.36941086,563.5885991,-2.98462063
2022-07-24,15496.09,0.310303137,-0.385835174,-64.24474249,768.9798158,1.51125745
2022-07-25,15513.18,0.259878704,-0.626611405,2.242813492,623.7810334,2.327618614
2022-07-26,15661.92,-0.015574529,0.677155333,-52.0695734,546.1782291,-3.749287605
2022-07-27,15670.97,0.037770778,0.483566662,86.47037958,679.9390062,-2.2301974
2022-07-28,15664.93,-0.440455862,0.861674063,96.30420292,637.1038025,-2.787232446
2022-07-29,15604.64,0.055507352,-0.668960529,62.93956922,755.5521533,-1.201453712
2022-07-30,15527.25,0.291341524,-0.711497372,-37.04323684,989.6167969,2.634448956
2022-07-31,15460.92,0.073827574,0.082858789,-19.30250494,562.1523184,2.137081023
2022-08-01,15561.42,-0.23469363,0.22886731,-51.53886327,686.3633524,1.625239104
2022-08-02,15601.62,0.167548272,-0.039653116,78.1515934,965.9925089,-4.937144541
2022-08-03,15523.23,-0.13851157,0.197933273,82.91165554,938.4365217,-3.578566866
2022-08-04,15581.52,0.044873284,-0.639240462,-16.22586755,697.1355174,-2.767024509
2022-08-05,15581.52,-0.012434637,-0.040772492,31.30661398,849.4766323,-2.28044154
2022-08-06,15613.68,-0.118824999,0.316185122,-66.88936405,543.9285068,-3.535734584
2022-08-07,15577.5,0.21887798,-0.134587102,-13.01281993,856.2705278,-0.896844485
2022-08-08,15692.07,0.383876112,0.358894672,26.29982133,986.4288647,-4.24819415
2022-08-09,15709.16,-0.494787482,-0.097617439,-22.9193763,768.7440764,2.500221904
2022-08-10,15707.15,0.433616519,-0.332800838,-28.48009486,749.2451135,2.877207873
2022-08-11,15570.47,0.011515136,-0.392789906,-99.80020155,593.6593099,0.742666896
2022-08-12,15580.51,0.20073188,-0.178195882,60.85869276,816.8940995,-4.10295123
2022-08-13,15593.58,0.355624566,-0.953820755,77.8675224,795.2186404,3.900831695
2022-08-14,15583.53,-0.032896308,0.337050277,93.89270591,825.9665297,4.656358287
2022-08-15,15589.56,0.334974073,0.690211282,43.85427701,513.0416433,-2.976364397
2022-08-16,15610.67,-0.322380181,-0.290745811,9.758462474,774.3617442,2.046398194
2022-08-17,15566.44,-0.340832466,-0.907933728,-46.14309604,797.4674217,3.419386306
2022-08-18,15491.07,0.157471369,0.973551195,99.85989519,603.7650677,0.398435225
2022-08-19,15493.08,0.370143006,-0.472603489,17.95057091,604.1664287,-1.766769005
2022-08-20,15516.19,0.392426178,-0.746757757,36.23081447,638.1090843,-0.214412849
2022-08-21,15550.36,0.143740458,-0.260494984,36.48123239,855.8607959,0.122687508
2022-08-22,15572.48,0.02548923,0.477114081,69.05035915,803.1330318,-0.993629558
2022-08-23,15602.63,-0.168606912,-0.412166806,-98.06549223,922.8813231,4.298424936
2022-08-24,15595.59,0.480000416,0.149406408,-55.95061191,647.8292859,2.438831109
2022-08-25,15599.61,-0.180304313,-0.168880011,33.10680003,956.0340299,-2.586983577
2022-08-26,15595.59,0.244186107,-0.764472015,79.02914736,871.853081,0.855571873
2022-08-27,15645.84,0.0319818,-0.339425975,37.06775638,697.505835,1.886891509
2022-08-28,15635.79,0.108512343,0.449741011,-17.3017417,547.6310328,-3.598435783
2022-08-29,15636.8,-0.106519449,0.224007795,-27.68890083,628.4918312,-1.415742576
2022-08-30,15632.77,0.464823125,-0.76044324,47.58960166,978.3841086,4.055482816
2022-08-31,15669.96,0.071682326,-0.673355181,48.24753943,655.1816879,0.671731002
2022-09-01,15717.19,0.43778763,0.281466719,21.4115985,664.9504801,-2.830022539
2022-09-02,15708.15,-0.492408584,0.626830829,-41.70659518,594.7944655,-3.772152019
2022-09-03,15706.14,0.072670583,-0.301051008,85.03096368,903.4253006,0.182268935
2022-09-04,15705.14,0.21718689,0.190621504,10.37598842,637.8221151,0.47685723
2022-09-05,15734.28,0.245080171,-0.658712822,58.09847125,665.1291242,-1.655855486
2022-09-06,15797.59,0.404976882,-0.377247326,-57.13834757,707.1740542,1.304160284
2022-09-07,15845.83,-0.495598391,-0.959459589,-31.19184228,716.8641399,-4.313153138
2022-09-08,15908.15,-0.499669841,0.536551896,74.91590328,705.6703952,-3.548603067
2022-09-09,15904.13,-0.027736539,-0.19798036,-89.97859401,751.8718477,0.46273821
2022-09-10,15874.98,-0.470706295,0.632251147,2.463062251,907.2564398,-4.381843062
2022-09-11,15882.01,0.474532554,0.416745992,-3.658904031,909.6425204,3.80908765
2022-09-12,15853.88,-0.277934825,0.657488531,50.24603778,899.1565669,-3.578536295
2022-09-13,15766.44,-0.027335271,-0.428682661,-43.62124588,550.5624196,1.739198741
2022-09-14,15783.52,-0.43886237,-0.629782539,-56.18663563,899.8394016,-1.087965583
2022-09-15,15812.67,0.022048416,0.943811365,85.22656775,560.1258867,-1.002122525
2022-09-16,15763.42,-0.120043875,0.434655574,14.34193039,562.361885,2.648895286
2022-09-17,15690.06,-0.455339971,0.668084536,-79.06208634,973.9313858,-0.005378658
2022-09-18,15662.92,-0.164875733,-0.973733253,-61.39276756,909.6989224,2.256554636
2022-09-19,15684.03,-0.10856398,-0.291076759,99.7652119,776.2052334,0.051912288
2022-09-20,15732.27,0.489921491,0.485633381,-60.87820075,937.4851022,0.929053414
2022-09-21,15708.15,-0.292114128,-0.844034334,22.09510227,994.6823213,2.607146279
2022-09-22,15737.3,0.044779615,0.134679859,-15.9743842,805.3210333,1.073087429
2022-09-23,15736.29,0.487315549,-0.141854465,77.11981897,806.4492185,1.156151094
2022-09-24,15708.15,0.292019208,-0.964766986,51.03371846,877.2135146,2.892195914
2022-09-25,15666.94,0.493367501,-0.528048846,19.39027925,616.0694762,4.490868158
2022-09-26,15713.17,0.468298315,-0.430416022,-97.85220364,583.5624308,-1.232838461
2022-09-27,15733.27,-0.010460458,-0.776280107,75.9590415,879.790375,0.771171572
2022-09-28,15751.36,0.19637585,0.263073819,-11.06650583,672.4523975,-4.137268423
2022-09-29,15793.58,-0.389556873,-0.515204247,86.3155306,567.5351782,-1.411961194
2022-09-30,15774.48,-0.058851175,-0.444761001,-0.892197429,657.438863,-0.879507741
2022-10-01,15801.61,0.309018542,0.796477196,38.84489784,679.3184339,3.352373168
2022-10-02,15834.78,0.005335321,-0.065753815,-86.14147011,982.6138298,0.133924021
2022-10-03,15801.61,0.202699033,-0.215743706,49.03033071,848.9798555,2.310663733
2022-10-04,15736.29,0.24575133,0.447742077,-32.40079374,765.4281587,-4.809926
2022-10-05,15681.01,-0.246530859,0.819227594,-29.72819713,984.4365693,-0.355073304
2022-10-06,15653.88,0.375699373,-0.949927328,-76.26883106,951.5698702,4.013176652
2022-10-07,15659.91,-0.040177569,-0.103522307,-70.62857027,756.0004283,-2.756860907
2022-10-08,15702.12,-0.289814896,0.221562712,-62.84818876,952.8398177,-4.684778147
2022-10-09,15750.36,0.365415882,-0.362873804,-34.35876629,702.152329,-0.665912663
2022-10-10,15790.56,-0.082181194,0.544815444,78.39398256,615.2103327,2.044318206
2022-10-11,15805.64,0.250312438,0.942954141,-26.34795235,616.3390884,-0.455364932
2022-10-12,15740.31,0.048033072,0.886854733,44.87254131,831.1577622,-0.400216865
2022-10-13,15851.86,-0.118128248,-0.468034921,-83.45049922,750.5351604,1.698050412
2022-10-14,15873.98,0.309876415,-0.547323443,18.21975985,829.4754235,-2.456111917
2022-10-15,15875.99,0.084469932,0.914981062,-3.621753746,843.0379821,2.518897916
2022-10-16,15932.26,-0.109437898,-0.082743025,95.59158939,511.1614364,-3.468864691
2022-10-17,15952.36,-0.39040213,-0.583404554,69.24155398,527.0197962,-1.042493947
2022-10-18,15988.55,0.395445314,0.413993927,-9.034045512,766.3388633,1.560081085
2022-10-19,16013.67,-0.464530415,-0.431159352,55.02855281,595.5177389,3.283690072
2022-10-20,16002.61,0.363187348,-0.46550605,-61.39225174,816.2668844,2.915310712
2022-10-21,15986.53,-0.140038475,0.758498086,12.46726548,776.0928696,2.216855993
2022-10-22,15952.36,0.139338764,-0.675041693,-85.07618889,792.8801792,-1.409036165
2022-10-23,16256.88,0.422199724,-0.871214107,-30.38219355,651.2276899,-3.776956837
2022-10-24,16321.2,-0.348293384,-0.46162712,-54.82756368,819.9217531,-2.831657823
2022-10-25,16257.89,0.066950476,0.213890826,43.78196307,914.7463182,3.648338146
2022-10-26,16361.4,0.264432862,-0.753824293,-1.981861757,999.0356268,3.573313701
2022-10-27,16305.12,0.257583833,-0.056810655,50.21409577,919.2221931,4.515608525
2022-10-28,16325.22,0.025631915,0.254674221,3.059087526,778.7493798,-4.240113481
2022-10-29,16241.81,0.12473946,0.697473985,-82.70311157,596.7147958,0.368090853
2022-10-30,16289.04,0.257526994,-0.540260818,47.07352995,840.7229381,1.486830449
2022-10-31,16303.11,0.341027638,0.634692647,66.6458528,968.8268928,2.106573771
2022-11-01,16330.25,0.261813097,-0.530187478,80.70624518,605.9332699,1.43863235
2022-11-02,16357.38,-0.145995057,0.353533082,14.39838906,627.9978103,2.700113899
2022-11-03,16283.01,0.496726401,-0.138652857,50.7170718,574.5042717,-1.405284237
2022-11-04,16174.47,-0.065497306,-0.770637515,50.40886738,868.3608218,-3.205672279
2022-11-05,16105.13,-0.475535297,0.428526926,-68.85004804,703.2807517,-2.954166278
2022-11-06,16134.27,-0.137383048,-0.564474763,-67.15586251,531.3478194,-4.880213105
2022-11-07,16161.41,-0.372217045,-0.646753148,-85.82289884,937.4749957,-1.496781279
2022-11-08,16165.42,-0.378557384,-0.283354143,-36.01727297,778.8359524,-4.082559491
2022-11-09,16211.66,-0.21846496,0.30658049,-5.298282452,665.547146,-1.785113072
2022-11-10,16150.35,-0.446624506,-0.532007042,99.57957055,671.991488,1.282100772
2022-11-11,16023.72,0.188512188,-0.632676922,-13.80133159,645.1256101,3.944780556
2022-11-12,16057.89,-0.426011116,-0.980092749,45.2485177,727.7400862,3.39605451
2022-11-13,16059.9,-0.296710445,-0.056713806,38.67940525,668.5208442,-2.47325788
2022-11-14,16104.12,-0.407100286,-0.142708861,-59.10360995,773.973152,-3.659168578
2022-11-15,16074.98,-0.436832269,-0.532264513,-88.29856971,886.7586261,-3.069277262
2022-11-16,16144.32,-0.232248334,-0.892695672,9.201350307,837.2306417,4.709866519
2022-11-17,16175.48,0.071898968,-0.141488251,40.06111846,647.2284464,0.494744797
2022-11-18,16240.8,0.464685556,0.576410222,99.65035804,764.3705058,-3.17497777
2022-11-19,16334.26,0.375556654,0.430564263,-28.27778954,920.06308,3.407461547
2022-11-20,16332.25,0.375933925,0.72158978,79.27291242,534.1031174,-1.048087557
2022-11-21,16306.13,-0.323932964,-0.980834625,-23.61350883,539.1486335,3.99222152
2022-11-22,16301.1,-0.235092807,0.932838634,37.88234169,778.085034,-2.393228732
2022-11-23,16363.41,-0.423606683,-0.317175495,19.6505861,819.5575642,-1.067782412
2022-11-24,16360.4,0.27846834,0.980795592,-89.40424134,605.7065079,0.049477628
2022-11-25,16299.09,-0.430183699,-0.494761079,-84.32231461,872.6100633,3.926153341
2022-11-26,16371.45,0.056695671,-0.056927225,-95.84718206,823.1316885,3.687574316
2022-11-27,16376.48,-0.252124428,-0.292144647,-25.83318308,961.6446341,0.743550703
2022-11-28,16378.49,-0.256554366,-0.28847857,49.16020975,584.4771009,-2.782244902
2022-11-29,16367.43,0.490725055,0.684564197,-65.4489212,875.6871327,-0.966430283
2022-11-30,16455.87,0.256779807,0.492837879,21.17059368,541.8215453,4.756330654
2022-12-01,16449.84,0.336939358,0.98430287,-42.23444399,782.6462048,1.077732239
2022-12-02,16502.1,0.071982685,0.227029365,59.3985248,775.9475697,2.810977551
2022-12-03,16540.29,0.371014287,-0.073486791,59.6792298,694.1925223,-0.501353046
2022-12-04,16513.15,0.145490539,-0.819852274,55.08290299,922.2855738,0.320072755
2022-12-05,16460.9,0.446173705,0.993122839,4.96670276,502.1853224,-0.710458878
2022-12-06,16517.17,-0.218661414,0.103061306,-43.08665798,760.0897009,2.029209981
2022-12-07,16503.1,0.095319546,0.400954939,61.88880878,608.5767749,3.514710139
2022-12-08,16475.97,0.190131348,-0.186515226,-62.77988761,871.7493096,0.073635432
2022-12-09,16436.78,-0.107062695,0.095431416,-42.04807959,521.5337132,-0.191325414
2022-12-10,16465.92,0.379707982,0.885155464,-63.21045877,915.7773441,-1.597135329
2022-12-11,16468.94,0.479803163,-0.667161124,34.84203208,919.0461134,-3.229033057
2022-12-12,16422.71,-0.006230509,-0.415254831,37.24720562,916.4330062,4.392477229
2022-12-13,16393.56,-0.109359345,-0.695880544,30.50199856,576.2842634,-1.839202813
2022-12-14,16346.33,-0.028062071,0.584431808,-16.87970663,815.2032593,3.006914636
2022-12-15,16362.41,0.352736746,-0.875909479,-79.96579856,507.1836796,2.153470213
2022-12-16,16337.28,0.145468426,-0.8367367,82.2339169,923.9812956,2.909176003
2022-12-17,16281,-0.455227627,-0.403011774,1.546192802,861.4875968,4.367681334
2022-12-18,16234.77,0.04216991,0.028376362,-18.60556102,765.5768654,1.233707602
2022-12-19,16254.87,-0.482699877,-0.187450399,17.76497865,865.2957165,3.979503434
2022-12-20,16284.01,0.278535371,-0.910367379,-61.44191284,547.1620483,-3.323026771
2022-12-21,16209.65,-0.171687726,0.914983116,-73.49024418,764.3279161,1.26712576
2022-12-22,16240.8,-0.027992518,0.905739041,-18.89495571,645.6382459,2.722756129
2022-12-23,16280,0.190131348,-0.186515226,-62.77988761,871.7493096,0.073635432
2022-12-24,16309.14,-0.107062695,0.095431416,-42.04807959,521.5337132,-0.191325414
2022-12-25,16285.02,0.379707982,0.885155464,-63.21045877,915.7773441,-1.597135329
2022-12-26,16305.12,0.479803163,-0.667161124,34.84203208,919.0461134,-3.229033057
2022-12-27,16349.34,-0.006230509,-0.415254831,37.24720562,916.4330062,4.392477229
2022-12-28,16375.47,-0.109359345,-0.695880544,30.50199856,576.2842634,-1.839202813
2022-12-29,16367.43,-0.028062071,0.584431808,-16.87970663,815.2032593,3.006914636
2022-12-30,16401.6,0.352736746,-0.875909479,-79.96579856,507.1836796,2.153470213
