date,exchange_rate,cpi,industrial_prod,gdp,is_holiday
2022-01-01,13680.99343,5.097922628,104.5173434,96.8037513,0
2022-01-02,13684.2086,4.510813611,102.5775641,101.1653021,0
2022-01-03,13690.26558,5.204126378,104.8382845,104.5304816,0
2022-01-04,13696.50124,4.148708198,103.7836692,97.99631744,0
2022-01-05,13697.47169,5.514577819,104.5501951,101.3427273,1
2022-01-06,13701.95634,5.236298741,107.1130281,99.87979546,0
2022-01-07,13710.0674,5.128014867,109.4983524,102.2957233,0
2022-01-08,13712.92789,5.491345492,107.1685476,101.7221267,0
2022-01-09,13714.93777,5.832737222,104.2060353,100.6403819,0
2022-01-10,13721.44512,5.507185033,107.7034868,103.1382164,0
2022-01-11,13723.91599,4.079562884,109.421856,106.0098251,0
2022-01-12,13728.39369,4.360211517,106.0211193,102.2574687,0
2022-01-13,13734.29083,4.687590711,107.1824731,104.3163794,0
2022-01-14,13734.46149,5.013045525,107.687387,100.5272947,0
2022-01-15,13739.3187,5.25882951,106.2933495,101.4372846,0
2022-01-16,13746.12374,4.637128093,109.3624269,104.5305765,0
2022-01-17,13749.70167,5.093383382,108.0242271,106.7888429,0
2022-01-18,13756.83403,4.622308534,109.3029372,104.7658752,1
2022-01-19,13758.86684,4.694241099,106.8840831,103.6617118,0
2022-01-20,13762.33472,4.296669452,107.9767479,104.5186828,0
2022-01-21,13772.56612,4.538383377,110.4863829,102.2506008,0
2022-01-22,13773.65775,4.324157697,108.4832256,106.190759,0
2022-01-23,13778.71779,4.512063374,112.8673659,106.9756542,1
2022-01-24,13780.20556,5.526820898,108.795946,104.5349672,0
2022-01-25,13786.43748,4.525300556,110.2235625,104.7260759,0
2022-01-26,13792.21808,6.316191032,111.815505,106.4237345,0
2022-01-27,13794.16299,5.24665895,107.2868403,105.2431152,0
2022-01-28,13801.68383,5.092418062,106.7722841,106.2075784,0
2022-01-29,13804.19728,4.57082111,107.4099649,110.7612427,0
2022-01-30,13809.27992,5.35015494,113.1508329,106.2883241,0
2022-01-31,13813.12322,4.712181087,109.6833133,106.2848473,0
2022-02-01,13822.49304,5.061004907,116.0617384,105.9241271,0
2022-02-02,13823.22183,6.280042269,109.9720687,108.9237645,0
2022-02-03,13825.59218,4.95197005,111.6217743,107.2875448,0
2022-02-04,13833.80988,5.574636663,114.4858537,106.5642591,0
2022-02-05,13834.17864,4.648411787,115.559608,110.7169819,0
2022-02-06,13841.49191,4.982505755,115.813017,111.1232625,0
2022-02-07,13841.60696,5.885400318,114.2461032,107.2911643,0
2022-02-08,13847.32029,4.686516471,114.0136054,104.9651172,0
2022-02-09,13854.81893,5.906224279,113.2833687,110.9176,1
2022-02-10,13860.34883,5.353875968,113.7845739,107.7358381,0
2022-02-11,13863.65944,4.718766612,111.2516985,110.8869837,0
2022-02-12,13867.52829,5.31620387,110.8405512,105.5642302,0
2022-02-13,13871.59828,5.486277225,112.5897211,111.4863697,0
2022-02-14,13873.68235,5.310904981,112.372246,107.4735621,0
2022-02-15,13879.63656,4.21488764,111.9189118,111.5501215,0
2022-02-16,13884.58975,4.636431412,114.3274876,110.307746,0
2022-02-17,13892.05793,4.876240682,114.9512457,108.5598108,0
2022-02-18,13895.06143,4.962783285,113.3199363,109.8399543,0
2022-02-19,13895.27643,5.310336049,116.1972228,112.2108137,0
2022-02-20,13903.87678,5.0888505,111.0543668,111.2318938,0
2022-02-21,13906.88229,4.332327821,113.0425412,112.3686034,0
2022-02-22,13910.72016,5.190098926,112.0848552,115.3300427,0
2022-02-23,13917.71659,5.305292873,109.8705837,108.4237416,0
2022-02-24,13922.97212,5.279895224,113.5199645,114.9593608,0
2022-02-25,13927.18718,5.540390363,113.5200068,112.1039749,0
2022-02-26,13928.05827,5.416961077,116.8650811,110.2656088,0
2022-02-27,13933.52792,5.22959004,115.1709864,109.5680203,0
2022-02-28,13939.21604,4.964917144,111.9286716,112.0134055,0
2022-03-01,13944.90927,4.169519533,117.7494136,114.3954453,0
2022-03-02,13946.40197,5.21480911,116.5439817,112.4550184,0
2022-03-03,13951.38859,5.103843844,115.3233009,115.8878441,0
2022-03-04,13953.94425,5.135789419,113.7598378,110.1160209,0
2022-03-05,13958.15891,4.361625712,112.3441427,113.1444277,0
2022-03-06,13966.56815,4.45947173,113.5653437,110.8114231,0
2022-03-07,13972.0447,5.526576427,116.5305192,114.1884258,0
2022-03-08,13973.57464,4.980222423,118.1619968,115.3772137,0
2022-03-09,13980.10948,5.340750349,117.515661,112.9014952,0
2022-03-10,13983.20672,5.014159188,113.4843838,108.6714528,0
2022-03-11,13985.5715,5.01487807,112.2523278,114.4119002,0
2022-03-12,13991.96007,5.469141903,114.7994001,115.0188466,0
2022-03-13,13998.68611,4.741977636,111.0034138,115.082548,0
2022-03-14,13999.90835,5.048060388,115.2059088,116.8713176,0
2022-03-15,,4.768862356,114.2802823,112.3806292,0
2022-03-16,,4.782751886,113.6559802,116.0033246,0
2022-03-17,,4.845413938,111.4078841,117.1452204,0
2022-03-18,,5.111066886,115.6304195,111.3174859,0
2022-03-19,,4.760625689,113.5404605,115.6255495,0
2022-03-20,,5.627878063,112.2654086,114.0865873,0
2022-03-21,14026.51505,4.552696349,108.8568591,115.0377071,0
2022-03-22,14034.39792,4.906564178,114.5392815,115.9990042,0
2022-03-23,14039.89564,4.780134471,118.1285554,114.429176,0
2022-03-24,14046.47842,5.723488942,117.8931523,114.1492726,0
2022-03-25,14046.82439,5.098277388,113.6398923,115.6631146,0
2022-03-26,14050.57929,5.51592227,113.3300107,113.5114967,0
2022-03-27,14055.52516,4.257219813,115.4492635,113.6025681,0
2022-03-28,14062.68893,5.133525133,112.4891862,117.2182399,0
2022-03-29,14065.84211,5.444815398,115.060778,113.6442204,0
2022-03-30,14068.44861,5.041141995,115.9576209,117.3537849,0
2022-03-31,14074.85522,5.532740188,116.8446571,117.0227268,0
2022-04-01,14078.34042,4.741355775,114.1529131,112.7193458,0
2022-04-02,14084.39817,5.70467372,113.9054418,114.8862741,0
2022-04-03,14085.36842,6.149449062,112.5135677,118.697095,0
2022-04-04,14090.42587,4.81858072,112.5697306,114.411047,0
2022-04-05,14094.60268,4.777248739,113.7217467,115.5061016,0
2022-04-06,14096.7626,5.726692239,114.8579446,117.4175962,0
2022-04-07,14104.58164,5.789786073,115.8962299,118.1158551,0
2022-04-08,14108.80832,4.738569986,112.4059307,116.098635,1
2022-04-09,14112.59029,4.789906591,116.9383184,115.456375,0
2022-04-10,14116.40179,4.859107696,113.3488163,119.5428672,0
2022-04-11,14118.32818,4.327774744,113.7839663,120.2197149,0
2022-04-12,14124.60266,4.540674027,112.2654766,118.7404831,0
2022-04-13,14129.04061,4.497929617,108.8422276,116.9913263,0
2022-04-14,14132.40066,4.616101217,115.3872643,115.2391624,0
2022-04-15,14137.95891,4.982657556,115.0190331,115.2268994,0
2022-04-16,14143.36295,5.117107366,112.9066181,117.9620124,0
2022-04-17,14150.5977,5.775250246,113.5249893,117.7800898,0
2022-04-18,14151.44208,4.50082298,114.3424791,119.7699255,0
2022-04-19,14155.87277,5.492161199,110.1030121,118.2882027,0
2022-04-20,14159.47068,4.893005578,112.0854647,113.9988696,0
2022-04-21,14160.04109,4.975268145,114.6455825,119.1238217,0
2022-04-22,14168.08186,5.337409746,110.4600283,115.035886,1
2022-04-23,14172.5088,4.438638989,113.4654031,116.2733468,0
2022-04-24,14181.5655,5.191204873,110.0729852,117.5481909,1
2022-04-25,14180.5022,5.083226104,113.6251083,121.0428639,0
2022-04-26,14185.73518,5.246225632,112.5253594,123.2723612,0
2022-04-27,14189.3051,5.144584322,109.269125,118.2642422,0
2022-04-28,14191.27691,6.22765007,114.7300238,116.6799724,0
2022-04-29,14200.13697,4.681130008,110.8309871,118.1082658,0
2022-04-30,14203.58959,4.734501522,110.5778185,118.8047961,0
2022-05-01,14207.89956,4.688429737,112.4962024,116.3757459,0
2022-05-02,14208.72787,4.72226144,114.2877269,120.5924889,0
2022-05-03,14217.57881,4.681306436,109.8529051,117.4446068,0
2022-05-04,14216.19352,5.594508266,111.9007743,117.9597901,0
2022-05-05,14224.39241,5.710252124,112.5267443,118.2734572,0
2022-05-06,14231.81858,4.714626853,112.9459118,117.7595797,0
2022-05-07,14229.67308,4.583822213,111.8021281,118.5666064,0
2022-05-08,14234.7356,5.235707778,110.6037514,115.6240874,0
2022-05-09,14240.27912,4.723888478,109.5702693,115.7094377,0
2022-05-10,14243.28209,5.316465909,111.2845241,114.5907891,0
2022-05-11,14245.39458,5.10146151,108.8539526,117.6327961,0
2022-05-12,14252.83757,4.242127943,105.0407954,118.272034,0
2022-05-13,14254.77808,5.773752601,111.6412173,117.5877774,0
2022-05-14,14262.04985,5.897938837,112.4599687,119.9770234,0
2022-05-15,14263.46156,4.693605655,105.8097001,116.5704231,0
2022-05-16,14272.59583,4.80614922,108.3990989,117.870479,0
2022-05-17,14272.12284,5.142932695,111.5394585,114.2988131,0
2022-05-18,14277.23649,5.167228395,114.29839,115.6551089,0
2022-05-19,14283.69682,5.329272136,110.1069602,117.7653875,0
2022-05-20,14283.79518,6.005102269,108.4911305,118.0154669,0
2022-05-21,14290.89693,4.911526386,109.4629624,115.6702639,0
2022-05-22,14297.23942,4.600851378,112.4600477,116.0539566,0
2022-05-23,14295.59136,4.310340386,108.2998923,113.0984257,0
2022-05-24,14303.35488,4.63453498,107.8750141,115.3552327,0
2022-05-25,14307.68281,4.983436514,108.3896056,117.783315,0
2022-05-26,14312.9023,5.897278932,107.3303124,117.084396,0
2022-05-27,14313.03858,4.74119435,109.364435,116.8649751,0
2022-05-28,14317.04365,5.111893976,112.2508891,115.8911106,0
2022-05-29,14324.89884,4.991788552,109.5305068,115.7319127,0
2022-05-30,14328.61767,5.594196637,108.2629005,114.3217131,0
2022-05-31,14332.69181,6.263466213,108.0677522,116.9629699,0
2022-06-01,14337.04928,4.734565614,105.4093332,116.3286486,0
2022-06-02,14339.16037,4.755280279,110.1869116,116.3906057,0
2022-06-03,14345.14749,5.522080439,108.1506963,114.2728835,0
2022-06-04,14349.43024,5.340945745,107.8318549,110.935217,1
2022-06-05,14351.57512,5.923353663,114.4663032,117.3517675,0
2022-06-06,14360.89376,5.291964093,108.5657599,114.1140014,0
2022-06-07,14362.26696,4.820353955,106.3537937,113.25904,0
2022-06-08,14363.09252,5.295327415,106.8948009,116.2832117,0
2022-06-09,14370.94286,5.55435179,109.9356288,114.0226847,0
2022-06-10,14371.83386,5.410241091,107.7576426,116.8358796,0
2022-06-11,14379.50975,5.253637016,104.548115,115.8582037,0
2022-06-12,14384.40406,5.533337345,109.1579639,115.8984512,0
2022-06-13,14384.59578,5.584647795,105.8793798,111.7055056,0
2022-06-14,14392.3132,5.691079496,110.8598126,116.7664415,0
2022-06-15,14395.3604,5.324354944,109.1723093,114.7692717,0
2022-06-16,14400.32647,4.91644096,106.0180717,113.4115628,0
2022-06-17,14406.62263,5.073356843,109.3768158,114.3394191,0
2022-06-18,14406.48419,5.603254483,106.854185,110.4019245,0
2022-06-19,14409.6127,4.591532165,108.3293934,114.672731,0
2022-06-20,14413.48567,5.184336654,107.500422,111.6970399,0
2022-06-21,14417.77698,4.803330594,104.747148,110.9501771,0
2022-06-22,14423.39773,5.014372411,105.0635173,110.5099614,0
2022-06-23,14428.37705,5.639225931,108.3232001,115.6786964,0
2022-06-24,14432.39047,5.095549534,105.5083497,112.092961,0
2022-06-25,14437.63337,5.023218274,105.2872396,116.3166902,0
2022-06-26,14440.14655,4.32007193,104.102995,112.0750084,0
2022-06-27,14447.16884,5.373126783,106.7812618,109.6289525,0
2022-06-28,14447.87342,5.322742091,109.9821087,110.7074081,0
2022-06-29,14457.98381,6.081627362,103.6472107,115.3086513,0
2022-06-30,14457.93538,4.846110883,105.7582059,112.4216364,0
2022-07-01,14459.11019,5.109575164,108.4640206,111.5331476,0
2022-07-02,14462.82312,5.124691842,105.41248,112.8459841,0
2022-07-03,14470.07023,5.78872664,106.4111079,113.4257258,0
2022-07-04,14472.79878,4.952352234,103.3186441,114.553209,0
2022-07-05,14478.81422,5.139510763,106.2396236,115.1117505,0
2022-07-06,14482.47335,5.303948255,104.9508555,111.3916962,0
2022-07-07,14485.52206,5.093304562,107.2413393,109.3558115,0
2022-07-08,14488.11521,4.776783193,107.5920308,111.077893,0
2022-07-09,14490.92049,5.097044996,110.3464518,112.3225948,0
2022-07-10,14497.19888,5.536815875,106.2793846,109.7720714,1
2022-07-11,14503.94683,4.48674235,105.727273,109.6832386,0
2022-07-12,14506.80478,5.066484837,105.4228192,112.1835139,0
2022-07-13,14508.02818,4.649939593,104.2889347,111.2975281,0
2022-07-14,14515.00964,5.597523314,105.6363358,111.359869,0
2022-07-15,14519.57812,4.238406548,104.3355869,109.6773242,0
2022-07-16,14521.18463,4.720539076,105.2332895,110.6342012,0
2022-07-17,14527.40535,5.188605938,107.5045311,109.1479217,0
2022-07-18,14531.36062,5.782762015,102.8322437,112.6789176,0
2022-07-19,14533.10536,4.967124869,107.1041353,112.8719491,0
2022-07-20,14540.25482,4.722400237,107.4407456,107.0128503,0
2022-07-21,14544.80966,5.940578535,104.5556339,108.750875,0
2022-07-22,14550.00397,4.27599305,100.536464,107.5224527,0
2022-07-23,14554.09625,3.900597022,103.556108,109.1220699,0
2022-07-24,14553.38513,5.220007225,107.3605217,110.1628887,0
2022-07-25,14558.41772,4.748972888,104.7188052,107.3392092,0
2022-07-26,14565.47748,4.489383591,102.7671986,108.3046506,0
2022-07-27,14569.63021,5.354178224,103.7607913,108.0515089,0
2022-07-28,14573.78918,5.121900357,106.4594181,110.3862412,0
2022-07-29,14584.62228,4.717960685,105.8828023,110.0239542,0
2022-07-30,14582.21765,4.359847801,104.3259682,108.3566715,0
2022-07-31,14587.50742,5.436228664,104.08804,110.0700371,0
2022-08-01,14591.30612,5.325100589,104.0594058,108.540697,0
2022-08-02,14594.86419,4.950412068,103.0227285,109.0098667,0
2022-08-03,14597.09566,5.923318498,108.1263358,112.820703,0
2022-08-04,14603.41048,4.464957617,104.2824021,112.0768892,0
2022-08-05,14604.51482,4.237237415,107.3962547,106.7205626,0
2022-08-06,14609.75639,4.654045965,108.0429122,110.9045806,0
2022-08-07,14613.43054,4.977206992,107.0387028,110.794975,0
2022-08-08,14618.73796,5.121669725,104.224109,106.8044387,0
2022-08-09,14627.37825,4.879381971,105.9435543,110.669063,0
2022-08-10,14623.19091,5.176027698,105.1399303,112.0397139,1
2022-08-11,14632.47631,4.374230288,103.4366338,106.6529432,1
2022-08-12,14632.0586,5.721882302,105.9519652,106.9990903,0
2022-08-13,14638.52232,4.958924411,103.0078726,110.8074017,0
2022-08-14,14645.82819,5.558647916,107.8075149,109.2550108,0
2022-08-15,14647.96496,5.171362673,104.5726247,109.7569109,0
2022-08-16,14649.86905,5.22837661,105.9773807,109.2791093,0
2022-08-17,14654.78415,5.28488364,106.2183366,109.3253667,0
2022-08-18,14661.76627,5.22385428,105.2141447,105.8391825,0
2022-08-19,14663.14081,5.32136138,106.9890264,110.5370576,0
2022-08-20,14669.23111,5.664576265,104.9530007,110.7340765,0
2022-08-21,14673.08819,5.098260585,107.7360505,107.8908025,1
2022-08-22,14675.89495,5.354501879,103.3956152,108.2195648,0
2022-08-23,14685.68942,4.955132153,106.4379144,105.2035186,0
2022-08-24,14686.87507,5.720058608,110.1640456,109.2557708,0
2022-08-25,14685.76499,4.661803849,104.3899978,109.3352486,0
2022-08-26,14694.3986,5.900470216,105.1430713,108.0329997,0
2022-08-27,14696.91495,4.979921025,107.6376918,110.3747427,0
2022-08-28,14704.15865,4.284612449,107.0837536,107.4289715,0
2022-08-29,14705.08646,5.064052207,107.5439473,109.1998926,0
2022-08-30,14710.66225,4.659474171,107.9425241,106.0073999,0
2022-08-31,14716.12443,5.420321774,108.3584027,107.9781927,0
2022-09-01,14721.07126,4.67368801,109.4364969,107.6577041,0
2022-09-02,14721.16701,4.776908283,108.1681786,108.4407174,0
2022-09-03,14727.12906,4.055229635,107.0007548,107.2373351,0
2022-09-04,14731.08125,4.77384684,108.9664079,107.7023541,0
2022-09-05,14734.96021,3.788060337,111.562252,109.6089506,0
2022-09-06,14744.03618,4.208048588,107.6416601,107.0775542,0
2022-09-07,14745.55632,5.380207328,106.1054937,104.7348466,0
2022-09-08,14746.46839,5.392900079,110.4194961,111.4467996,0
2022-09-09,14755.07241,5.212728781,108.1184837,110.7129043,0
2022-09-10,14761.73029,4.516511928,104.1709172,105.3705882,0
2022-09-11,14763.80297,4.976144322,110.371178,109.3424185,0
2022-09-12,14762.95415,4.99819873,107.7687927,106.9677327,0
2022-09-13,14769.28208,4.420817655,108.8244999,108.5141432,0
2022-09-14,14777.04485,5.751699151,109.8386133,108.591927,0
2022-09-15,14777.359,5.438681145,109.727672,107.5538122,0
2022-09-16,14783.92815,4.889517913,110.9404937,106.4770994,0
2022-09-17,14788.85882,5.013442919,108.828395,106.688419,0
2022-09-18,14789.72762,5.104191404,110.9061791,106.2648684,1
2022-09-19,14795.73724,3.979132566,109.5442568,106.4642516,0
2022-09-20,14793.65147,4.876411309,111.7270965,108.0270872,0
2022-09-21,14802.36587,4.659007876,111.6690375,106.766386,0
2022-09-22,14808.19306,4.499189995,108.7589115,109.6013962,0
2022-09-23,14810.48912,4.859449854,112.9958561,111.2541032,0
2022-09-24,14820.53894,5.898843263,109.9486405,107.1647637,0
2022-09-25,14818.70621,5.320421431,112.8358863,108.8518857,0
2022-09-26,14824.98173,4.714410505,112.1560306,109.423607,0
2022-09-27,14830.42159,5.286291391,115.3019441,109.4223599,0
2022-09-28,14837.34391,5.699677718,111.3851536,108.6873475,0
2022-09-29,14835.89386,5.462316841,111.3423006,110.0808496,0
2022-09-30,14845.3991,5.029815185,112.2132343,109.6229994,0
2022-10-01,14847.40339,4.676531611,111.859094,106.2491639,0
2022-10-02,14849.73304,5.349111657,114.2809077,110.5317594,0
2022-10-03,14856.93636,5.196742693,109.6661116,110.6399587,0
2022-10-04,14860.72934,5.44759661,111.0111635,107.4137047,0
2022-10-05,14863.45283,5.317585901,111.2047517,109.0940208,0
2022-10-06,14869.11787,5.524776358,115.4647818,110.4656368,1
2022-10-07,14872.5356,4.732382394,117.2111282,108.7641469,0
2022-10-08,14877.86419,5.658697033,113.8086085,111.4154837,0
2022-10-09,14883.29529,5.098799802,113.909284,114.0869776,0
2022-10-10,14889.47988,6.037630436,114.6182111,107.8799113,0
2022-10-11,14888.17198,4.655406091,117.0347446,106.7853835,0
2022-10-12,14899.25637,5.867981902,113.0908072,110.2536298,0
2022-10-13,14895.43174,5.098955392,115.6583633,111.1905592,0
2022-10-14,14903.38086,4.674290998,117.3696602,109.3900549,0
2022-10-15,14909.21249,4.758057083,116.6605613,112.8655637,0
2022-10-16,14912.95216,4.839826346,116.2780532,107.3919752,0
2022-10-17,14915.50197,5.212082973,118.1428477,111.568046,0
2022-10-18,14920.69118,5.261417744,110.9774447,109.0863732,0
2022-10-19,14924.48433,4.713149998,117.9840406,113.855587,0
2022-10-20,14928.65734,4.987822704,115.5656847,114.5234334,0
2022-10-21,14935.90384,6.071135179,113.4592199,109.1294806,0
2022-10-22,14939.29003,5.863771585,118.3905818,109.6908736,0
2022-10-23,14941.56433,5.218161835,120.3641632,112.6391432,0
2022-10-24,14949.12626,5.019001739,117.591534,110.2784529,0
2022-10-25,14952.32133,5.060015663,120.0226173,111.0973869,0
2022-10-26,14957.71485,5.306758986,121.5926505,111.3772096,0
2022-10-27,14961.73348,4.488603717,121.2498733,107.6280175,0
2022-10-28,14963.20402,4.871311731,122.1525844,111.5833055,0
2022-10-29,14968.1321,4.165707963,120.6101173,110.3778065,0
2022-10-30,14975.14014,5.199611561,119.5304681,110.9199383,0
2022-10-31,14979.262,5.32359797,116.4298744,114.9449867,0
2022-11-01,14982.39776,4.758406769,119.396288,109.6988399,0
2022-11-02,14987.07509,5.786993382,118.4568634,113.9949619,0
2022-11-03,14993.79917,4.387117168,124.7404571,111.9698642,0
2022-11-04,14994.46662,4.26781256,120.3022212,112.130022,0
2022-11-05,15001.15236,5.112225909,121.1559644,114.4345244,0
2022-11-06,15004.06465,5.523549151,122.2681628,113.7005791,0
2022-11-07,15008.44697,5.841963846,121.5080441,114.3308268,0
2022-11-08,15015.49558,4.770557869,125.0665328,115.2974931,0
2022-11-09,15019.36692,5.539340417,120.6866026,112.872398,0
2022-11-10,15023.7635,4.980745765,122.5764003,112.4867689,0
2022-11-11,15029.17014,4.91368635,120.9572766,111.7194738,0
2022-11-12,15031.02617,5.441829969,120.0568882,112.4197582,0
2022-11-13,15036.77528,5.326161439,121.7277283,120.1518114,0
2022-11-14,15039.22026,4.211803922,123.131079,116.9282296,0
2022-11-15,15044.92071,5.738270175,122.5999224,111.9241397,0
2022-11-16,15048.44582,5.690045677,122.3264824,112.1709252,0
2022-11-17,15053.33592,4.687218649,121.150846,115.9712247,0
2022-11-18,15058.77012,5.197901767,124.0487209,116.2957359,0
2022-11-19,15060.38327,5.247015093,121.4561732,116.4947128,0
2022-11-20,15070.64639,5.130336883,126.2355747,115.0847596,0
2022-11-21,15068.89342,4.724847423,125.1292946,115.5434376,0
2022-11-22,15072.92284,4.664188316,122.2973049,116.6516901,0
2022-11-23,15082.11506,4.987222965,124.8409602,116.3711724,0
2022-11-24,15085.83162,5.58636451,124.2009512,111.9660713,0
2022-11-25,15089.94778,5.271800077,126.5883519,116.1521482,0
2022-11-26,15094.40922,4.814692834,128.8744341,115.1177586,0
2022-11-27,15097.58274,5.385849355,122.685449,117.3815252,0
2022-11-28,15100.26909,3.57572869,126.9067764,123.2138161,0
2022-11-29,15106.6732,5.57438285,126.5959981,118.1920791,0
2022-11-30,15109.62683,4.130143111,128.4970328,117.0454531,0
2022-12-01,15117.3925,4.818779529,127.817325,119.7330474,0
2022-12-02,15119.61073,4.440165053,126.1220034,119.0732434,0
2022-12-03,15122.7179,4.352659262,127.2212176,119.1679264,0
2022-12-04,15128.19156,5.580413394,126.4989727,119.7627102,0
2022-12-05,15134.12699,4.766149399,130.4729959,122.8847242,0
2022-12-06,15136.64179,5.173251941,128.591764,116.7337987,0
2022-12-07,15140.59417,4.976539711,132.5778271,120.1680428,0
2022-12-08,15147.19658,5.238520414,128.8785201,117.5944373,1
2022-12-09,15151.6709,5.038410946,127.8054605,120.7858168,0
2022-12-10,15154.63996,4.358503888,126.41526,118.0661342,1
2022-12-11,15159.18574,5.49813341,126.0547535,119.2985655,1
2022-12-12,15165.0669,4.753121708,126.7089821,119.7739395,0
2022-12-13,15166.1826,4.221709051,130.6255536,122.547553,0
2022-12-14,15170.74075,4.78594242,131.3205711,122.6655603,0
2022-12-15,15176.59657,5.750379895,127.3502847,118.5708314,0
2022-12-16,15182.08518,5.425110871,132.5099627,121.4065828,0
2022-12-17,15187.6133,4.825673933,129.9586104,120.1127878,0
2022-12-18,15194.42233,4.825371148,131.4207437,119.2509055,0
2022-12-19,15197.66776,4.839182474,134.551556,121.5705344,0
2022-12-20,15200.11402,6.038373992,133.3182364,121.6248914,0
2022-12-21,15204.87791,5.190967726,131.1823804,127.3331635,0
2022-12-22,15207.39346,5.215020824,130.1293378,123.5840587,0
2022-12-23,15213.84456,5.515141727,127.7977253,120.201797,0
2022-12-24,15217.78777,5.11939458,130.8499944,122.0668107,0
2022-12-25,15223.4944,4.870478927,132.0502551,125.4788351,0
2022-12-26,15225.67871,4.901825075,130.6796002,127.8529961,0
2022-12-27,15232.85636,4.96419937,132.5700787,120.7444672,0
2022-12-28,15239.36787,4.981388882,133.1620809,120.3971386,0
2022-12-29,15240.56977,5.363814772,132.7315633,128.1396505,0
2022-12-30,15246.07575,5.025972943,132.0512453,125.4178092,0
2022-12-31,15251.13772,5.366320039,133.8555767,123.142933,0
2023-01-01,15253.44013,4.95964171,134.5661727,126.1897398,0
2023-01-02,15259.17586,5.039317595,131.6624912,120.0899237,0
2023-01-03,15263.23789,4.000899658,136.8230935,125.6090309,1
2023-01-04,15267.89296,5.458163837,133.958902,126.498655,0
2023-01-05,15270.63631,5.173244238,134.3455072,127.9321065,0
2023-01-06,15276.71585,5.499005055,135.8728173,124.2960976,0
2023-01-07,15282.14703,3.551872311,135.0682242,126.7353058,0
2023-01-08,15288.5372,6.044187352,136.6502647,124.9527921,0
2023-01-09,15292.03696,4.930205186,135.4572096,127.5537355,0
2023-01-10,15298.90784,5.554091408,133.793802,125.4911683,0
2023-01-11,15297.54936,4.480047036,135.8741214,126.7040678,1
2023-01-12,15305.31074,5.306386953,132.9927994,125.7665123,0
2023-01-13,15308.41424,4.473292218,135.6231874,129.297704,0
2023-01-14,15316.90799,4.68811552,135.4620827,129.9489869,0
2023-01-15,15315.39192,5.957015677,135.2314235,127.9988114,0
2023-01-16,15319.80848,4.9046588,135.5063188,128.7797614,0
2023-01-17,15324.76776,5.108716437,132.1120379,126.0405511,0
2023-01-18,15326.19653,5.435033865,134.8872186,128.5719953,0
2023-01-19,15333.86972,5.247840944,136.2758668,129.3036712,0
2023-01-20,15337.87893,5.075209453,136.5119616,134.8774668,0
2023-01-21,15344.17298,5.182480501,134.2355219,127.6427668,0
2023-01-22,15349.02966,6.201707793,138.9174522,133.0248472,0
2023-01-23,15356.57138,4.971190601,134.7453829,132.318926,0
2023-01-24,15359.19165,5.100549523,138.5048666,131.1140732,0
2023-01-25,15360.60758,5.525327198,137.5050773,134.2964623,0
2023-01-26,15364.43393,5.552762966,135.4394815,131.7486353,0
2023-01-27,15371.68271,5.593515153,140.3603121,132.0066814,0
2023-01-28,15372.5252,5.319365111,134.4966743,131.3447496,0
2023-01-29,15383.29403,4.428497544,138.7930154,134.1194003,0
2023-01-30,15386.45403,5.816715766,139.0231315,134.0850709,0
2023-01-31,15387.61939,4.426827303,135.7444874,130.859201,0
2023-02-01,15389.59258,5.151317733,139.9309223,129.6889931,0
2023-02-02,15400.18616,4.622862075,136.7026683,132.1369229,0
2023-02-03,15401.70732,4.967930827,137.8334281,131.1566248,0
2023-02-04,15408.8684,5.164381205,137.8264794,132.8418485,0
2023-02-05,15407.65861,5.160678608,137.0835349,135.6543048,0
2023-02-06,15414.10171,5.210960377,139.0166152,132.4736492,0
2023-02-07,15419.76219,5.806855635,139.0213611,133.5096812,0
2023-02-08,15424.29512,5.226767151,133.9732535,133.9166591,0
2023-02-09,15427.74866,4.877921682,140.1114921,135.7009307,0
2023-02-10,15434.34024,5.482043584,134.2068947,129.7118752,0
2023-02-11,15435.40315,5.594735244,139.6226248,133.1919282,0
2023-02-12,15441.69552,4.386196092,139.8331983,135.0256223,0
2023-02-13,15446.66078,5.298700035,135.4167287,137.1989516,0
2023-02-14,15451.88695,5.350586371,136.7925419,134.0087025,0
2023-02-15,15456.71713,4.851218248,135.4149241,131.4310535,0
2023-02-16,15457.47834,5.687853407,137.2053279,136.6131345,0
2023-02-17,15461.09098,4.924972206,137.0246326,134.2904048,0
2023-02-18,15471.14398,5.062788227,139.2022702,133.3670442,0
2023-02-19,15473.68047,4.913464088,140.2625544,134.6807299,1
2023-02-20,15475.94384,5.007789524,140.4290565,135.7411745,0
2023-02-21,15484.96582,4.451862457,136.5058946,135.0792683,0
2023-02-22,15486.51526,4.279974559,137.201145,132.0538532,0
2023-02-23,15493.06057,5.797252532,134.2389146,138.4330086,0
2023-02-24,15495.25271,4.576519326,135.9771259,139.3601493,0
2023-02-25,15503.65246,4.504303825,139.4985472,138.2825675,0
2023-02-26,15507.45251,3.923304943,140.7769213,134.8708481,0
2023-02-27,15507.85231,4.680519126,135.0509355,136.9074746,0
2023-02-28,15514.6993,4.338455103,136.3055814,137.4591673,0
2023-03-01,15518.45032,5.82100758,137.4056083,138.8290372,0
2023-03-02,15524.2977,5.504908545,137.9837205,139.1248273,0
2023-03-03,15524.02889,4.655924827,135.7662743,136.4739297,0
2023-03-04,15531.72655,6.126217903,138.1928285,138.2578072,0
2023-03-05,15536.86439,5.490882743,136.3534331,139.1572987,0
2023-03-06,15535.62051,4.837584308,137.2258321,141.3006637,0
2023-03-07,15541.15926,3.750297143,138.2981898,139.9416493,0
2023-03-08,15543.83241,6.145471286,137.1666514,140.2516807,0
2023-03-09,15551.75446,4.305213767,136.2265637,138.979444,0
2023-03-10,15558.10802,4.177300627,136.8230306,141.7682041,0
2023-03-11,15564.05457,5.511285216,136.8058692,139.8995582,0
2023-03-12,15565.57219,6.219876203,136.1803929,137.4878364,0
2023-03-13,15573.0526,5.692136409,136.3381634,142.1439461,0
2023-03-14,15571.40373,5.28195456,139.9859578,140.8574038,0
2023-03-15,15575.12291,5.297377171,137.8410252,138.6970808,0
2023-03-16,15582.78148,5.426707779,136.0564116,138.7429192,0
2023-03-17,15588.02076,5.379464295,137.9671793,140.4109424,0
2023-03-18,15591.54444,5.140595712,135.829292,140.8571828,0
2023-03-19,15591.82926,5.052100552,138.7646537,140.4355422,0
2023-03-20,15600.13732,4.968703436,137.0770266,140.7708297,0
2023-03-21,15602.05515,4.623017706,136.0403924,143.6524806,0
2023-03-22,15610.34905,4.859662462,137.0656546,142.4970937,0
2023-03-23,15614.08559,4.153521593,132.9417157,140.8337984,0
2023-03-24,15615.81239,4.950830187,133.741258,142.4307378,0
2023-03-25,15621.00124,4.505704446,133.5164006,138.5757196,0
2023-03-26,15624.24442,4.448205341,136.0977827,141.5263265,0
2023-03-27,15630.56841,5.089947076,139.1828171,144.4358382,0
2023-03-28,15636.93202,5.696001143,140.0845795,140.4649294,0
2023-03-29,15637.37529,5.459158303,136.8006327,139.2865871,0
2023-03-30,15644.67687,4.214749698,136.427188,139.7555453,0
2023-03-31,15646.92733,4.505185932,131.7228279,138.9553569,0
2023-04-01,15650.7182,5.470385594,134.1375752,139.6370289,0
2023-04-02,15656.40301,4.508756303,133.5439294,140.534495,0
2023-04-03,15658.85675,4.887683425,133.7730309,138.5303644,0
2023-04-04,15664.12712,5.27502605,134.5723832,141.4357519,0
2023-04-05,15667.14288,4.515827773,133.8572111,143.2691174,0
2023-04-06,15677.76934,5.052687753,130.7343524,139.7061322,0
2023-04-07,15678.2087,4.332987253,136.0792324,144.6143311,0
2023-04-08,15681.03406,4.699316178,132.3273483,142.6485074,0
2023-04-09,15687.15384,5.159890967,134.8397758,143.736291,0
2023-04-10,15690.79066,4.203503133,138.3969834,140.40472,0
2023-04-11,15694.85986,5.220237369,132.2967365,143.4717583,0
2023-04-12,15700.81369,4.990181101,128.9608336,139.6182262,1
2023-04-13,15705.38101,5.276244977,133.3345823,143.6190512,0
2023-04-14,15707.08271,5.111957067,135.9930355,142.2157827,0
2023-04-15,15711.26689,5.682070215,137.5917445,143.0092502,0
2023-04-16,15716.14034,5.062612251,131.0993561,139.5793096,0
2023-04-17,15716.35564,4.785297229,134.4347966,140.1652296,0
2023-04-18,15722.19528,5.061148752,132.3933224,143.1718286,0
2023-04-19,15732.22273,5.271649015,132.994259,140.0998252,0
2023-04-20,15737.03939,5.024430035,138.3767872,142.9392439,0
2023-04-21,15737.50904,5.020295846,129.9639026,139.2920421,0
2023-04-22,15743.41508,4.649004156,133.3589284,143.7333455,0
2023-04-23,15747.13652,4.668549541,133.6683699,139.5798398,0
2023-04-24,15756.92107,4.298697364,134.7860848,143.1546037,0
2023-04-25,15757.24899,5.874788372,132.6920665,143.3036301,1
2023-04-26,15758.99781,4.378068382,132.9939144,140.6584556,0
2023-04-27,15761.58365,4.653547401,131.4764196,143.2129704,0
2023-04-28,15764.52024,4.640796367,132.6801297,142.5640283,0
2023-04-29,15772.37578,5.447462188,131.3379713,140.957017,1
2023-04-30,15774.68924,4.852525161,133.1503657,140.0065017,0
2023-05-01,15777.58789,5.623871036,131.0513184,138.0846471,0
2023-05-02,15783.36711,4.663254688,132.4285728,142.6928875,0
2023-05-03,15786.72244,5.139497081,131.5002599,138.8450975,0
2023-05-04,15796.48256,4.582326473,133.6959445,142.1439598,0
2023-05-05,15799.09178,6.072574564,131.2268242,141.4024228,0
2023-05-06,15801.53028,4.40620079,127.6700875,143.2611596,0
2023-05-07,15808.72137,5.154910355,133.6273732,141.2698731,0
2023-05-08,15810.12904,5.31688844,129.1803435,141.1837227,0
2023-05-09,15812.46216,5.206899549,129.5735168,143.2726077,0
2023-05-10,15821.43901,4.907356171,129.5799943,142.4428547,0
2023-05-11,15823.67628,4.93508965,133.4115491,142.3665783,0
2023-05-12,15824.72736,5.021905736,126.2838311,142.6320165,0
2023-05-13,15830.62228,4.926498999,136.7243953,138.5792717,0
2023-05-14,15833.45057,5.481939558,132.4560039,143.1186809,0
2023-05-15,15836.63286,6.105261501,130.6866943,142.7825154,0
2023-05-16,15845.44528,4.721254107,130.028149,139.474507,0
2023-05-17,15851.60408,4.31509851,130.6082199,140.9678641,0
2023-05-18,15849.17832,4.955858976,130.9800448,141.3234545,0
2023-05-19,15857.28954,6.289854669,131.1304915,141.0770481,0
2023-05-20,15859.04842,4.598162716,130.85516,141.9556998,0
2023-05-21,15863.55957,5.819558403,129.8286913,144.0906548,0
2023-05-22,15867.53118,5.838850407,129.162177,143.3294375,0
2023-05-23,15871.16822,4.723205879,129.1634327,138.4775288,0
2023-05-24,15877.1716,5.28449154,128.9871455,142.2802899,0
2023-05-25,15879.58917,5.814198312,131.5573975,143.6263589,0
2023-05-26,15885.9667,4.81043613,130.3918329,141.6726517,0
2023-05-27,15889.49826,4.89820982,123.2408251,143.009779,1
2023-05-28,15893.29208,4.709159543,130.3523607,144.7794251,0
2023-05-29,15896.12441,4.492621635,129.3511144,142.7276941,0
2023-05-30,15900.95392,4.675361227,128.8474852,141.1026501,0
2023-05-31,15907.78458,4.388029867,128.0333552,142.6163781,0
2023-06-01,15911.44043,5.017041734,130.9863857,140.7365988,0
2023-06-02,15912.64677,4.615013384,130.5633093,140.4137489,0
2023-06-03,15918.96238,5.116892956,127.0549736,139.5807762,0
2023-06-04,15924.42691,4.222052177,129.3497302,143.3266801,0
2023-06-05,15923.74437,5.165440116,126.5296797,138.4778771,0
2023-06-06,15932.32763,5.416764481,125.6536412,143.0930289,0
2023-06-07,15934.07212,4.003132179,127.1018893,140.9403046,0
2023-06-08,15940.69379,5.187028285,130.0251628,137.0530174,0
2023-06-09,15942.18011,5.613834496,130.1543274,140.4967989,0
2023-06-10,15944.24977,4.395179491,129.224641,135.4701823,0
2023-06-11,15948.75627,5.836286193,129.6017875,140.8288982,0
2023-06-12,15956.2583,5.209509505,129.1398515,141.2549518,0
2023-06-13,15960.83136,4.647494072,126.7832435,138.2053913,0
2023-06-14,15962.65212,4.972115461,128.8916146,139.5418693,0
2023-06-15,15969.88589,5.279163456,129.59304,143.1068645,0
2023-06-16,15969.43276,5.038002696,129.4681802,138.0899858,0
2023-06-17,15976.76994,5.269377996,130.3077612,136.8857968,0
2023-06-18,15978.62563,4.539663203,129.319874,141.8683242,0
2023-06-19,15983.88884,5.084680412,128.5825227,142.7308595,0
2023-06-20,15989.43152,4.293142752,129.9993472,138.7131163,0
2023-06-21,15991.75951,4.944386969,127.7885163,140.6280932,0
2023-06-22,15996.85429,4.548046179,126.0634433,141.1870137,0
2023-06-23,16003.77856,4.632235029,127.4898433,136.9174911,0
2023-06-24,16004.75431,5.618046588,126.3181353,137.3297991,0
2023-06-25,16011.7212,5.54565506,126.4527529,140.6597152,0
2023-06-26,16011.93178,5.30456906,127.5124723,141.4652052,0
2023-06-27,16019.39189,4.453843618,126.2183257,139.1178548,0
2023-06-28,16025.35627,4.841795775,127.1921775,136.1291378,0
2023-06-29,16021.67049,5.60654885,124.0291078,141.7593702,0
2023-06-30,16029.1605,5.070858457,128.2544838,136.6196469,0
2023-07-01,16036.04886,6.15966477,127.845209,136.9075642,0
2023-07-02,16038.629,5.19665892,126.2268839,138.158728,0
2023-07-03,16043.91778,5.096024558,129.2011945,140.4785986,0
2023-07-04,16046.10798,4.845441768,129.7828809,138.9745192,0
2023-07-05,16051.6297,5.066770452,124.7210689,137.992703,0
2023-07-06,16055.28591,4.923765082,126.4426117,137.9861201,0
2023-07-07,16062.07379,5.354054338,126.4650868,137.0433609,0
2023-07-08,16064.38829,5.478351158,126.1623246,137.9696677,0
2023-07-09,16068.6962,4.60700527,129.7432994,131.6916451,0
2023-07-10,16071.33916,4.334383523,127.7423852,136.0552973,0
2023-07-11,16075.33004,4.081897313,127.6501724,137.0293242,0
2023-07-12,16079.58295,5.253995663,124.2241255,134.143292,1
2023-07-13,16085.3803,4.448316697,129.5588237,137.117129,0
2023-07-14,16087.89333,3.923554704,125.8691019,135.8352747,0
2023-07-15,16093.45938,5.194289302,128.5306116,139.6555261,0
2023-07-16,16101.17583,6.246499759,129.0321265,139.1916444,0
2023-07-17,16102.9132,4.996964544,131.2688154,135.0157467,0
2023-07-18,16104.6656,5.419245387,126.0034817,135.5482075,0
2023-07-19,16111.86759,5.040914679,122.6592195,135.6053343,1
2023-07-20,16112.7974,4.950555173,129.1465583,134.7541275,0
2023-07-21,16113.68661,5.459538241,132.4639867,135.9526329,0
2023-07-22,16119.89696,4.854862728,131.4284465,133.9521233,0
2023-07-23,16122.32284,5.133696157,129.4609398,133.1145775,0
2023-07-24,16129.51375,5.160848903,128.1528857,136.5294156,0
2023-07-25,16134.40708,4.665954773,130.8484011,136.4523492,0
2023-07-26,16141.87775,5.496021175,127.3885118,133.4951146,0
2023-07-27,16143.33456,4.912520122,130.393207,136.8061193,0
2023-07-28,16146.39959,4.62212742,130.5597454,133.6651682,0
2023-07-29,16152.65498,5.268254922,131.7809508,135.3488684,0
2023-07-30,16150.73363,4.550766009,135.2949743,136.3987852,0
2023-07-31,16159.78825,5.014090579,130.6789904,134.6078217,0
2023-08-01,16165.02131,4.995440502,128.9980989,135.5029138,0
2023-08-02,16164.68644,5.542947783,130.0900902,133.480438,0
2023-08-03,16174.09668,5.237349116,126.7316247,134.0417538,1
2023-08-04,16176.65329,4.987486521,129.012192,133.9459258,0
2023-08-05,16179.31446,5.40888315,129.7181771,132.7890569,0
2023-08-06,16185.581,5.695103775,129.6269476,133.8548884,0
2023-08-07,16193.02891,5.278905153,131.1214508,131.0391197,0
2023-08-08,16193.02508,5.00517631,129.3167265,133.0837066,0
2023-08-09,16197.3334,4.344081884,133.3516351,133.4277004,0
2023-08-10,16200.09566,4.467443168,131.2611495,133.4183493,0
2023-08-11,16203.49398,4.847387648,131.3964216,133.3828319,0
2023-08-12,16211.03553,4.695243899,130.9166151,133.6793165,0
2023-08-13,16211.84582,4.906514349,132.0432324,134.7006853,0
2023-08-14,16217.88623,5.028324962,133.5465262,135.4317714,0
2023-08-15,16220.9749,5.264846377,130.3285469,132.3261575,0
2023-08-16,16227.07735,4.964750611,130.9160165,131.16429,0
2023-08-17,16230.97798,5.243250822,131.7971691,131.4336963,0
2023-08-18,16236.57912,5.032237207,129.8881439,132.4925985,0
2023-08-19,16237.67956,4.012266717,131.1194904,132.7145422,0
2023-08-20,16242.35759,4.530332303,131.9865022,131.8319693,0
2023-08-21,16245.13979,4.927956222,134.8714381,130.735535,0
2023-08-22,16250.41097,4.395152629,133.8342361,132.3735974,0
2023-08-23,16256.25869,5.299964365,133.8854434,133.6090596,0
2023-08-24,16261.22494,5.765375416,135.3918641,134.3989614,0
2023-08-25,16262.07586,5.609380926,133.6097404,132.0591127,0
2023-08-26,16269.87102,4.893278565,134.8623967,132.3154106,0
2023-08-27,16275.05712,5.745363068,134.0745288,131.257878,0
2023-08-28,16277.3892,5.074333729,135.0136787,133.0207151,0
2023-08-29,16284.53489,4.831457014,133.5218483,131.3615341,0
2023-08-30,16283.4552,4.693298668,130.0165251,134.1819517,0
2023-08-31,16286.73747,4.848765157,134.8347288,129.4438018,0
2023-09-01,16289.89591,4.805911591,138.1601958,132.2786745,0
2023-09-02,16300.6746,5.085208111,137.3807775,133.5851336,0
2023-09-03,16303.223,5.080286991,137.6749728,133.3381838,0
2023-09-04,16306.0375,5.00152301,138.4344029,138.3468128,0
2023-09-05,16310.94567,5.218469085,136.3595005,133.6532344,0
2023-09-06,16312.37449,5.595323137,136.7988877,130.9410948,0
2023-09-07,16323.75942,5.474777068,135.3929969,132.7565474,0
2023-09-08,16323.37152,4.257551016,136.2221185,129.3959784,0
2023-09-09,16327.57978,3.723039433,138.3136341,132.79101,0
2023-09-10,16333.06319,5.467159956,139.7194965,131.2925985,0
2023-09-11,16336.82713,4.316560651,137.2642228,134.7987733,0
2023-09-12,16340.56913,4.887617299,136.8758195,131.880993,0
2023-09-13,16342.79948,4.414943487,138.0119741,132.761438,0
2023-09-14,16349.58526,4.099009781,139.4496311,131.7415818,0
2023-09-15,16356.67112,5.270731364,135.5973279,136.5109744,1
2023-09-16,16359.86552,5.37957758,134.1319569,132.4142211,0
2023-09-17,16364.63153,4.7117448,137.863928,136.7481299,0
2023-09-18,16364.69609,3.704478854,136.7656012,134.7405153,0
2023-09-19,16368.01558,4.726877776,138.4340507,134.1084397,0
2023-09-20,16374.02239,5.195902003,139.3992951,133.9167762,0
2023-09-21,16378.6675,4.260544216,139.0340415,134.0048276,0
2023-09-22,16385.02946,5.09167996,143.0922521,129.4027393,0
2023-09-23,16383.7441,4.992345075,141.0886189,132.7441057,0
2023-09-24,16394.47904,5.28964575,141.2848614,135.0389206,0
2023-09-25,16395.39777,5.059790184,142.1780181,133.3004929,0
2023-09-26,16399.15683,4.51346553,138.9064734,130.6405463,1
2023-09-27,16402.28616,5.598285751,143.5136798,133.4017167,0
2023-09-28,16405.30339,4.920735213,141.5359612,136.9733009,1
2023-09-29,16414.56514,4.98634773,143.2811373,136.1204054,0
2023-09-30,16417.37411,4.53336602,140.0497362,133.5671157,0
2023-10-01,16418.9592,4.778358874,139.3397314,135.6614952,0
2023-10-02,16423.26357,4.557598643,144.3372854,133.0960267,0
2023-10-03,16429.49975,4.91352697,143.7089761,130.4947126,0
2023-10-04,16437.82991,5.85585424,141.4070338,132.1299081,0
2023-10-05,16438.29621,4.314049429,141.7270541,137.183969,0
2023-10-06,16440.13559,4.193219301,145.9726915,133.5925205,0
2023-10-07,16446.97984,5.735585164,141.5985727,133.7390137,0
2023-10-08,16451.25828,4.895338161,147.5183843,133.7143351,0
2023-10-09,16450.7453,4.665463631,142.6874408,138.2134634,0
2023-10-10,16460.36877,5.519952344,146.0210466,137.7512291,0
2023-10-11,16464.35672,4.69719223,144.3424773,139.0339274,0
2023-10-12,16470.55515,5.913004857,146.4613463,134.3782584,0
2023-10-13,16477.20772,5.338962936,144.4217411,135.3904965,0
2023-10-14,16480.11292,4.756044296,145.439056,131.8717679,0
2023-10-15,16481.67488,6.078654107,146.1007629,137.967623,0
2023-10-16,16484.35536,4.697142538,144.2683774,132.7897798,0
2023-10-17,16496.07376,5.371047686,148.0077091,135.6733457,0
2023-10-18,16495.40696,5.14964629,145.7523568,133.1625026,0
2023-10-19,16499.68071,5.650870645,146.5736589,134.2995298,0
2023-10-20,16503.97175,5.780755598,145.2935217,133.925722,0
2023-10-21,16508.78613,5.016002075,142.4081378,134.510291,0
2023-10-22,16512.474,4.623291065,147.4004936,134.7763851,0
2023-10-23,16515.99094,5.229986071,152.8566198,134.8894585,0
2023-10-24,16520.42284,4.661142315,149.8484703,137.7867873,1
2023-10-25,16525.83208,6.006693624,148.4875838,134.0472557,0
2023-10-26,16529.19449,5.068267666,148.2460734,136.837644,0
2023-10-27,16533.24209,4.817339224,149.0613831,138.9747563,0
2023-10-28,16539.26976,5.092340153,150.3540699,135.6573972,0
2023-10-29,16542.93872,4.326436855,147.1403094,135.3955566,0
2023-10-30,16550.85107,4.514192981,151.971344,136.5205785,0
2023-10-31,16546.93815,5.600206954,151.4128308,139.4939161,0
2023-11-01,16558.82269,4.671552861,151.6563495,137.6780986,0
2023-11-02,16563.53399,4.476544509,151.3333223,136.3854263,0
2023-11-03,16561.29971,5.268326376,150.7304212,138.576107,0
2023-11-04,16569.16828,5.592852077,152.2700936,135.5667681,0
2023-11-05,16573.52042,5.359476655,152.339491,139.2995421,0
2023-11-06,16575.86036,5.498023843,150.6775245,138.9219515,0
2023-11-07,16581.53425,4.621602456,150.4663406,137.6594474,0
2023-11-08,16585.28561,4.289094667,152.0433343,136.7706036,0
2023-11-09,16595.43053,5.750666826,155.1618239,136.8494766,0
2023-11-10,16598.2189,4.838660081,,139.8698572,0
2023-11-11,16603.3145,4.874583492,,141.4378561,0
2023-11-12,16606.64083,5.664097071,,137.8872077,0
2023-11-13,16607.3677,5.278115005,,140.2627464,0
2023-11-14,16613.00728,5.227943886,,135.3582563,0
2023-11-15,16619.46772,6.082501172,,138.5515647,0
2023-11-16,16620.4795,4.678240885,,139.8492889,0
2023-11-17,16628.78661,5.463920064,,138.2847272,0
2023-11-18,16631.31886,5.028506562,,138.4258122,0
2023-11-19,16635.49078,5.134296139,,139.160003,0
2023-11-20,16642.10521,5.764234213,,141.2786529,0
2023-11-21,16646.01663,5.253917878,,140.5202443,0
2023-11-22,16648.85286,5.26914804,,136.6209649,0
2023-11-23,16656.342,5.536253669,,137.0604026,0
2023-11-24,16656.31157,4.817523635,,140.2942582,0
2023-11-25,16664.15769,4.580395166,,142.6313167,0
2023-11-26,16668.56588,4.477595403,,136.4306165,1
2023-11-27,16671.21612,4.016821705,,141.1375344,0
2023-11-28,16676.94466,6.028103565,,141.2975111,0
2023-11-29,16678.24895,4.448395817,,145.341295,0
2023-11-30,16687.05957,4.889373188,,142.0107456,0
2023-12-01,16689.30357,4.86159335,157.5239382,143.7644503,0
2023-12-02,16693.09125,5.153703349,154.3522976,143.5001388,0
2023-12-03,16700.69946,5.407868606,157.2318837,139.1770679,0
2023-12-04,16701.65888,5.430236744,157.8959481,145.1965708,0
2023-12-05,16704.7181,4.708461281,159.3373707,144.3142384,0
2023-12-06,16708.89051,4.916439143,160.3726286,145.1245593,0
2023-12-07,16717.68578,5.141289975,155.3327099,152.1863152,0
2023-12-08,16718.38408,4.875654437,155.8893818,140.3926263,0
2023-12-09,16728.92686,5.803672788,155.1409592,148.2384052,0
2023-12-10,16725.72684,5.245487476,157.3298863,144.4433766,0
2023-12-11,16737.75809,5.367438893,158.869221,145.8232415,0
2023-12-12,16739.2627,5.331440634,160.0464944,145.3888755,0
2023-12-13,16743.12368,5.586736929,158.0519638,144.8636995,0
2023-12-14,16746.70462,5.090510779,157.6929085,144.8056856,1
2023-12-15,16753.07094,4.351584026,158.7615334,146.8384066,0
2023-12-16,16756.67642,5.199843976,156.9098017,143.3798886,0
2023-12-17,16763.43807,4.674321553,162.8778727,148.151001,0
2023-12-18,16765.9404,4.735691659,155.5988009,146.0537706,0
2023-12-19,16770.4937,5.293182009,159.2955355,144.8629978,0
2023-12-20,16773.94763,5.619141536,163.0817867,146.460698,0
2023-12-21,16779.04328,5.010635788,159.1532684,150.1131695,0
2023-12-22,16784.2556,5.154416506,158.8612468,146.7668579,0
2023-12-23,16784.70295,5.851107472,158.6246404,148.7935515,0
2023-12-24,16789.91061,5.12037659,159.0734941,146.8542563,0
2023-12-25,16798.57756,6.300841557,162.2712513,150.0718948,0
2023-12-26,16801.91712,5.282754823,155.1896301,150.1672557,0
2023-12-27,16805.69204,4.11961862,162.7645369,152.7339027,0
2023-12-28,16810.58169,5.376670811,156.9305812,148.9262067,0
2023-12-29,16815.72496,5.190579192,159.3225232,150.8554473,0
2023-12-30,16818.43535,5.644876377,159.0711744,149.9551783,0
2023-12-31,16822.44339,5.336590676,161.1771065,152.5917436,1
